Year,Profesión,Situación laboral,Sexo,Territorio histórico,Units,Value
2021,,,,,Por 10.000 habitantes,173.7
2022,,Jubilados/as,,,Por 10.000 habitantes,14.8
2016,,Jubilados/as,,,Por 10.000 habitantes,8.2
2013,,Jubilados/as,,,Por 10.000 habitantes,6.2
2017,,No jubilados/as,,,Por 10.000 habitantes,151.9
2025,,No jubilados/as,,,Por 10.000 habitantes,165.5
2021,,No jubilados/as,,,Por 10.000 habitantes,159.5
2011,,Jubilados/as,,,Por 10.000 habitantes,5.4
2011,,,,,Por 10.000 habitantes,146.7
2012,,No jubilados/as,,,Por 10.000 habitantes,142.9
2015,,,,,Por 10.000 habitantes,156.8
2019,,Jubilados/as,,,Por 10.000 habitantes,11.7
2010,,Jubilados/as,,,Por 10.000 habitantes,4.9
2021,,Jubilados/as,,,Por 10.000 habitantes,14.0
2019,,No jubilados/as,,,Por 10.000 habitantes,154.2
2022,,,,,Por 10.000 habitantes,175.6
2011,,No jubilados/as,,,Por 10.000 habitantes,133.7
2010,,,,,Por 10.000 habitantes,143.1
2022,,No jubilados/as,,,Por 10.000 habitantes,160.7
2020,,Jubilados/as,,,Por 10.000 habitantes,12.8
2020,,,,,Por 10.000 habitantes,170.8
2023,,,,,Por 10.000 habitantes,186.6
2016,,No jubilados/as,,,Por 10.000 habitantes,150.8
2010,,No jubilados/as,,,Por 10.000 habitantes,138.0
2025,,Jubilados/as,,,Por 10.000 habitantes,26.2
2014,,Jubilados/as,,,Por 10.000 habitantes,6.6
2014,,,,,Por 10.000 habitantes,154.0
2012,,,,,Por 10.000 habitantes,149.2
2012,,Jubilados/as,,,Por 10.000 habitantes,6.0
2020,,No jubilados/as,,,Por 10.000 habitantes,157.8
2013,,,,,Por 10.000 habitantes,151.2
2023,,No jubilados/as,,,Por 10.000 habitantes,161.7
2019,,,,,Por 10.000 habitantes,166.1
2024,,Jubilados/as,,,Por 10.000 habitantes,24.3
2013,,No jubilados/as,,,Por 10.000 habitantes,144.7
2015,,No jubilados/as,,,Por 10.000 habitantes,149.1
2015,,Jubilados/as,,,Por 10.000 habitantes,7.4
2017,,,,,Por 10.000 habitantes,161.3
2024,,No jubilados/as,,,Por 10.000 habitantes,163.1
2017,,Jubilados/as,,,Por 10.000 habitantes,9.2
2018,,No jubilados/as,,,Por 10.000 habitantes,153.4
2024,,,,,Por 10.000 habitantes,187.4
2023,,Jubilados/as,,,Por 10.000 habitantes,24.9
2018,,,,,Por 10.000 habitantes,163.7
2014,,No jubilados/as,,,Por 10.000 habitantes,147.2
2016,,,,,Por 10.000 habitantes,159.2
2025,,,,,Por 10.000 habitantes,191.7
2018,,Jubilados/as,,,Por 10.000 habitantes,10.1
2015,,Jubilados/as,,Araba/Álava,Por 10.000 habitantes,7.4
2020,,No jubilados/as,,Araba/Álava,Por 10.000 habitantes,160.1
2024,,Jubilados/as,,Araba/Álava,Por 10.000 habitantes,16.0
2017,,No jubilados/as,,Araba/Álava,Por 10.000 habitantes,157.0
2017,,Jubilados/as,,Araba/Álava,Por 10.000 habitantes,9.5
2021,,No jubilados/as,,Araba/Álava,Por 10.000 habitantes,161.5
2023,,Jubilados/as,,Araba/Álava,Por 10.000 habitantes,15.1
2019,,Jubilados/as,,Araba/Álava,Por 10.000 habitantes,11.2
2013,,No jubilados/as,,Araba/Álava,Por 10.000 habitantes,150.2
2014,,No jubilados/as,,Araba/Álava,Por 10.000 habitantes,153.5
2020,,,,Araba/Álava,Por 10.000 habitantes,172.1
2016,,Jubilados/as,,Araba/Álava,Por 10.000 habitantes,8.6
2013,,Jubilados/as,,Araba/Álava,Por 10.000 habitantes,5.5
2022,,No jubilados/as,,Araba/Álava,Por 10.000 habitantes,161.4
2019,,,,Araba/Álava,Por 10.000 habitantes,168.9
2014,,,,Araba/Álava,Por 10.000 habitantes,159.4
2025,,Jubilados/as,,Araba/Álava,Por 10.000 habitantes,17.3
2021,,Jubilados/as,,Araba/Álava,Por 10.000 habitantes,12.6
2020,,Jubilados/as,,Araba/Álava,Por 10.000 habitantes,12.0
2025,,,,Araba/Álava,Por 10.000 habitantes,182.2
2010,,No jubilados/as,,Araba/Álava,Por 10.000 habitantes,141.0
2016,,No jubilados/as,,Araba/Álava,Por 10.000 habitantes,156.0
2015,,No jubilados/as,,Araba/Álava,Por 10.000 habitantes,154.7
2019,,No jubilados/as,,Araba/Álava,Por 10.000 habitantes,157.7
2017,,,,Araba/Álava,Por 10.000 habitantes,166.5
2021,,,,Araba/Álava,Por 10.000 habitantes,174.2
2024,,No jubilados/as,,Araba/Álava,Por 10.000 habitantes,162.7
2011,,Jubilados/as,,Araba/Álava,Por 10.000 habitantes,5.5
2010,,Jubilados/as,,Araba/Álava,Por 10.000 habitantes,4.7
2016,,,,Araba/Álava,Por 10.000 habitantes,164.6
2012,,Jubilados/as,,Araba/Álava,Por 10.000 habitantes,5.1
2014,,Jubilados/as,,Araba/Álava,Por 10.000 habitantes,5.9
2013,,,,Araba/Álava,Por 10.000 habitantes,155.7
2025,,No jubilados/as,,Araba/Álava,Por 10.000 habitantes,165.0
2024,,,,Araba/Álava,Por 10.000 habitantes,178.7
2022,,Jubilados/as,,Araba/Álava,Por 10.000 habitantes,14.1
2010,,,,Araba/Álava,Por 10.000 habitantes,145.9
2023,,,,Araba/Álava,Por 10.000 habitantes,176.9
2018,,No jubilados/as,,Araba/Álava,Por 10.000 habitantes,158.2
2011,,,,Araba/Álava,Por 10.000 habitantes,149.6
2023,,No jubilados/as,,Araba/Álava,Por 10.000 habitantes,161.8
2012,,No jubilados/as,,Araba/Álava,Por 10.000 habitantes,148.5
2011,,No jubilados/as,,Araba/Álava,Por 10.000 habitantes,138.2
2018,,,,Araba/Álava,Por 10.000 habitantes,168.3
2015,,,,Araba/Álava,Por 10.000 habitantes,162.1
2022,,,,Araba/Álava,Por 10.000 habitantes,175.5
2012,,,,Araba/Álava,Por 10.000 habitantes,153.7
2018,,Jubilados/as,,Araba/Álava,Por 10.000 habitantes,10.1
2010,,No jubilados/as,,Bizkaia,Por 10.000 habitantes,138.6
2022,,,,Bizkaia,Por 10.000 habitantes,181.0
2010,,Jubilados/as,,Bizkaia,Por 10.000 habitantes,5.4
2017,,No jubilados/as,,Bizkaia,Por 10.000 habitantes,155.6
2017,,Jubilados/as,,Bizkaia,Por 10.000 habitantes,9.0
2013,,,,Bizkaia,Por 10.000 habitantes,153.3
2025,,,,Bizkaia,Por 10.000 habitantes,191.4
2016,,,,Bizkaia,Por 10.000 habitantes,162.3
2022,,No jubilados/as,,Bizkaia,Por 10.000 habitantes,166.4
2023,,No jubilados/as,,Bizkaia,Por 10.000 habitantes,167.5
2024,,,,Bizkaia,Por 10.000 habitantes,187.2
2020,,No jubilados/as,,Bizkaia,Por 10.000 habitantes,162.5
2024,,Jubilados/as,,Bizkaia,Por 10.000 habitantes,18.0
2018,,,,Bizkaia,Por 10.000 habitantes,168.2
2011,,No jubilados/as,,Bizkaia,Por 10.000 habitantes,134.2
2018,,Jubilados/as,,Bizkaia,Por 10.000 habitantes,9.9
2025,,No jubilados/as,,Bizkaia,Por 10.000 habitantes,171.9
2022,,Jubilados/as,,Bizkaia,Por 10.000 habitantes,14.6
2014,,Jubilados/as,,Bizkaia,Por 10.000 habitantes,6.6
2013,,Jubilados/as,,Bizkaia,Por 10.000 habitantes,6.3
2020,,Jubilados/as,,Bizkaia,Por 10.000 habitantes,13.1
2025,,Jubilados/as,,Bizkaia,Por 10.000 habitantes,19.5
2021,,No jubilados/as,,Bizkaia,Por 10.000 habitantes,164.3
2021,,Jubilados/as,,Bizkaia,Por 10.000 habitantes,14.4
2015,,Jubilados/as,,Bizkaia,Por 10.000 habitantes,7.1
2014,,No jubilados/as,,Bizkaia,Por 10.000 habitantes,148.9
2015,,No jubilados/as,,Bizkaia,Por 10.000 habitantes,151.8
2011,,Jubilados/as,,Bizkaia,Por 10.000 habitantes,5.8
2014,,,,Bizkaia,Por 10.000 habitantes,156.0
2020,,,,Bizkaia,Por 10.000 habitantes,176.0
2013,,No jubilados/as,,Bizkaia,Por 10.000 habitantes,146.5
2012,,,,Bizkaia,Por 10.000 habitantes,150.9
2023,,Jubilados/as,,Bizkaia,Por 10.000 habitantes,16.8
2021,,,,Bizkaia,Por 10.000 habitantes,179.2
2024,,No jubilados/as,,Bizkaia,Por 10.000 habitantes,169.1
2019,,,,Bizkaia,Por 10.000 habitantes,170.8
2010,,,,Bizkaia,Por 10.000 habitantes,144.3
2017,,,,Bizkaia,Por 10.000 habitantes,165.0
2019,,No jubilados/as,,Bizkaia,Por 10.000 habitantes,158.6
2012,,Jubilados/as,,Bizkaia,Por 10.000 habitantes,6.3
2016,,No jubilados/as,,Bizkaia,Por 10.000 habitantes,154.0
2023,,,,Bizkaia,Por 10.000 habitantes,184.4
2018,,No jubilados/as,,Bizkaia,Por 10.000 habitantes,157.9
2016,,Jubilados/as,,Bizkaia,Por 10.000 habitantes,7.9
2011,,,,Bizkaia,Por 10.000 habitantes,148.2
2012,,No jubilados/as,,Bizkaia,Por 10.000 habitantes,144.2
2015,,,,Bizkaia,Por 10.000 habitantes,159.4
2019,,Jubilados/as,,Bizkaia,Por 10.000 habitantes,11.8
2010,,No jubilados/as,,Gipuzkoa,Por 10.000 habitantes,135.6
2023,,,,Gipuzkoa,Por 10.000 habitantes,194.7
2013,,No jubilados/as,,Gipuzkoa,Por 10.000 habitantes,139.4
2019,,Jubilados/as,,Gipuzkoa,Por 10.000 habitantes,11.7
2023,,Jubilados/as,,Gipuzkoa,Por 10.000 habitantes,42.3
2012,,,,Gipuzkoa,Por 10.000 habitantes,144.3
2025,,Jubilados/as,,Gipuzkoa,Por 10.000 habitantes,41.1
2015,,No jubilados/as,,Gipuzkoa,Por 10.000 habitantes,142.2
2018,,,,Gipuzkoa,Por 10.000 habitantes,154.3
2010,,Jubilados/as,,Gipuzkoa,Por 10.000 habitantes,4.4
2022,,Jubilados/as,,Gipuzkoa,Por 10.000 habitantes,15.6
2018,,No jubilados/as,,Gipuzkoa,Por 10.000 habitantes,144.0
2017,,,,Gipuzkoa,Por 10.000 habitantes,152.9
2014,,No jubilados/as,,Gipuzkoa,Por 10.000 habitantes,141.5
2014,,Jubilados/as,,Gipuzkoa,Por 10.000 habitantes,7.0
2022,,No jubilados/as,,Gipuzkoa,Por 10.000 habitantes,151.3
2024,,Jubilados/as,,Gipuzkoa,Por 10.000 habitantes,38.2
2013,,Jubilados/as,,Gipuzkoa,Por 10.000 habitantes,6.4
2021,,,,Gipuzkoa,Por 10.000 habitantes,164.7
2014,,,,Gipuzkoa,Por 10.000 habitantes,148.5
2020,,,,Gipuzkoa,Por 10.000 habitantes,161.9
2025,,No jubilados/as,,Gipuzkoa,Por 10.000 habitantes,155.5
2011,,Jubilados/as,,Gipuzkoa,Por 10.000 habitantes,4.6
2016,,No jubilados/as,,Gipuzkoa,Por 10.000 habitantes,143.3
2016,,Jubilados/as,,Gipuzkoa,Por 10.000 habitantes,8.6
2015,,,,Gipuzkoa,Por 10.000 habitantes,150.2
2013,,,,Gipuzkoa,Por 10.000 habitantes,145.8
2023,,No jubilados/as,,Gipuzkoa,Por 10.000 habitantes,152.4
2019,,,,Gipuzkoa,Por 10.000 habitantes,157.3
2018,,Jubilados/as,,Gipuzkoa,Por 10.000 habitantes,10.3
2019,,No jubilados/as,,Gipuzkoa,Por 10.000 habitantes,145.6
2020,,No jubilados/as,,Gipuzkoa,Por 10.000 habitantes,149.1
2022,,,,Gipuzkoa,Por 10.000 habitantes,167.0
2017,,No jubilados/as,,Gipuzkoa,Por 10.000 habitantes,143.5
2011,,No jubilados/as,,Gipuzkoa,Por 10.000 habitantes,130.7
2012,,No jubilados/as,,Gipuzkoa,Por 10.000 habitantes,138.3
2020,,Jubilados/as,,Gipuzkoa,Por 10.000 habitantes,12.8
2016,,,,Gipuzkoa,Por 10.000 habitantes,151.8
2025,,,,Gipuzkoa,Por 10.000 habitantes,196.6
2010,,,,Gipuzkoa,Por 10.000 habitantes,140.0
2024,,,,Gipuzkoa,Por 10.000 habitantes,191.8
2021,,Jubilados/as,,Gipuzkoa,Por 10.000 habitantes,14.0
2015,,Jubilados/as,,Gipuzkoa,Por 10.000 habitantes,8.0
2011,,,,Gipuzkoa,Por 10.000 habitantes,142.8
2017,,Jubilados/as,,Gipuzkoa,Por 10.000 habitantes,9.4
2021,,No jubilados/as,,Gipuzkoa,Por 10.000 habitantes,150.8
2024,,No jubilados/as,,Gipuzkoa,Por 10.000 habitantes,153.5
2012,,Jubilados/as,,Gipuzkoa,Por 10.000 habitantes,6.0
2017,,No jubilados/as,Mujer,,Por 10.000 habitantes,225.4
2010,,Jubilados/as,Mujer,,Por 10.000 habitantes,2.1
2024,,No jubilados/as,Mujer,,Por 10.000 habitantes,247.4
2017,,,Mujer,,Por 10.000 habitantes,231.4
2020,,Jubilados/as,Mujer,,Por 10.000 habitantes,8.9
2012,,Jubilados/as,Mujer,,Por 10.000 habitantes,2.8
2011,,Jubilados/as,Mujer,,Por 10.000 habitantes,2.7
2020,,,Mujer,,Por 10.000 habitantes,245.2
2023,,,Mujer,,Por 10.000 habitantes,271.4
2021,,,Mujer,,Por 10.000 habitantes,249.8
2021,,Jubilados/as,Mujer,,Por 10.000 habitantes,10.1
2012,,No jubilados/as,Mujer,,Por 10.000 habitantes,208.1
2013,,,Mujer,,Por 10.000 habitantes,215.2
2021,,No jubilados/as,Mujer,,Por 10.000 habitantes,239.3
2016,,Jubilados/as,Mujer,,Por 10.000 habitantes,4.8
2022,,,Mujer,,Por 10.000 habitantes,252.6
2014,,,Mujer,,Por 10.000 habitantes,219.8
2011,,,Mujer,,Por 10.000 habitantes,205.6
2011,,No jubilados/as,Mujer,,Por 10.000 habitantes,195.7
2018,,Jubilados/as,Mujer,,Por 10.000 habitantes,6.6
2016,,,Mujer,,Por 10.000 habitantes,228.0
2022,,No jubilados/as,Mujer,,Por 10.000 habitantes,241.7
2017,,Jubilados/as,Mujer,,Por 10.000 habitantes,5.7
2023,,No jubilados/as,Mujer,,Por 10.000 habitantes,244.4
2014,,No jubilados/as,Mujer,,Por 10.000 habitantes,216.1
2018,,No jubilados/as,Mujer,,Por 10.000 habitantes,228.0
2019,,,Mujer,,Por 10.000 habitantes,238.1
2013,,No jubilados/as,Mujer,,Por 10.000 habitantes,211.9
2016,,No jubilados/as,Mujer,,Por 10.000 habitantes,222.9
2020,,No jubilados/as,Mujer,,Por 10.000 habitantes,236.0
2015,,No jubilados/as,Mujer,,Por 10.000 habitantes,220.1
2015,,Jubilados/as,Mujer,,Por 10.000 habitantes,3.9
2022,,Jubilados/as,Mujer,,Por 10.000 habitantes,10.9
2012,,,Mujer,,Por 10.000 habitantes,211.3
2015,,,Mujer,,Por 10.000 habitantes,224.4
2018,,,Mujer,,Por 10.000 habitantes,234.8
2010,,No jubilados/as,Mujer,,Por 10.000 habitantes,198.8
2010,,,Mujer,,Por 10.000 habitantes,201.2
2025,,No jubilados/as,Mujer,,Por 10.000 habitantes,252.0
2025,,Jubilados/as,Mujer,,Por 10.000 habitantes,28.3
2019,,No jubilados/as,Mujer,,Por 10.000 habitantes,229.9
2013,,Jubilados/as,Mujer,,Por 10.000 habitantes,2.9
2024,,,Mujer,,Por 10.000 habitantes,273.3
2014,,Jubilados/as,Mujer,,Por 10.000 habitantes,3.2
2024,,Jubilados/as,Mujer,,Por 10.000 habitantes,25.9
2019,,Jubilados/as,Mujer,,Por 10.000 habitantes,7.9
2025,,,Mujer,,Por 10.000 habitantes,280.3
2023,,Jubilados/as,Mujer,,Por 10.000 habitantes,27.1
2016,,Jubilados/as,Mujer,Araba/Álava,Por 10.000 habitantes,4.8
2022,,No jubilados/as,Mujer,Araba/Álava,Por 10.000 habitantes,252.6
2010,,Jubilados/as,Mujer,Araba/Álava,Por 10.000 habitantes,2.3
2014,,No jubilados/as,Mujer,Araba/Álava,Por 10.000 habitantes,236.4
2021,,Jubilados/as,Mujer,Araba/Álava,Por 10.000 habitantes,8.3
2020,,No jubilados/as,Mujer,Araba/Álava,Por 10.000 habitantes,248.3
2010,,,Mujer,Araba/Álava,Por 10.000 habitantes,216.1
2021,,No jubilados/as,Mujer,Araba/Álava,Por 10.000 habitantes,250.6
2013,,Jubilados/as,Mujer,Araba/Álava,Por 10.000 habitantes,2.1
2015,,No jubilados/as,Mujer,Araba/Álava,Por 10.000 habitantes,238.9
2021,,,Mujer,Araba/Álava,Por 10.000 habitantes,258.9
2012,,,Mujer,Araba/Álava,Por 10.000 habitantes,229.9
2024,,,Mujer,Araba/Álava,Por 10.000 habitantes,267.6
2017,,,Mujer,Araba/Álava,Por 10.000 habitantes,248.5
2010,,No jubilados/as,Mujer,Araba/Álava,Por 10.000 habitantes,213.8
2011,,Jubilados/as,Mujer,Araba/Álava,Por 10.000 habitantes,3.8
2022,,,Mujer,Araba/Álava,Por 10.000 habitantes,262.2
2013,,,Mujer,Araba/Álava,Por 10.000 habitantes,233.0
2025,,No jubilados/as,Mujer,Araba/Álava,Por 10.000 habitantes,258.4
2022,,Jubilados/as,Mujer,Araba/Álava,Por 10.000 habitantes,9.6
2023,,No jubilados/as,Mujer,Araba/Álava,Por 10.000 habitantes,253.4
2011,,No jubilados/as,Mujer,Araba/Álava,Por 10.000 habitantes,212.9
2024,,No jubilados/as,Mujer,Araba/Álava,Por 10.000 habitantes,254.6
2011,,,Mujer,Araba/Álava,Por 10.000 habitantes,222.3
2025,,Jubilados/as,Mujer,Araba/Álava,Por 10.000 habitantes,14.7
2020,,,Mujer,Araba/Álava,Por 10.000 habitantes,256.1
2024,,Jubilados/as,Mujer,Araba/Álava,Por 10.000 habitantes,13.0
2016,,No jubilados/as,Mujer,Araba/Álava,Por 10.000 habitantes,241.4
2018,,No jubilados/as,Mujer,Araba/Álava,Por 10.000 habitantes,245.4
2017,,No jubilados/as,Mujer,Araba/Álava,Por 10.000 habitantes,243.2
2012,,No jubilados/as,Mujer,Araba/Álava,Por 10.000 habitantes,227.5
2013,,No jubilados/as,Mujer,Araba/Álava,Por 10.000 habitantes,230.8
2020,,Jubilados/as,Mujer,Araba/Álava,Por 10.000 habitantes,7.8
2023,,,Mujer,Araba/Álava,Por 10.000 habitantes,264.4
2025,,,Mujer,Araba/Álava,Por 10.000 habitantes,273.0
2019,,,Mujer,Araba/Álava,Por 10.000 habitantes,251.0
2016,,,Mujer,Araba/Álava,Por 10.000 habitantes,246.1
2018,,Jubilados/as,Mujer,Araba/Álava,Por 10.000 habitantes,5.9
2023,,Jubilados/as,Mujer,Araba/Álava,Por 10.000 habitantes,11.0
2019,,No jubilados/as,Mujer,Araba/Álava,Por 10.000 habitantes,243.8
2018,,,Mujer,Araba/Álava,Por 10.000 habitantes,251.2
2014,,Jubilados/as,Mujer,Araba/Álava,Por 10.000 habitantes,2.1
2015,,,Mujer,Araba/Álava,Por 10.000 habitantes,242.7
2015,,Jubilados/as,Mujer,Araba/Álava,Por 10.000 habitantes,3.9
2012,,Jubilados/as,Mujer,Araba/Álava,Por 10.000 habitantes,2.3
2014,,,Mujer,Araba/Álava,Por 10.000 habitantes,238.5
2017,,Jubilados/as,Mujer,Araba/Álava,Por 10.000 habitantes,5.4
2019,,Jubilados/as,Mujer,Araba/Álava,Por 10.000 habitantes,7.1
2019,,Jubilados/as,Mujer,Bizkaia,Por 10.000 habitantes,7.7
2018,,Jubilados/as,Mujer,Bizkaia,Por 10.000 habitantes,6.2
2023,,Jubilados/as,Mujer,Bizkaia,Por 10.000 habitantes,12.1
2025,,Jubilados/as,Mujer,Bizkaia,Por 10.000 habitantes,14.7
2011,,,Mujer,Bizkaia,Por 10.000 habitantes,202.2
2013,,Jubilados/as,Mujer,Bizkaia,Por 10.000 habitantes,2.8
2015,,No jubilados/as,Mujer,Bizkaia,Por 10.000 habitantes,216.9
2016,,Jubilados/as,Mujer,Bizkaia,Por 10.000 habitantes,4.4
2021,,,Mujer,Bizkaia,Por 10.000 habitantes,249.8
2014,,No jubilados/as,Mujer,Bizkaia,Por 10.000 habitantes,211.6
2023,,,Mujer,Bizkaia,Por 10.000 habitantes,257.4
2020,,,Mujer,Bizkaia,Por 10.000 habitantes,245.0
2010,,Jubilados/as,Mujer,Bizkaia,Por 10.000 habitantes,2.1
2011,,No jubilados/as,Mujer,Bizkaia,Por 10.000 habitantes,191.9
2010,,No jubilados/as,Mujer,Bizkaia,Por 10.000 habitantes,193.2
2020,,No jubilados/as,Mujer,Bizkaia,Por 10.000 habitantes,235.6
2018,,No jubilados/as,Mujer,Bizkaia,Por 10.000 habitantes,227.4
2021,,No jubilados/as,Mujer,Bizkaia,Por 10.000 habitantes,238.9
2025,,No jubilados/as,Mujer,Bizkaia,Por 10.000 habitantes,254.2
2023,,No jubilados/as,Mujer,Bizkaia,Por 10.000 habitantes,245.3
2014,,Jubilados/as,Mujer,Bizkaia,Por 10.000 habitantes,3.0
2020,,Jubilados/as,Mujer,Bizkaia,Por 10.000 habitantes,8.7
2012,,Jubilados/as,Mujer,Bizkaia,Por 10.000 habitantes,2.8
2022,,,Mujer,Bizkaia,Por 10.000 habitantes,252.7
2013,,No jubilados/as,Mujer,Bizkaia,Por 10.000 habitantes,207.9
2024,,Jubilados/as,Mujer,Bizkaia,Por 10.000 habitantes,13.2
2012,,,Mujer,Bizkaia,Por 10.000 habitantes,208.3
2016,,No jubilados/as,Mujer,Bizkaia,Por 10.000 habitantes,220.5
2017,,Jubilados/as,Mujer,Bizkaia,Por 10.000 habitantes,5.3
2018,,,Mujer,Bizkaia,Por 10.000 habitantes,234.2
2019,,No jubilados/as,Mujer,Bizkaia,Por 10.000 habitantes,229.6
2022,,No jubilados/as,Mujer,Bizkaia,Por 10.000 habitantes,242.7
2024,,,Mujer,Bizkaia,Por 10.000 habitantes,262.1
2015,,,Mujer,Bizkaia,Por 10.000 habitantes,221.2
2019,,,Mujer,Bizkaia,Por 10.000 habitantes,238.0
2021,,Jubilados/as,Mujer,Bizkaia,Por 10.000 habitantes,10.2
2014,,,Mujer,Bizkaia,Por 10.000 habitantes,215.4
2016,,,Mujer,Bizkaia,Por 10.000 habitantes,225.6
2017,,,Mujer,Bizkaia,Por 10.000 habitantes,229.7
2015,,Jubilados/as,Mujer,Bizkaia,Por 10.000 habitantes,3.5
2022,,Jubilados/as,Mujer,Bizkaia,Por 10.000 habitantes,10.0
2013,,,Mujer,Bizkaia,Por 10.000 habitantes,211.4
2025,,,Mujer,Bizkaia,Por 10.000 habitantes,268.9
2010,,,Mujer,Bizkaia,Por 10.000 habitantes,195.9
2012,,No jubilados/as,Mujer,Bizkaia,Por 10.000 habitantes,204.9
2017,,No jubilados/as,Mujer,Bizkaia,Por 10.000 habitantes,223.8
2011,,Jubilados/as,Mujer,Bizkaia,Por 10.000 habitantes,2.5
2024,,No jubilados/as,Mujer,Bizkaia,Por 10.000 habitantes,249.0
2017,,No jubilados/as,Mujer,Gipuzkoa,Por 10.000 habitantes,219.9
2013,,No jubilados/as,Mujer,Gipuzkoa,Por 10.000 habitantes,210.2
2017,,,Mujer,Gipuzkoa,Por 10.000 habitantes,226.3
2016,,Jubilados/as,Mujer,Gipuzkoa,Por 10.000 habitantes,5.4
2020,,Jubilados/as,Mujer,Gipuzkoa,Por 10.000 habitantes,9.6
2015,,Jubilados/as,Mujer,Gipuzkoa,Por 10.000 habitantes,4.7
2010,,No jubilados/as,Mujer,Gipuzkoa,Por 10.000 habitantes,201.3
2021,,No jubilados/as,Mujer,Gipuzkoa,Por 10.000 habitantes,234.7
2012,,,Mujer,Gipuzkoa,Por 10.000 habitantes,207.9
2023,,Jubilados/as,Mujer,Gipuzkoa,Por 10.000 habitantes,58.6
2022,,Jubilados/as,Mujer,Gipuzkoa,Por 10.000 habitantes,12.9
2014,,,Mujer,Gipuzkoa,Por 10.000 habitantes,218.5
2023,,No jubilados/as,Mujer,Gipuzkoa,Por 10.000 habitantes,238.7
2019,,No jubilados/as,Mujer,Gipuzkoa,Por 10.000 habitantes,224.0
2022,,,Mujer,Gipuzkoa,Por 10.000 habitantes,248.2
2010,,,Mujer,Gipuzkoa,Por 10.000 habitantes,203.3
2017,,Jubilados/as,Mujer,Gipuzkoa,Por 10.000 habitantes,6.4
2019,,Jubilados/as,Mujer,Gipuzkoa,Por 10.000 habitantes,8.6
2012,,Jubilados/as,Mujer,Gipuzkoa,Por 10.000 habitantes,3.2
2018,,,Mujer,Gipuzkoa,Por 10.000 habitantes,228.5
2012,,No jubilados/as,Mujer,Gipuzkoa,Por 10.000 habitantes,204.7
2015,,No jubilados/as,Mujer,Gipuzkoa,Por 10.000 habitantes,216.8
2023,,,Mujer,Gipuzkoa,Por 10.000 habitantes,297.3
2019,,,Mujer,Gipuzkoa,Por 10.000 habitantes,232.6
2010,,Jubilados/as,Mujer,Gipuzkoa,Por 10.000 habitantes,2.0
2013,,Jubilados/as,Mujer,Gipuzkoa,Por 10.000 habitantes,3.5
2015,,,Mujer,Gipuzkoa,Por 10.000 habitantes,221.5
2021,,,Mujer,Gipuzkoa,Por 10.000 habitantes,245.4
2025,,,Mujer,Gipuzkoa,Por 10.000 habitantes,302.1
2011,,,Mujer,Gipuzkoa,Por 10.000 habitantes,203.7
2016,,,Mujer,Gipuzkoa,Por 10.000 habitantes,223.9
2025,,No jubilados/as,Mujer,Gipuzkoa,Por 10.000 habitantes,245.6
2024,,No jubilados/as,Mujer,Gipuzkoa,Por 10.000 habitantes,241.7
2020,,No jubilados/as,Mujer,Gipuzkoa,Por 10.000 habitantes,231.0
2018,,No jubilados/as,Mujer,Gipuzkoa,Por 10.000 habitantes,221.0
2016,,No jubilados/as,Mujer,Gipuzkoa,Por 10.000 habitantes,218.5
2022,,No jubilados/as,Mujer,Gipuzkoa,Por 10.000 habitantes,235.2
2024,,Jubilados/as,Mujer,Gipuzkoa,Por 10.000 habitantes,52.4
2021,,Jubilados/as,Mujer,Gipuzkoa,Por 10.000 habitantes,10.7
2011,,No jubilados/as,Mujer,Gipuzkoa,Por 10.000 habitantes,194.4
2014,,Jubilados/as,Mujer,Gipuzkoa,Por 10.000 habitantes,4.0
2014,,No jubilados/as,Mujer,Gipuzkoa,Por 10.000 habitantes,214.5
2020,,,Mujer,Gipuzkoa,Por 10.000 habitantes,240.6
2013,,,Mujer,Gipuzkoa,Por 10.000 habitantes,213.6
2025,,Jubilados/as,Mujer,Gipuzkoa,Por 10.000 habitantes,56.6
2011,,Jubilados/as,Mujer,Gipuzkoa,Por 10.000 habitantes,2.4
2024,,,Mujer,Gipuzkoa,Por 10.000 habitantes,294.0
2018,,Jubilados/as,Mujer,Gipuzkoa,Por 10.000 habitantes,7.4
2013,,No jubilados/as,Hombre,,Por 10.000 habitantes,73.9
2015,,No jubilados/as,Hombre,,Por 10.000 habitantes,74.0
2022,,Jubilados/as,Hombre,,Por 10.000 habitantes,19.0
2017,,Jubilados/as,Hombre,,Por 10.000 habitantes,12.9
2013,,Jubilados/as,Hombre,,Por 10.000 habitantes,9.7
2020,,No jubilados/as,Hombre,,Por 10.000 habitantes,74.8
2017,,,Hombre,,Por 10.000 habitantes,86.8
2010,,Jubilados/as,Hombre,,Por 10.000 habitantes,7.9
2016,,No jubilados/as,Hombre,,Por 10.000 habitantes,74.3
2023,,Jubilados/as,Hombre,,Por 10.000 habitantes,22.6
2015,,Jubilados/as,Hombre,,Por 10.000 habitantes,11.1
2025,,No jubilados/as,Hombre,,Por 10.000 habitantes,73.8
2014,,No jubilados/as,Hombre,,Por 10.000 habitantes,74.3
2016,,,Hombre,,Por 10.000 habitantes,86.3
2018,,Jubilados/as,Hombre,,Por 10.000 habitantes,13.8
2012,,,Hombre,,Por 10.000 habitantes,83.9
2019,,,Hombre,,Por 10.000 habitantes,89.7
2019,,No jubilados/as,Hombre,,Por 10.000 habitantes,73.9
2010,,,Hombre,,Por 10.000 habitantes,82.3
2013,,,Hombre,,Por 10.000 habitantes,83.6
2020,,Jubilados/as,Hombre,,Por 10.000 habitantes,17.0
2011,,Jubilados/as,Hombre,,Por 10.000 habitantes,8.2
2017,,No jubilados/as,Hombre,,Por 10.000 habitantes,73.9
2018,,No jubilados/as,Hombre,,Por 10.000 habitantes,74.3
2025,,,Hombre,,Por 10.000 habitantes,97.8
2014,,,Hombre,,Por 10.000 habitantes,84.6
2011,,,Hombre,,Por 10.000 habitantes,84.8
2023,,,Hombre,,Por 10.000 habitantes,96.6
2024,,No jubilados/as,Hombre,,Por 10.000 habitantes,73.6
2016,,Jubilados/as,Hombre,,Por 10.000 habitantes,11.9
2010,,No jubilados/as,Hombre,,Por 10.000 habitantes,74.2
2025,,Jubilados/as,Hombre,,Por 10.000 habitantes,24.0
2022,,No jubilados/as,Hombre,,Por 10.000 habitantes,74.7
2021,,No jubilados/as,Hombre,,Por 10.000 habitantes,74.7
2020,,,Hombre,,Por 10.000 habitantes,91.8
2015,,,Hombre,,Por 10.000 habitantes,85.2
2022,,,Hombre,,Por 10.000 habitantes,93.7
2019,,Jubilados/as,Hombre,,Por 10.000 habitantes,15.7
2024,,Jubilados/as,Hombre,,Por 10.000 habitantes,22.7
2023,,No jubilados/as,Hombre,,Por 10.000 habitantes,74.0
2021,,,Hombre,,Por 10.000 habitantes,92.9
2012,,No jubilados/as,Hombre,,Por 10.000 habitantes,74.4
2018,,,Hombre,,Por 10.000 habitantes,88.2
2021,,Jubilados/as,Hombre,,Por 10.000 habitantes,18.2
2014,,Jubilados/as,Hombre,,Por 10.000 habitantes,10.2
2024,,,Hombre,,Por 10.000 habitantes,96.3
2012,,Jubilados/as,Hombre,,Por 10.000 habitantes,9.4
2011,,No jubilados/as,Hombre,,Por 10.000 habitantes,68.5
2015,,Jubilados/as,Hombre,Araba/Álava,Por 10.000 habitantes,11.0
2020,,Jubilados/as,Hombre,Araba/Álava,Por 10.000 habitantes,16.3
2011,,,Hombre,Araba/Álava,Por 10.000 habitantes,76.3
2022,,,Hombre,Araba/Álava,Por 10.000 habitantes,85.6
2015,,No jubilados/as,Hombre,Araba/Álava,Por 10.000 habitantes,68.4
2010,,,Hombre,Araba/Álava,Por 10.000 habitantes,75.2
2016,,No jubilados/as,Hombre,Araba/Álava,Por 10.000 habitantes,68.1
2021,,,Hombre,Araba/Álava,Por 10.000 habitantes,86.3
2017,,No jubilados/as,Hombre,Araba/Álava,Por 10.000 habitantes,68.1
2024,,Jubilados/as,Hombre,Araba/Álava,Por 10.000 habitantes,19.2
2025,,No jubilados/as,Hombre,Araba/Álava,Por 10.000 habitantes,68.1
2010,,Jubilados/as,Hombre,Araba/Álava,Por 10.000 habitantes,7.2
2023,,,Hombre,Araba/Álava,Por 10.000 habitantes,86.2
2021,,No jubilados/as,Hombre,Araba/Álava,Por 10.000 habitantes,69.2
2014,,,Hombre,Araba/Álava,Por 10.000 habitantes,78.6
2012,,Jubilados/as,Hombre,Araba/Álava,Por 10.000 habitantes,8.0
2015,,,Hombre,Araba/Álava,Por 10.000 habitantes,79.4
2016,,,Hombre,Araba/Álava,Por 10.000 habitantes,80.6
2023,,No jubilados/as,Hombre,Araba/Álava,Por 10.000 habitantes,66.8
2025,,,Hombre,Araba/Álava,Por 10.000 habitantes,88.0
2024,,No jubilados/as,Hombre,Araba/Álava,Por 10.000 habitantes,67.3
2016,,Jubilados/as,Hombre,Araba/Álava,Por 10.000 habitantes,12.5
2017,,Jubilados/as,Hombre,Araba/Álava,Por 10.000 habitantes,13.7
2012,,,Hombre,Araba/Álava,Por 10.000 habitantes,76.3
2018,,Jubilados/as,Hombre,Araba/Álava,Por 10.000 habitantes,14.5
2014,,Jubilados/as,Hombre,Araba/Álava,Por 10.000 habitantes,9.7
2025,,Jubilados/as,Hombre,Araba/Álava,Por 10.000 habitantes,20.0
2018,,No jubilados/as,Hombre,Araba/Álava,Por 10.000 habitantes,68.1
2011,,No jubilados/as,Hombre,Araba/Álava,Por 10.000 habitantes,62.9
2011,,Jubilados/as,Hombre,Araba/Álava,Por 10.000 habitantes,7.2
2012,,No jubilados/as,Hombre,Araba/Álava,Por 10.000 habitantes,68.3
2017,,,Hombre,Araba/Álava,Por 10.000 habitantes,81.8
2019,,Jubilados/as,Hombre,Araba/Álava,Por 10.000 habitantes,15.3
2010,,No jubilados/as,Hombre,Araba/Álava,Por 10.000 habitantes,67.7
2022,,No jubilados/as,Hombre,Araba/Álava,Por 10.000 habitantes,66.9
2021,,Jubilados/as,Hombre,Araba/Álava,Por 10.000 habitantes,17.1
2019,,,Hombre,Araba/Álava,Por 10.000 habitantes,83.9
2013,,No jubilados/as,Hombre,Araba/Álava,Por 10.000 habitantes,67.9
2013,,,Hombre,Araba/Álava,Por 10.000 habitantes,77.0
2013,,Jubilados/as,Hombre,Araba/Álava,Por 10.000 habitantes,9.0
2014,,No jubilados/as,Hombre,Araba/Álava,Por 10.000 habitantes,68.9
2020,,No jubilados/as,Hombre,Araba/Álava,Por 10.000 habitantes,68.8
2018,,,Hombre,Araba/Álava,Por 10.000 habitantes,82.6
2020,,,Hombre,Araba/Álava,Por 10.000 habitantes,85.1
2023,,Jubilados/as,Hombre,Araba/Álava,Por 10.000 habitantes,19.4
2019,,No jubilados/as,Hombre,Araba/Álava,Por 10.000 habitantes,68.6
2022,,Jubilados/as,Hombre,Araba/Álava,Por 10.000 habitantes,18.7
2024,,,Hombre,Araba/Álava,Por 10.000 habitantes,86.5
2012,,Jubilados/as,Hombre,Bizkaia,Por 10.000 habitantes,10.1
2016,,,Hombre,Bizkaia,Por 10.000 habitantes,94.2
2024,,No jubilados/as,Hombre,Bizkaia,Por 10.000 habitantes,83.4
2021,,No jubilados/as,Hombre,Bizkaia,Por 10.000 habitantes,83.9
2022,,No jubilados/as,Hombre,Bizkaia,Por 10.000 habitantes,84.2
2014,,No jubilados/as,Hombre,Bizkaia,Por 10.000 habitantes,81.5
2015,,Jubilados/as,Hombre,Bizkaia,Por 10.000 habitantes,10.9
2015,,No jubilados/as,Hombre,Bizkaia,Por 10.000 habitantes,81.7
2025,,Jubilados/as,Hombre,Bizkaia,Por 10.000 habitantes,24.6
2018,,Jubilados/as,Hombre,Bizkaia,Por 10.000 habitantes,14.0
2025,,,Hombre,Bizkaia,Por 10.000 habitantes,108.2
2016,,Jubilados/as,Hombre,Bizkaia,Por 10.000 habitantes,11.7
2020,,,Hombre,Bizkaia,Por 10.000 habitantes,101.6
2014,,,Hombre,Bizkaia,Por 10.000 habitantes,92.2
2019,,,Hombre,Bizkaia,Por 10.000 habitantes,98.5
2017,,Jubilados/as,Hombre,Bizkaia,Por 10.000 habitantes,12.9
2012,,No jubilados/as,Hombre,Bizkaia,Por 10.000 habitantes,79.3
2013,,No jubilados/as,Hombre,Bizkaia,Por 10.000 habitantes,80.7
2017,,,Hombre,Bizkaia,Por 10.000 habitantes,95.2
2019,,Jubilados/as,Hombre,Bizkaia,Por 10.000 habitantes,16.3
2022,,Jubilados/as,Hombre,Bizkaia,Por 10.000 habitantes,19.5
2011,,Jubilados/as,Hombre,Bizkaia,Por 10.000 habitantes,9.3
2016,,No jubilados/as,Hombre,Bizkaia,Por 10.000 habitantes,82.3
2018,,,Hombre,Bizkaia,Por 10.000 habitantes,97.1
2021,,,Hombre,Bizkaia,Por 10.000 habitantes,102.9
2010,,No jubilados/as,Hombre,Bizkaia,Por 10.000 habitantes,80.3
2014,,Jubilados/as,Hombre,Bizkaia,Por 10.000 habitantes,10.5
2012,,,Hombre,Bizkaia,Por 10.000 habitantes,89.5
2021,,Jubilados/as,Hombre,Bizkaia,Por 10.000 habitantes,19.0
2010,,Jubilados/as,Hombre,Bizkaia,Por 10.000 habitantes,8.8
2022,,,Hombre,Bizkaia,Por 10.000 habitantes,103.7
2023,,,Hombre,Bizkaia,Por 10.000 habitantes,105.7
2024,,Jubilados/as,Hombre,Bizkaia,Por 10.000 habitantes,23.2
2011,,No jubilados/as,Hombre,Bizkaia,Por 10.000 habitantes,72.6
2013,,Jubilados/as,Hombre,Bizkaia,Por 10.000 habitantes,10.0
2020,,Jubilados/as,Hombre,Bizkaia,Por 10.000 habitantes,17.7
2015,,,Hombre,Bizkaia,Por 10.000 habitantes,92.9
2025,,No jubilados/as,Hombre,Bizkaia,Por 10.000 habitantes,83.6
2013,,,Hombre,Bizkaia,Por 10.000 habitantes,90.9
2018,,No jubilados/as,Hombre,Bizkaia,Por 10.000 habitantes,83.0
2024,,,Hombre,Bizkaia,Por 10.000 habitantes,106.6
2010,,,Hombre,Bizkaia,Por 10.000 habitantes,89.3
2017,,No jubilados/as,Hombre,Bizkaia,Por 10.000 habitantes,82.1
2020,,No jubilados/as,Hombre,Bizkaia,Por 10.000 habitantes,83.8
2011,,,Hombre,Bizkaia,Por 10.000 habitantes,90.5
2023,,Jubilados/as,Hombre,Bizkaia,Por 10.000 habitantes,21.9
2019,,No jubilados/as,Hombre,Bizkaia,Por 10.000 habitantes,82.1
2023,,No jubilados/as,Hombre,Bizkaia,Por 10.000 habitantes,83.8
2022,,Jubilados/as,Hombre,Gipuzkoa,Por 10.000 habitantes,18.4
2013,,Jubilados/as,Hombre,Gipuzkoa,Por 10.000 habitantes,9.4
2021,,No jubilados/as,Hombre,Gipuzkoa,Por 10.000 habitantes,62.9
2025,,No jubilados/as,Hombre,Gipuzkoa,Por 10.000 habitantes,61.1
2011,,No jubilados/as,Hombre,Gipuzkoa,Por 10.000 habitantes,64.5
2017,,,Hombre,Gipuzkoa,Por 10.000 habitantes,76.1
2013,,,Hombre,Gipuzkoa,Por 10.000 habitantes,75.1
2012,,Jubilados/as,Hombre,Gipuzkoa,Por 10.000 habitantes,9.0
2011,,Jubilados/as,Hombre,Gipuzkoa,Por 10.000 habitantes,6.8
2018,,Jubilados/as,Hombre,Gipuzkoa,Por 10.000 habitantes,13.3
2015,,,Hombre,Gipuzkoa,Por 10.000 habitantes,75.8
2018,,No jubilados/as,Hombre,Gipuzkoa,Por 10.000 habitantes,63.4
2017,,No jubilados/as,Hombre,Gipuzkoa,Por 10.000 habitantes,63.5
2010,,No jubilados/as,Hombre,Gipuzkoa,Por 10.000 habitantes,67.4
2014,,,Hombre,Gipuzkoa,Por 10.000 habitantes,75.5
2018,,,Hombre,Gipuzkoa,Por 10.000 habitantes,76.7
2019,,,Hombre,Gipuzkoa,Por 10.000 habitantes,78.5
2020,,,Hombre,Gipuzkoa,Por 10.000 habitantes,79.6
2023,,,Hombre,Gipuzkoa,Por 10.000 habitantes,87.1
2025,,Jubilados/as,Hombre,Gipuzkoa,Por 10.000 habitantes,24.9
2019,,Jubilados/as,Hombre,Gipuzkoa,Por 10.000 habitantes,14.9
2017,,Jubilados/as,Hombre,Gipuzkoa,Por 10.000 habitantes,12.6
2021,,,Hombre,Gipuzkoa,Por 10.000 habitantes,80.3
2012,,,Hombre,Gipuzkoa,Por 10.000 habitantes,78.3
2014,,Jubilados/as,Hombre,Gipuzkoa,Por 10.000 habitantes,10.0
2011,,,Hombre,Gipuzkoa,Por 10.000 habitantes,79.5
2022,,No jubilados/as,Hombre,Gipuzkoa,Por 10.000 habitantes,63.3
2020,,No jubilados/as,Hombre,Gipuzkoa,Por 10.000 habitantes,63.4
2014,,No jubilados/as,Hombre,Gipuzkoa,Por 10.000 habitantes,65.4
2019,,No jubilados/as,Hombre,Gipuzkoa,Por 10.000 habitantes,63.6
2023,,No jubilados/as,Hombre,Gipuzkoa,Por 10.000 habitantes,61.9
2015,,No jubilados/as,Hombre,Gipuzkoa,Por 10.000 habitantes,64.3
2012,,No jubilados/as,Hombre,Gipuzkoa,Por 10.000 habitantes,69.4
2024,,No jubilados/as,Hombre,Gipuzkoa,Por 10.000 habitantes,61.2
2025,,,Hombre,Gipuzkoa,Por 10.000 habitantes,86.0
2013,,No jubilados/as,Hombre,Gipuzkoa,Por 10.000 habitantes,65.7
2024,,,Hombre,Gipuzkoa,Por 10.000 habitantes,84.6
2010,,Jubilados/as,Hombre,Gipuzkoa,Por 10.000 habitantes,6.8
2016,,,Hombre,Gipuzkoa,Por 10.000 habitantes,76.5
2015,,Jubilados/as,Hombre,Gipuzkoa,Por 10.000 habitantes,11.5
2023,,Jubilados/as,Hombre,Gipuzkoa,Por 10.000 habitantes,25.3
2016,,No jubilados/as,Hombre,Gipuzkoa,Por 10.000 habitantes,64.6
2020,,Jubilados/as,Hombre,Gipuzkoa,Por 10.000 habitantes,16.2
2022,,,Hombre,Gipuzkoa,Por 10.000 habitantes,81.7
2021,,Jubilados/as,Hombre,Gipuzkoa,Por 10.000 habitantes,17.4
2024,,Jubilados/as,Hombre,Gipuzkoa,Por 10.000 habitantes,23.4
2016,,Jubilados/as,Hombre,Gipuzkoa,Por 10.000 habitantes,11.9
2010,,,Hombre,Gipuzkoa,Por 10.000 habitantes,74.2
2023,Médico/a,,,,Por 10.000 habitantes,71.8
2020,Médico/a,,,,Por 10.000 habitantes,67.1
2012,Médico/a,,,,Por 10.000 habitantes,57.1
2016,Médico/a,No jubilados/as,,,Por 10.000 habitantes,53.9
2019,Médico/a,No jubilados/as,,,Por 10.000 habitantes,54.8
2017,Médico/a,Jubilados/as,,,Por 10.000 habitantes,7.9
2017,Médico/a,,,,Por 10.000 habitantes,62.1
2023,Médico/a,No jubilados/as,,,Por 10.000 habitantes,57.1
2013,Médico/a,,,,Por 10.000 habitantes,58.2
2016,Médico/a,Jubilados/as,,,Por 10.000 habitantes,7.1
2025,Médico/a,No jubilados/as,,,Por 10.000 habitantes,58.3
2025,Médico/a,Jubilados/as,,,Por 10.000 habitantes,17.0
2019,Médico/a,Jubilados/as,,,Por 10.000 habitantes,10.3
2014,Médico/a,No jubilados/as,,,Por 10.000 habitantes,53.6
2013,Médico/a,No jubilados/as,,,Por 10.000 habitantes,53.1
2020,Médico/a,Jubilados/as,,,Por 10.000 habitantes,11.3
2017,Médico/a,No jubilados/as,,,Por 10.000 habitantes,54.1
2021,Médico/a,No jubilados/as,,,Por 10.000 habitantes,56.5
2015,Médico/a,No jubilados/as,,,Por 10.000 habitantes,53.7
2014,Médico/a,,,,Por 10.000 habitantes,59.3
2022,Médico/a,Jubilados/as,,,Por 10.000 habitantes,13.1
2015,Médico/a,,,,Por 10.000 habitantes,60.0
2010,Médico/a,No jubilados/as,,,Por 10.000 habitantes,50.2
2016,Médico/a,,,,Por 10.000 habitantes,61.0
2014,Médico/a,Jubilados/as,,,Por 10.000 habitantes,5.7
2015,Médico/a,Jubilados/as,,,Por 10.000 habitantes,6.3
2022,Médico/a,,,,Por 10.000 habitantes,70.3
2011,Médico/a,,,,Por 10.000 habitantes,55.6
2024,Médico/a,No jubilados/as,,,Por 10.000 habitantes,57.6
2018,Médico/a,No jubilados/as,,,Por 10.000 habitantes,54.6
2021,Médico/a,Jubilados/as,,,Por 10.000 habitantes,12.4
2023,Médico/a,Jubilados/as,,,Por 10.000 habitantes,14.7
2011,Médico/a,No jubilados/as,,,Por 10.000 habitantes,51.2
2013,Médico/a,Jubilados/as,,,Por 10.000 habitantes,5.2
2012,Médico/a,Jubilados/as,,,Por 10.000 habitantes,5.0
2024,Médico/a,Jubilados/as,,,Por 10.000 habitantes,15.7
2018,Médico/a,,,,Por 10.000 habitantes,63.4
2019,Médico/a,,,,Por 10.000 habitantes,65.0
2010,Médico/a,Jubilados/as,,,Por 10.000 habitantes,4.1
2022,Médico/a,No jubilados/as,,,Por 10.000 habitantes,57.1
2025,Médico/a,,,,Por 10.000 habitantes,75.4
2018,Médico/a,Jubilados/as,,,Por 10.000 habitantes,8.8
2020,Médico/a,No jubilados/as,,,Por 10.000 habitantes,55.8
2021,Médico/a,,,,Por 10.000 habitantes,68.9
2010,Médico/a,,,,Por 10.000 habitantes,54.3
2024,Médico/a,,,,Por 10.000 habitantes,73.2
2011,Médico/a,Jubilados/as,,,Por 10.000 habitantes,4.3
2012,Médico/a,No jubilados/as,,,Por 10.000 habitantes,52.1
2014,Médico/a,Jubilados/as,,Araba/Álava,Por 10.000 habitantes,5.3
2017,Médico/a,,,Araba/Álava,Por 10.000 habitantes,59.1
2015,Médico/a,Jubilados/as,,Araba/Álava,Por 10.000 habitantes,6.3
2023,Médico/a,,,Araba/Álava,Por 10.000 habitantes,64.7
2010,Médico/a,Jubilados/as,,Araba/Álava,Por 10.000 habitantes,3.7
2010,Médico/a,No jubilados/as,,Araba/Álava,Por 10.000 habitantes,47.9
2022,Médico/a,Jubilados/as,,Araba/Álava,Por 10.000 habitantes,13.0
2011,Médico/a,No jubilados/as,,Araba/Álava,Por 10.000 habitantes,49.8
2024,Médico/a,Jubilados/as,,Araba/Álava,Por 10.000 habitantes,14.2
2013,Médico/a,,,Araba/Álava,Por 10.000 habitantes,56.5
2024,Médico/a,No jubilados/as,,Araba/Álava,Por 10.000 habitantes,51.9
2022,Médico/a,No jubilados/as,,Araba/Álava,Por 10.000 habitantes,50.5
2017,Médico/a,Jubilados/as,,Araba/Álava,Por 10.000 habitantes,8.4
2014,Médico/a,No jubilados/as,,Araba/Álava,Por 10.000 habitantes,52.3
2013,Médico/a,Jubilados/as,,Araba/Álava,Por 10.000 habitantes,4.7
2015,Médico/a,No jubilados/as,,Araba/Álava,Por 10.000 habitantes,51.7
2020,Médico/a,,,Araba/Álava,Por 10.000 habitantes,61.3
2018,Médico/a,,,Araba/Álava,Por 10.000 habitantes,59.2
2012,Médico/a,No jubilados/as,,Araba/Álava,Por 10.000 habitantes,51.3
2025,Médico/a,No jubilados/as,,Araba/Álava,Por 10.000 habitantes,52.6
2016,Médico/a,No jubilados/as,,Araba/Álava,Por 10.000 habitantes,51.1
2018,Médico/a,Jubilados/as,,Araba/Álava,Por 10.000 habitantes,9.1
2019,Médico/a,No jubilados/as,,Araba/Álava,Por 10.000 habitantes,50.1
2019,Médico/a,Jubilados/as,,Araba/Álava,Por 10.000 habitantes,10.2
2010,Médico/a,,,Araba/Álava,Por 10.000 habitantes,51.6
2012,Médico/a,Jubilados/as,,Araba/Álava,Por 10.000 habitantes,4.0
2014,Médico/a,,,Araba/Álava,Por 10.000 habitantes,57.6
2025,Médico/a,Jubilados/as,,Araba/Álava,Por 10.000 habitantes,15.9
2017,Médico/a,No jubilados/as,,Araba/Álava,Por 10.000 habitantes,50.6
2015,Médico/a,,,Araba/Álava,Por 10.000 habitantes,57.9
2011,Médico/a,Jubilados/as,,Araba/Álava,Por 10.000 habitantes,3.7
2016,Médico/a,,,Araba/Álava,Por 10.000 habitantes,58.6
2021,Médico/a,No jubilados/as,,Araba/Álava,Por 10.000 habitantes,51.1
2019,Médico/a,,,Araba/Álava,Por 10.000 habitantes,60.3
2024,Médico/a,,,Araba/Álava,Por 10.000 habitantes,66.1
2020,Médico/a,No jubilados/as,,Araba/Álava,Por 10.000 habitantes,50.4
2013,Médico/a,No jubilados/as,,Araba/Álava,Por 10.000 habitantes,51.8
2016,Médico/a,Jubilados/as,,Araba/Álava,Por 10.000 habitantes,7.5
2011,Médico/a,,,Araba/Álava,Por 10.000 habitantes,53.4
2022,Médico/a,,,Araba/Álava,Por 10.000 habitantes,63.5
2023,Médico/a,No jubilados/as,,Araba/Álava,Por 10.000 habitantes,50.8
2021,Médico/a,,,Araba/Álava,Por 10.000 habitantes,62.6
2012,Médico/a,,,Araba/Álava,Por 10.000 habitantes,55.4
2020,Médico/a,Jubilados/as,,Araba/Álava,Por 10.000 habitantes,10.9
2025,Médico/a,,,Araba/Álava,Por 10.000 habitantes,68.5
2023,Médico/a,Jubilados/as,,Araba/Álava,Por 10.000 habitantes,13.8
2018,Médico/a,No jubilados/as,,Araba/Álava,Por 10.000 habitantes,50.2
2021,Médico/a,Jubilados/as,,Araba/Álava,Por 10.000 habitantes,11.5
2017,Médico/a,,,Bizkaia,Por 10.000 habitantes,66.2
2012,Médico/a,Jubilados/as,,Bizkaia,Por 10.000 habitantes,5.4
2019,Médico/a,No jubilados/as,,Bizkaia,Por 10.000 habitantes,59.1
2022,Médico/a,Jubilados/as,,Bizkaia,Por 10.000 habitantes,13.6
2012,Médico/a,,,Bizkaia,Por 10.000 habitantes,60.1
2013,Médico/a,No jubilados/as,,Bizkaia,Por 10.000 habitantes,56.1
2010,Médico/a,Jubilados/as,,Bizkaia,Por 10.000 habitantes,4.6
2020,Médico/a,,,Bizkaia,Por 10.000 habitantes,72.5
2018,Médico/a,No jubilados/as,,Bizkaia,Por 10.000 habitantes,59.1
2014,Médico/a,Jubilados/as,,Bizkaia,Por 10.000 habitantes,5.7
2010,Médico/a,,,Bizkaia,Por 10.000 habitantes,57.2
2020,Médico/a,No jubilados/as,,Bizkaia,Por 10.000 habitantes,60.4
2022,Médico/a,No jubilados/as,,Bizkaia,Por 10.000 habitantes,62.4
2017,Médico/a,Jubilados/as,,Bizkaia,Por 10.000 habitantes,8.0
2017,Médico/a,No jubilados/as,,Bizkaia,Por 10.000 habitantes,58.2
2025,Médico/a,Jubilados/as,,Bizkaia,Por 10.000 habitantes,18.3
2025,Médico/a,No jubilados/as,,Bizkaia,Por 10.000 habitantes,63.5
2016,Médico/a,,,Bizkaia,Por 10.000 habitantes,64.8
2014,Médico/a,No jubilados/as,,Bizkaia,Por 10.000 habitantes,56.8
2024,Médico/a,No jubilados/as,,Bizkaia,Por 10.000 habitantes,62.8
2019,Médico/a,Jubilados/as,,Bizkaia,Por 10.000 habitantes,10.9
2021,Médico/a,Jubilados/as,,Bizkaia,Por 10.000 habitantes,13.4
2021,Médico/a,No jubilados/as,,Bizkaia,Por 10.000 habitantes,61.1
2023,Médico/a,,,Bizkaia,Por 10.000 habitantes,78.0
2014,Médico/a,,,Bizkaia,Por 10.000 habitantes,62.6
2020,Médico/a,Jubilados/as,,Bizkaia,Por 10.000 habitantes,12.1
2024,Médico/a,,,Bizkaia,Por 10.000 habitantes,79.6
2015,Médico/a,,,Bizkaia,Por 10.000 habitantes,63.6
2015,Médico/a,Jubilados/as,,Bizkaia,Por 10.000 habitantes,6.3
2016,Médico/a,Jubilados/as,,Bizkaia,Por 10.000 habitantes,7.0
2012,Médico/a,No jubilados/as,,Bizkaia,Por 10.000 habitantes,54.7
2011,Médico/a,No jubilados/as,,Bizkaia,Por 10.000 habitantes,53.6
2025,Médico/a,,,Bizkaia,Por 10.000 habitantes,81.8
2011,Médico/a,Jubilados/as,,Bizkaia,Por 10.000 habitantes,4.9
2019,Médico/a,,,Bizkaia,Por 10.000 habitantes,70.0
2018,Médico/a,Jubilados/as,,Bizkaia,Por 10.000 habitantes,9.0
2021,Médico/a,,,Bizkaia,Por 10.000 habitantes,74.4
2023,Médico/a,No jubilados/as,,Bizkaia,Por 10.000 habitantes,62.3
2013,Médico/a,,,Bizkaia,Por 10.000 habitantes,61.5
2024,Médico/a,Jubilados/as,,Bizkaia,Por 10.000 habitantes,16.8
2023,Médico/a,Jubilados/as,,Bizkaia,Por 10.000 habitantes,15.7
2018,Médico/a,,,Bizkaia,Por 10.000 habitantes,68.1
2016,Médico/a,No jubilados/as,,Bizkaia,Por 10.000 habitantes,57.8
2015,Médico/a,No jubilados/as,,Bizkaia,Por 10.000 habitantes,57.3
2010,Médico/a,No jubilados/as,,Bizkaia,Por 10.000 habitantes,52.6
2011,Médico/a,,,Bizkaia,Por 10.000 habitantes,58.5
2022,Médico/a,,,Bizkaia,Por 10.000 habitantes,75.9
2013,Médico/a,Jubilados/as,,Bizkaia,Por 10.000 habitantes,5.4
2017,Médico/a,,,Gipuzkoa,Por 10.000 habitantes,56.9
2015,Médico/a,Jubilados/as,,Gipuzkoa,Por 10.000 habitantes,6.5
2025,Médico/a,Jubilados/as,,Gipuzkoa,Por 10.000 habitantes,15.6
2021,Médico/a,Jubilados/as,,Gipuzkoa,Por 10.000 habitantes,11.3
2017,Médico/a,Jubilados/as,,Gipuzkoa,Por 10.000 habitantes,7.6
2013,Médico/a,Jubilados/as,,Gipuzkoa,Por 10.000 habitantes,5.0
2023,Médico/a,,,Gipuzkoa,Por 10.000 habitantes,65.2
2015,Médico/a,,,Gipuzkoa,Por 10.000 habitantes,55.3
2011,Médico/a,Jubilados/as,,Gipuzkoa,Por 10.000 habitantes,3.7
2011,Médico/a,,,Gipuzkoa,Por 10.000 habitantes,51.8
2025,Médico/a,,,Gipuzkoa,Por 10.000 habitantes,68.3
2020,Médico/a,No jubilados/as,,Gipuzkoa,Por 10.000 habitantes,51.0
2024,Médico/a,No jubilados/as,,Gipuzkoa,Por 10.000 habitantes,51.9
2018,Médico/a,No jubilados/as,,Gipuzkoa,Por 10.000 habitantes,49.5
2021,Médico/a,No jubilados/as,,Gipuzkoa,Por 10.000 habitantes,51.7
2023,Médico/a,No jubilados/as,,Gipuzkoa,Por 10.000 habitantes,51.7
2016,Médico/a,No jubilados/as,,Gipuzkoa,Por 10.000 habitantes,49.0
2013,Médico/a,No jubilados/as,,Gipuzkoa,Por 10.000 habitantes,48.8
2010,Médico/a,No jubilados/as,,Gipuzkoa,Por 10.000 habitantes,47.3
2014,Médico/a,No jubilados/as,,Gipuzkoa,Por 10.000 habitantes,49.1
2020,Médico/a,,,Gipuzkoa,Por 10.000 habitantes,61.2
2022,Médico/a,,,Gipuzkoa,Por 10.000 habitantes,64.4
2016,Médico/a,,,Gipuzkoa,Por 10.000 habitantes,55.9
2014,Médico/a,,,Gipuzkoa,Por 10.000 habitantes,54.8
2014,Médico/a,Jubilados/as,,Gipuzkoa,Por 10.000 habitantes,5.7
2013,Médico/a,,,Gipuzkoa,Por 10.000 habitantes,53.8
2018,Médico/a,,,Gipuzkoa,Por 10.000 habitantes,57.9
2012,Médico/a,,,Gipuzkoa,Por 10.000 habitantes,52.9
2022,Médico/a,Jubilados/as,,Gipuzkoa,Por 10.000 habitantes,12.5
2024,Médico/a,,,Gipuzkoa,Por 10.000 habitantes,66.3
2010,Médico/a,,,Gipuzkoa,Por 10.000 habitantes,50.9
2012,Médico/a,Jubilados/as,,Gipuzkoa,Por 10.000 habitantes,4.7
2012,Médico/a,No jubilados/as,,Gipuzkoa,Por 10.000 habitantes,48.2
2019,Médico/a,No jubilados/as,,Gipuzkoa,Por 10.000 habitantes,49.9
2020,Médico/a,Jubilados/as,,Gipuzkoa,Por 10.000 habitantes,10.3
2016,Médico/a,Jubilados/as,,Gipuzkoa,Por 10.000 habitantes,6.9
2010,Médico/a,Jubilados/as,,Gipuzkoa,Por 10.000 habitantes,3.5
2025,Médico/a,No jubilados/as,,Gipuzkoa,Por 10.000 habitantes,52.7
2023,Médico/a,Jubilados/as,,Gipuzkoa,Por 10.000 habitantes,13.5
2015,Médico/a,No jubilados/as,,Gipuzkoa,Por 10.000 habitantes,48.9
2011,Médico/a,No jubilados/as,,Gipuzkoa,Por 10.000 habitantes,47.9
2017,Médico/a,No jubilados/as,,Gipuzkoa,Por 10.000 habitantes,49.3
2021,Médico/a,,,Gipuzkoa,Por 10.000 habitantes,63.0
2024,Médico/a,Jubilados/as,,Gipuzkoa,Por 10.000 habitantes,14.4
2019,Médico/a,,,Gipuzkoa,Por 10.000 habitantes,59.3
2018,Médico/a,Jubilados/as,,Gipuzkoa,Por 10.000 habitantes,8.3
2022,Médico/a,No jubilados/as,,Gipuzkoa,Por 10.000 habitantes,51.8
2019,Médico/a,Jubilados/as,,Gipuzkoa,Por 10.000 habitantes,9.4
2012,Médico/a,Jubilados/as,Mujer,,Por 10.000 habitantes,1.8
2023,Médico/a,No jubilados/as,Mujer,,Por 10.000 habitantes,70.1
2019,Médico/a,,Mujer,,Por 10.000 habitantes,69.4
2012,Médico/a,No jubilados/as,Mujer,,Por 10.000 habitantes,55.0
2011,Médico/a,Jubilados/as,Mujer,,Por 10.000 habitantes,1.4
2015,Médico/a,,Mujer,,Por 10.000 habitantes,61.6
2025,Médico/a,Jubilados/as,Mujer,,Por 10.000 habitantes,12.8
2023,Médico/a,Jubilados/as,Mujer,,Por 10.000 habitantes,10.2
2013,Médico/a,No jubilados/as,Mujer,,Por 10.000 habitantes,56.8
2013,Médico/a,Jubilados/as,Mujer,,Por 10.000 habitantes,1.8
2022,Médico/a,,Mujer,,Por 10.000 habitantes,77.7
2011,Médico/a,No jubilados/as,Mujer,,Por 10.000 habitantes,52.9
2015,Médico/a,Jubilados/as,Mujer,,Por 10.000 habitantes,2.7
2020,Médico/a,Jubilados/as,Mujer,,Por 10.000 habitantes,7.0
2016,Médico/a,Jubilados/as,Mujer,,Por 10.000 habitantes,3.4
2023,Médico/a,,Mujer,,Por 10.000 habitantes,80.3
2010,Médico/a,Jubilados/as,Mujer,,Por 10.000 habitantes,1.1
2022,Médico/a,Jubilados/as,Mujer,,Por 10.000 habitantes,8.8
2014,Médico/a,No jubilados/as,Mujer,,Por 10.000 habitantes,57.9
2018,Médico/a,No jubilados/as,Mujer,,Por 10.000 habitantes,61.9
2017,Médico/a,No jubilados/as,Mujer,,Por 10.000 habitantes,60.7
2020,Médico/a,No jubilados/as,Mujer,,Por 10.000 habitantes,65.5
2015,Médico/a,No jubilados/as,Mujer,,Por 10.000 habitantes,58.9
2011,Médico/a,,Mujer,,Por 10.000 habitantes,54.3
2021,Médico/a,No jubilados/as,Mujer,,Por 10.000 habitantes,67.3
2024,Médico/a,,Mujer,,Por 10.000 habitantes,82.8
2017,Médico/a,Jubilados/as,Mujer,,Por 10.000 habitantes,4.2
2024,Médico/a,Jubilados/as,Mujer,,Por 10.000 habitantes,11.2
2010,Médico/a,,Mujer,,Por 10.000 habitantes,52.3
2010,Médico/a,No jubilados/as,Mujer,,Por 10.000 habitantes,51.2
2018,Médico/a,,Mujer,,Por 10.000 habitantes,66.9
2024,Médico/a,No jubilados/as,Mujer,,Por 10.000 habitantes,71.6
2014,Médico/a,Jubilados/as,Mujer,,Por 10.000 habitantes,2.2
2020,Médico/a,,Mujer,,Por 10.000 habitantes,72.5
2021,Médico/a,,Mujer,,Por 10.000 habitantes,75.4
2019,Médico/a,No jubilados/as,Mujer,,Por 10.000 habitantes,63.2
2021,Médico/a,Jubilados/as,Mujer,,Por 10.000 habitantes,8.1
2012,Médico/a,,Mujer,,Por 10.000 habitantes,56.8
2017,Médico/a,,Mujer,,Por 10.000 habitantes,64.9
2019,Médico/a,Jubilados/as,Mujer,,Por 10.000 habitantes,6.3
2013,Médico/a,,Mujer,,Por 10.000 habitantes,58.6
2014,Médico/a,,Mujer,,Por 10.000 habitantes,60.1
2016,Médico/a,,Mujer,,Por 10.000 habitantes,63.1
2025,Médico/a,No jubilados/as,Mujer,,Por 10.000 habitantes,73.4
2016,Médico/a,No jubilados/as,Mujer,,Por 10.000 habitantes,59.7
2022,Médico/a,No jubilados/as,Mujer,,Por 10.000 habitantes,68.9
2025,Médico/a,,Mujer,,Por 10.000 habitantes,86.1
2018,Médico/a,Jubilados/as,Mujer,,Por 10.000 habitantes,4.9
2025,Médico/a,No jubilados/as,Mujer,Araba/Álava,Por 10.000 habitantes,68.5
2021,Médico/a,,Mujer,Araba/Álava,Por 10.000 habitantes,70.3
2018,Médico/a,No jubilados/as,Mujer,Araba/Álava,Por 10.000 habitantes,59.7
2016,Médico/a,No jubilados/as,Mujer,Araba/Álava,Por 10.000 habitantes,60.1
2011,Médico/a,No jubilados/as,Mujer,Araba/Álava,Por 10.000 habitantes,54.0
2018,Médico/a,Jubilados/as,Mujer,Araba/Álava,Por 10.000 habitantes,4.4
2017,Médico/a,Jubilados/as,Mujer,Araba/Álava,Por 10.000 habitantes,3.9
2017,Médico/a,,Mujer,Araba/Álava,Por 10.000 habitantes,63.4
2012,Médico/a,No jubilados/as,Mujer,Araba/Álava,Por 10.000 habitantes,56.9
2014,Médico/a,Jubilados/as,Mujer,Araba/Álava,Por 10.000 habitantes,1.4
2025,Médico/a,Jubilados/as,Mujer,Araba/Álava,Por 10.000 habitantes,12.3
2010,Médico/a,No jubilados/as,Mujer,Araba/Álava,Por 10.000 habitantes,51.8
2016,Médico/a,Jubilados/as,Mujer,Araba/Álava,Por 10.000 habitantes,3.2
2015,Médico/a,No jubilados/as,Mujer,Araba/Álava,Por 10.000 habitantes,59.7
2021,Médico/a,No jubilados/as,Mujer,Araba/Álava,Por 10.000 habitantes,63.6
2016,Médico/a,,Mujer,Araba/Álava,Por 10.000 habitantes,63.3
2020,Médico/a,,Mujer,Araba/Álava,Por 10.000 habitantes,67.6
2023,Médico/a,,Mujer,Araba/Álava,Por 10.000 habitantes,74.2
2022,Médico/a,,Mujer,Araba/Álava,Por 10.000 habitantes,72.0
2012,Médico/a,,Mujer,Araba/Álava,Por 10.000 habitantes,57.5
2019,Médico/a,,Mujer,Araba/Álava,Por 10.000 habitantes,65.8
2011,Médico/a,,Mujer,Araba/Álava,Por 10.000 habitantes,54.7
2010,Médico/a,,Mujer,Araba/Álava,Por 10.000 habitantes,52.4
2018,Médico/a,,Mujer,Araba/Álava,Por 10.000 habitantes,64.0
2013,Médico/a,Jubilados/as,Mujer,Araba/Álava,Por 10.000 habitantes,0.7
2022,Médico/a,Jubilados/as,Mujer,Araba/Álava,Por 10.000 habitantes,8.0
2019,Médico/a,Jubilados/as,Mujer,Araba/Álava,Por 10.000 habitantes,5.8
2023,Médico/a,No jubilados/as,Mujer,Araba/Álava,Por 10.000 habitantes,65.2
2010,Médico/a,Jubilados/as,Mujer,Araba/Álava,Por 10.000 habitantes,0.6
2024,Médico/a,Jubilados/as,Mujer,Araba/Álava,Por 10.000 habitantes,9.9
2015,Médico/a,Jubilados/as,Mujer,Araba/Álava,Por 10.000 habitantes,2.1
2023,Médico/a,Jubilados/as,Mujer,Araba/Álava,Por 10.000 habitantes,9.0
2024,Médico/a,,Mujer,Araba/Álava,Por 10.000 habitantes,77.3
2012,Médico/a,Jubilados/as,Mujer,Araba/Álava,Por 10.000 habitantes,0.6
2020,Médico/a,No jubilados/as,Mujer,Araba/Álava,Por 10.000 habitantes,61.3
2013,Médico/a,,Mujer,Araba/Álava,Por 10.000 habitantes,59.5
2011,Médico/a,Jubilados/as,Mujer,Araba/Álava,Por 10.000 habitantes,0.6
2013,Médico/a,No jubilados/as,Mujer,Araba/Álava,Por 10.000 habitantes,58.8
2021,Médico/a,Jubilados/as,Mujer,Araba/Álava,Por 10.000 habitantes,6.7
2022,Médico/a,No jubilados/as,Mujer,Araba/Álava,Por 10.000 habitantes,64.0
2017,Médico/a,No jubilados/as,Mujer,Araba/Álava,Por 10.000 habitantes,59.6
2019,Médico/a,No jubilados/as,Mujer,Araba/Álava,Por 10.000 habitantes,60.0
2025,Médico/a,,Mujer,Araba/Álava,Por 10.000 habitantes,80.8
2020,Médico/a,Jubilados/as,Mujer,Araba/Álava,Por 10.000 habitantes,6.3
2014,Médico/a,No jubilados/as,Mujer,Araba/Álava,Por 10.000 habitantes,59.6
2015,Médico/a,,Mujer,Araba/Álava,Por 10.000 habitantes,61.9
2024,Médico/a,No jubilados/as,Mujer,Araba/Álava,Por 10.000 habitantes,67.5
2014,Médico/a,,Mujer,Araba/Álava,Por 10.000 habitantes,61.0
2021,Médico/a,,Mujer,Bizkaia,Por 10.000 habitantes,79.8
2024,Médico/a,,Mujer,Bizkaia,Por 10.000 habitantes,88.0
2014,Médico/a,,Mujer,Bizkaia,Por 10.000 habitantes,62.4
2019,Médico/a,,Mujer,Bizkaia,Por 10.000 habitantes,73.7
2024,Médico/a,No jubilados/as,Mujer,Bizkaia,Por 10.000 habitantes,76.5
2016,Médico/a,No jubilados/as,Mujer,Bizkaia,Por 10.000 habitantes,62.9
2025,Médico/a,Jubilados/as,Mujer,Bizkaia,Por 10.000 habitantes,13.0
2022,Médico/a,,Mujer,Bizkaia,Por 10.000 habitantes,82.3
2013,Médico/a,No jubilados/as,Mujer,Bizkaia,Por 10.000 habitantes,59.3
2011,Médico/a,,Mujer,Bizkaia,Por 10.000 habitantes,56.4
2010,Médico/a,,Mujer,Bizkaia,Por 10.000 habitantes,54.4
2012,Médico/a,No jubilados/as,Mujer,Bizkaia,Por 10.000 habitantes,57.4
2019,Médico/a,Jubilados/as,Mujer,Bizkaia,Por 10.000 habitantes,6.5
2020,Médico/a,No jubilados/as,Mujer,Bizkaia,Por 10.000 habitantes,69.6
2017,Médico/a,No jubilados/as,Mujer,Bizkaia,Por 10.000 habitantes,64.2
2015,Médico/a,No jubilados/as,Mujer,Bizkaia,Por 10.000 habitantes,61.8
2014,Médico/a,No jubilados/as,Mujer,Bizkaia,Por 10.000 habitantes,60.4
2023,Médico/a,,Mujer,Bizkaia,Por 10.000 habitantes,85.3
2015,Médico/a,,Mujer,Bizkaia,Por 10.000 habitantes,64.3
2017,Médico/a,,Mujer,Bizkaia,Por 10.000 habitantes,68.3
2025,Médico/a,,Mujer,Bizkaia,Por 10.000 habitantes,91.5
2013,Médico/a,Jubilados/as,Mujer,Bizkaia,Por 10.000 habitantes,1.9
2017,Médico/a,Jubilados/as,Mujer,Bizkaia,Por 10.000 habitantes,4.1
2012,Médico/a,Jubilados/as,Mujer,Bizkaia,Por 10.000 habitantes,1.8
2021,Médico/a,Jubilados/as,Mujer,Bizkaia,Por 10.000 habitantes,8.7
2014,Médico/a,Jubilados/as,Mujer,Bizkaia,Por 10.000 habitantes,2.0
2016,Médico/a,Jubilados/as,Mujer,Bizkaia,Por 10.000 habitantes,3.3
2018,Médico/a,Jubilados/as,Mujer,Bizkaia,Por 10.000 habitantes,5.0
2022,Médico/a,Jubilados/as,Mujer,Bizkaia,Por 10.000 habitantes,8.7
2024,Médico/a,Jubilados/as,Mujer,Bizkaia,Por 10.000 habitantes,11.6
2010,Médico/a,Jubilados/as,Mujer,Bizkaia,Por 10.000 habitantes,1.2
2011,Médico/a,Jubilados/as,Mujer,Bizkaia,Por 10.000 habitantes,1.5
2025,Médico/a,No jubilados/as,Mujer,Bizkaia,Por 10.000 habitantes,78.5
2020,Médico/a,Jubilados/as,Mujer,Bizkaia,Por 10.000 habitantes,7.5
2023,Médico/a,Jubilados/as,Mujer,Bizkaia,Por 10.000 habitantes,10.5
2023,Médico/a,No jubilados/as,Mujer,Bizkaia,Por 10.000 habitantes,74.8
2010,Médico/a,No jubilados/as,Mujer,Bizkaia,Por 10.000 habitantes,53.2
2018,Médico/a,No jubilados/as,Mujer,Bizkaia,Por 10.000 habitantes,65.7
2019,Médico/a,No jubilados/as,Mujer,Bizkaia,Por 10.000 habitantes,67.2
2011,Médico/a,No jubilados/as,Mujer,Bizkaia,Por 10.000 habitantes,54.9
2020,Médico/a,,Mujer,Bizkaia,Por 10.000 habitantes,77.1
2022,Médico/a,No jubilados/as,Mujer,Bizkaia,Por 10.000 habitantes,73.7
2015,Médico/a,Jubilados/as,Mujer,Bizkaia,Por 10.000 habitantes,2.5
2013,Médico/a,,Mujer,Bizkaia,Por 10.000 habitantes,61.1
2018,Médico/a,,Mujer,Bizkaia,Por 10.000 habitantes,70.7
2012,Médico/a,,Mujer,Bizkaia,Por 10.000 habitantes,59.2
2016,Médico/a,,Mujer,Bizkaia,Por 10.000 habitantes,66.2
2021,Médico/a,No jubilados/as,Mujer,Bizkaia,Por 10.000 habitantes,71.1
2025,Médico/a,Jubilados/as,Mujer,Gipuzkoa,Por 10.000 habitantes,12.6
2011,Médico/a,,Mujer,Gipuzkoa,Por 10.000 habitantes,50.8
2024,Médico/a,Jubilados/as,Mujer,Gipuzkoa,Por 10.000 habitantes,11.3
2022,Médico/a,Jubilados/as,Mujer,Gipuzkoa,Por 10.000 habitantes,9.3
2020,Médico/a,Jubilados/as,Mujer,Gipuzkoa,Por 10.000 habitantes,6.7
2019,Médico/a,Jubilados/as,Mujer,Gipuzkoa,Por 10.000 habitantes,6.1
2021,Médico/a,Jubilados/as,Mujer,Gipuzkoa,Por 10.000 habitantes,7.8
2018,Médico/a,Jubilados/as,Mujer,Gipuzkoa,Por 10.000 habitantes,5.2
2017,Médico/a,Jubilados/as,Mujer,Gipuzkoa,Por 10.000 habitantes,4.5
2023,Médico/a,Jubilados/as,Mujer,Gipuzkoa,Por 10.000 habitantes,10.3
2014,Médico/a,Jubilados/as,Mujer,Gipuzkoa,Por 10.000 habitantes,2.8
2012,Médico/a,Jubilados/as,Mujer,Gipuzkoa,Por 10.000 habitantes,2.2
2011,Médico/a,Jubilados/as,Mujer,Gipuzkoa,Por 10.000 habitantes,1.4
2024,Médico/a,No jubilados/as,Mujer,Gipuzkoa,Por 10.000 habitantes,65.5
2025,Médico/a,No jubilados/as,Mujer,Gipuzkoa,Por 10.000 habitantes,67.3
2023,Médico/a,No jubilados/as,Mujer,Gipuzkoa,Por 10.000 habitantes,64.8
2021,Médico/a,No jubilados/as,Mujer,Gipuzkoa,Por 10.000 habitantes,62.8
2017,Médico/a,No jubilados/as,Mujer,Gipuzkoa,Por 10.000 habitantes,55.6
2016,Médico/a,No jubilados/as,Mujer,Gipuzkoa,Por 10.000 habitantes,54.4
2019,Médico/a,No jubilados/as,Mujer,Gipuzkoa,Por 10.000 habitantes,58.1
2018,Médico/a,No jubilados/as,Mujer,Gipuzkoa,Por 10.000 habitantes,56.9
2020,Médico/a,No jubilados/as,Mujer,Gipuzkoa,Por 10.000 habitantes,60.7
2015,Médico/a,No jubilados/as,Mujer,Gipuzkoa,Por 10.000 habitantes,53.9
2013,Médico/a,Jubilados/as,Mujer,Gipuzkoa,Por 10.000 habitantes,2.3
2015,Médico/a,Jubilados/as,Mujer,Gipuzkoa,Por 10.000 habitantes,3.2
2010,Médico/a,No jubilados/as,Mujer,Gipuzkoa,Por 10.000 habitantes,47.7
2013,Médico/a,No jubilados/as,Mujer,Gipuzkoa,Por 10.000 habitantes,51.8
2011,Médico/a,No jubilados/as,Mujer,Gipuzkoa,Por 10.000 habitantes,49.1
2012,Médico/a,No jubilados/as,Mujer,Gipuzkoa,Por 10.000 habitantes,50.3
2016,Médico/a,,Mujer,Gipuzkoa,Por 10.000 habitantes,58.1
2016,Médico/a,Jubilados/as,Mujer,Gipuzkoa,Por 10.000 habitantes,3.8
2022,Médico/a,No jubilados/as,Mujer,Gipuzkoa,Por 10.000 habitantes,63.6
2012,Médico/a,,Mujer,Gipuzkoa,Por 10.000 habitantes,52.4
2018,Médico/a,,Mujer,Gipuzkoa,Por 10.000 habitantes,62.1
2015,Médico/a,,Mujer,Gipuzkoa,Por 10.000 habitantes,57.1
2017,Médico/a,,Mujer,Gipuzkoa,Por 10.000 habitantes,60.1
2010,Médico/a,,Mujer,Gipuzkoa,Por 10.000 habitantes,48.9
2022,Médico/a,,Mujer,Gipuzkoa,Por 10.000 habitantes,72.9
2025,Médico/a,,Mujer,Gipuzkoa,Por 10.000 habitantes,79.9
2019,Médico/a,,Mujer,Gipuzkoa,Por 10.000 habitantes,64.2
2021,Médico/a,,Mujer,Gipuzkoa,Por 10.000 habitantes,70.6
2020,Médico/a,,Mujer,Gipuzkoa,Por 10.000 habitantes,67.4
2010,Médico/a,Jubilados/as,Mujer,Gipuzkoa,Por 10.000 habitantes,1.1
2013,Médico/a,,Mujer,Gipuzkoa,Por 10.000 habitantes,54.1
2023,Médico/a,,Mujer,Gipuzkoa,Por 10.000 habitantes,75.0
2014,Médico/a,,Mujer,Gipuzkoa,Por 10.000 habitantes,55.7
2014,Médico/a,No jubilados/as,Mujer,Gipuzkoa,Por 10.000 habitantes,53.0
2024,Médico/a,,Mujer,Gipuzkoa,Por 10.000 habitantes,76.8
2016,Médico/a,Jubilados/as,Hombre,,Por 10.000 habitantes,10.9
2017,Médico/a,No jubilados/as,Hombre,,Por 10.000 habitantes,47.1
2013,Médico/a,Jubilados/as,Hombre,,Por 10.000 habitantes,8.7
2011,Médico/a,Jubilados/as,Hombre,,Por 10.000 habitantes,7.5
2016,Médico/a,No jubilados/as,Hombre,,Por 10.000 habitantes,47.8
2021,Médico/a,Jubilados/as,Hombre,,Por 10.000 habitantes,17.0
2022,Médico/a,Jubilados/as,Hombre,,Por 10.000 habitantes,17.8
2024,Médico/a,,Hombre,,Por 10.000 habitantes,63.1
2024,Médico/a,No jubilados/as,Hombre,,Por 10.000 habitantes,42.7
2024,Médico/a,Jubilados/as,Hombre,,Por 10.000 habitantes,20.4
2017,Médico/a,,Hombre,,Por 10.000 habitantes,59.1
2022,Médico/a,,Hombre,,Por 10.000 habitantes,62.3
2016,Médico/a,,Hombre,,Por 10.000 habitantes,58.7
2019,Médico/a,,Hombre,,Por 10.000 habitantes,60.4
2020,Médico/a,No jubilados/as,Hombre,,Por 10.000 habitantes,45.6
2015,Médico/a,,Hombre,,Por 10.000 habitantes,58.4
2014,Médico/a,Jubilados/as,Hombre,,Por 10.000 habitantes,9.3
2011,Médico/a,,Hombre,,Por 10.000 habitantes,56.9
2019,Médico/a,No jubilados/as,Hombre,,Por 10.000 habitantes,45.8
2023,Médico/a,No jubilados/as,Hombre,,Por 10.000 habitantes,43.3
2022,Médico/a,No jubilados/as,Hombre,,Por 10.000 habitantes,44.6
2025,Médico/a,No jubilados/as,Hombre,,Por 10.000 habitantes,42.4
2021,Médico/a,No jubilados/as,Hombre,,Por 10.000 habitantes,45.0
2023,Médico/a,Jubilados/as,Hombre,,Por 10.000 habitantes,19.4
2018,Médico/a,No jubilados/as,Hombre,,Por 10.000 habitantes,46.9
2020,Médico/a,Jubilados/as,Hombre,,Por 10.000 habitantes,15.8
2021,Médico/a,,Hombre,,Por 10.000 habitantes,62.0
2012,Médico/a,Jubilados/as,Hombre,,Por 10.000 habitantes,8.4
2019,Médico/a,Jubilados/as,Hombre,,Por 10.000 habitantes,14.6
2018,Médico/a,,Hombre,,Por 10.000 habitantes,59.7
2013,Médico/a,No jubilados/as,Hombre,,Por 10.000 habitantes,49.2
2025,Médico/a,Jubilados/as,Hombre,,Por 10.000 habitantes,21.6
2010,Médico/a,Jubilados/as,Hombre,,Por 10.000 habitantes,7.3
2025,Médico/a,,Hombre,,Por 10.000 habitantes,64.0
2011,Médico/a,No jubilados/as,Hombre,,Por 10.000 habitantes,49.4
2010,Médico/a,No jubilados/as,Hombre,,Por 10.000 habitantes,49.2
2023,Médico/a,,Hombre,,Por 10.000 habitantes,62.7
2013,Médico/a,,Hombre,,Por 10.000 habitantes,57.9
2015,Médico/a,Jubilados/as,Hombre,,Por 10.000 habitantes,10.2
2012,Médico/a,No jubilados/as,Hombre,,Por 10.000 habitantes,49.0
2014,Médico/a,No jubilados/as,Hombre,,Por 10.000 habitantes,49.2
2014,Médico/a,,Hombre,,Por 10.000 habitantes,58.5
2017,Médico/a,Jubilados/as,Hombre,,Por 10.000 habitantes,11.9
2020,Médico/a,,Hombre,,Por 10.000 habitantes,61.4
2012,Médico/a,,Hombre,,Por 10.000 habitantes,57.4
2018,Médico/a,Jubilados/as,Hombre,,Por 10.000 habitantes,12.8
2015,Médico/a,No jubilados/as,Hombre,,Por 10.000 habitantes,48.2
2010,Médico/a,,Hombre,,Por 10.000 habitantes,56.5
2017,Médico/a,,Hombre,Araba/Álava,Por 10.000 habitantes,54.6
2018,Médico/a,,Hombre,Araba/Álava,Por 10.000 habitantes,54.3
2019,Médico/a,No jubilados/as,Hombre,Araba/Álava,Por 10.000 habitantes,39.9
2020,Médico/a,No jubilados/as,Hombre,Araba/Álava,Por 10.000 habitantes,39.1
2018,Médico/a,No jubilados/as,Hombre,Araba/Álava,Por 10.000 habitantes,40.3
2010,Médico/a,No jubilados/as,Hombre,Araba/Álava,Por 10.000 habitantes,44.0
2022,Médico/a,,Hombre,Araba/Álava,Por 10.000 habitantes,54.7
2015,Médico/a,,Hombre,Araba/Álava,Por 10.000 habitantes,53.8
2025,Médico/a,Jubilados/as,Hombre,Araba/Álava,Por 10.000 habitantes,19.6
2013,Médico/a,Jubilados/as,Hombre,Araba/Álava,Por 10.000 habitantes,8.6
2011,Médico/a,Jubilados/as,Hombre,Araba/Álava,Por 10.000 habitantes,6.7
2016,Médico/a,,Hombre,Araba/Álava,Por 10.000 habitantes,53.8
2011,Médico/a,No jubilados/as,Hombre,Araba/Álava,Por 10.000 habitantes,45.5
2012,Médico/a,,Hombre,Araba/Álava,Por 10.000 habitantes,53.2
2022,Médico/a,Jubilados/as,Hombre,Araba/Álava,Por 10.000 habitantes,18.2
2019,Médico/a,,Hombre,Araba/Álava,Por 10.000 habitantes,54.7
2011,Médico/a,,Hombre,Araba/Álava,Por 10.000 habitantes,52.2
2025,Médico/a,No jubilados/as,Hombre,Araba/Álava,Por 10.000 habitantes,36.1
2021,Médico/a,Jubilados/as,Hombre,Araba/Álava,Por 10.000 habitantes,16.4
2025,Médico/a,,Hombre,Araba/Álava,Por 10.000 habitantes,55.7
2019,Médico/a,Jubilados/as,Hombre,Araba/Álava,Por 10.000 habitantes,14.7
2013,Médico/a,No jubilados/as,Hombre,Araba/Álava,Por 10.000 habitantes,44.8
2014,Médico/a,,Hombre,Araba/Álava,Por 10.000 habitantes,54.0
2024,Médico/a,,Hombre,Araba/Álava,Por 10.000 habitantes,54.4
2023,Médico/a,,Hombre,Araba/Álava,Por 10.000 habitantes,54.8
2021,Médico/a,No jubilados/as,Hombre,Araba/Álava,Por 10.000 habitantes,38.2
2017,Médico/a,No jubilados/as,Hombre,Araba/Álava,Por 10.000 habitantes,41.4
2010,Médico/a,Jubilados/as,Hombre,Araba/Álava,Por 10.000 habitantes,6.9
2015,Médico/a,No jubilados/as,Hombre,Araba/Álava,Por 10.000 habitantes,43.4
2022,Médico/a,No jubilados/as,Hombre,Araba/Álava,Por 10.000 habitantes,36.5
2024,Médico/a,No jubilados/as,Hombre,Araba/Álava,Por 10.000 habitantes,35.8
2014,Médico/a,No jubilados/as,Hombre,Araba/Álava,Por 10.000 habitantes,44.7
2023,Médico/a,No jubilados/as,Hombre,Araba/Álava,Por 10.000 habitantes,35.9
2024,Médico/a,Jubilados/as,Hombre,Araba/Álava,Por 10.000 habitantes,18.6
2016,Médico/a,Jubilados/as,Hombre,Araba/Álava,Por 10.000 habitantes,12.0
2012,Médico/a,Jubilados/as,Hombre,Araba/Álava,Por 10.000 habitantes,7.5
2016,Médico/a,No jubilados/as,Hombre,Araba/Álava,Por 10.000 habitantes,41.8
2023,Médico/a,Jubilados/as,Hombre,Araba/Álava,Por 10.000 habitantes,18.8
2017,Médico/a,Jubilados/as,Hombre,Araba/Álava,Por 10.000 habitantes,13.2
2015,Médico/a,Jubilados/as,Hombre,Araba/Álava,Por 10.000 habitantes,10.5
2018,Médico/a,Jubilados/as,Hombre,Araba/Álava,Por 10.000 habitantes,13.9
2014,Médico/a,Jubilados/as,Hombre,Araba/Álava,Por 10.000 habitantes,9.3
2012,Médico/a,No jubilados/as,Hombre,Araba/Álava,Por 10.000 habitantes,45.7
2020,Médico/a,,Hombre,Araba/Álava,Por 10.000 habitantes,54.8
2021,Médico/a,,Hombre,Araba/Álava,Por 10.000 habitantes,54.6
2010,Médico/a,,Hombre,Araba/Álava,Por 10.000 habitantes,50.9
2013,Médico/a,,Hombre,Araba/Álava,Por 10.000 habitantes,53.4
2020,Médico/a,Jubilados/as,Hombre,Araba/Álava,Por 10.000 habitantes,15.7
2020,Médico/a,,Hombre,Bizkaia,Por 10.000 habitantes,67.6
2010,Médico/a,,Hombre,Bizkaia,Por 10.000 habitantes,60.2
2023,Médico/a,Jubilados/as,Hombre,Bizkaia,Por 10.000 habitantes,21.2
2019,Médico/a,No jubilados/as,Hombre,Bizkaia,Por 10.000 habitantes,50.4
2018,Médico/a,,Hombre,Bizkaia,Por 10.000 habitantes,65.3
2016,Médico/a,,Hombre,Bizkaia,Por 10.000 habitantes,63.4
2012,Médico/a,,Hombre,Bizkaia,Por 10.000 habitantes,61.1
2017,Médico/a,No jubilados/as,Hombre,Bizkaia,Por 10.000 habitantes,51.7
2011,Médico/a,No jubilados/as,Hombre,Bizkaia,Por 10.000 habitantes,52.1
2010,Médico/a,No jubilados/as,Hombre,Bizkaia,Por 10.000 habitantes,52.1
2020,Médico/a,No jubilados/as,Hombre,Bizkaia,Por 10.000 habitantes,50.5
2016,Médico/a,No jubilados/as,Hombre,Bizkaia,Por 10.000 habitantes,52.4
2012,Médico/a,No jubilados/as,Hombre,Bizkaia,Por 10.000 habitantes,51.8
2022,Médico/a,No jubilados/as,Hombre,Bizkaia,Por 10.000 habitantes,50.2
2021,Médico/a,No jubilados/as,Hombre,Bizkaia,Por 10.000 habitantes,50.3
2025,Médico/a,No jubilados/as,Hombre,Bizkaia,Por 10.000 habitantes,47.4
2015,Médico/a,No jubilados/as,Hombre,Bizkaia,Por 10.000 habitantes,52.5
2013,Médico/a,No jubilados/as,Hombre,Bizkaia,Por 10.000 habitantes,52.7
2018,Médico/a,Jubilados/as,Hombre,Bizkaia,Por 10.000 habitantes,13.3
2020,Médico/a,Jubilados/as,Hombre,Bizkaia,Por 10.000 habitantes,17.1
2013,Médico/a,Jubilados/as,Hombre,Bizkaia,Por 10.000 habitantes,9.2
2016,Médico/a,Jubilados/as,Hombre,Bizkaia,Por 10.000 habitantes,11.0
2014,Médico/a,Jubilados/as,Hombre,Bizkaia,Por 10.000 habitantes,9.7
2018,Médico/a,No jubilados/as,Hombre,Bizkaia,Por 10.000 habitantes,52.0
2017,Médico/a,Jubilados/as,Hombre,Bizkaia,Por 10.000 habitantes,12.2
2019,Médico/a,Jubilados/as,Hombre,Bizkaia,Por 10.000 habitantes,15.6
2024,Médico/a,No jubilados/as,Hombre,Bizkaia,Por 10.000 habitantes,48.0
2021,Médico/a,Jubilados/as,Hombre,Bizkaia,Por 10.000 habitantes,18.3
2022,Médico/a,Jubilados/as,Hombre,Bizkaia,Por 10.000 habitantes,18.9
2023,Médico/a,No jubilados/as,Hombre,Bizkaia,Por 10.000 habitantes,48.8
2014,Médico/a,No jubilados/as,Hombre,Bizkaia,Por 10.000 habitantes,53.0
2015,Médico/a,Jubilados/as,Hombre,Bizkaia,Por 10.000 habitantes,10.3
2010,Médico/a,Jubilados/as,Hombre,Bizkaia,Por 10.000 habitantes,8.1
2011,Médico/a,Jubilados/as,Hombre,Bizkaia,Por 10.000 habitantes,8.6
2012,Médico/a,Jubilados/as,Hombre,Bizkaia,Por 10.000 habitantes,9.3
2019,Médico/a,,Hombre,Bizkaia,Por 10.000 habitantes,66.0
2015,Médico/a,,Hombre,Bizkaia,Por 10.000 habitantes,62.7
2025,Médico/a,,Hombre,Bizkaia,Por 10.000 habitantes,71.3
2014,Médico/a,,Hombre,Bizkaia,Por 10.000 habitantes,62.7
2011,Médico/a,,Hombre,Bizkaia,Por 10.000 habitantes,60.7
2024,Médico/a,,Hombre,Bizkaia,Por 10.000 habitantes,70.6
2025,Médico/a,Jubilados/as,Hombre,Bizkaia,Por 10.000 habitantes,23.9
2023,Médico/a,,Hombre,Bizkaia,Por 10.000 habitantes,70.1
2024,Médico/a,Jubilados/as,Hombre,Bizkaia,Por 10.000 habitantes,22.5
2017,Médico/a,,Hombre,Bizkaia,Por 10.000 habitantes,63.9
2013,Médico/a,,Hombre,Bizkaia,Por 10.000 habitantes,62.0
2022,Médico/a,,Hombre,Bizkaia,Por 10.000 habitantes,69.0
2021,Médico/a,,Hombre,Bizkaia,Por 10.000 habitantes,68.6
2014,Médico/a,No jubilados/as,Hombre,Gipuzkoa,Por 10.000 habitantes,45.1
2021,Médico/a,Jubilados/as,Hombre,Gipuzkoa,Por 10.000 habitantes,15.0
2019,Médico/a,,Hombre,Gipuzkoa,Por 10.000 habitantes,54.2
2011,Médico/a,Jubilados/as,Hombre,Gipuzkoa,Por 10.000 habitantes,6.0
2019,Médico/a,Jubilados/as,Hombre,Gipuzkoa,Por 10.000 habitantes,12.8
2012,Médico/a,Jubilados/as,Hombre,Gipuzkoa,Por 10.000 habitantes,7.3
2010,Médico/a,Jubilados/as,Hombre,Gipuzkoa,Por 10.000 habitantes,6.1
2015,Médico/a,Jubilados/as,Hombre,Gipuzkoa,Por 10.000 habitantes,9.8
2013,Médico/a,Jubilados/as,Hombre,Gipuzkoa,Por 10.000 habitantes,7.8
2024,Médico/a,Jubilados/as,Hombre,Gipuzkoa,Por 10.000 habitantes,17.8
2023,Médico/a,No jubilados/as,Hombre,Gipuzkoa,Por 10.000 habitantes,38.1
2014,Médico/a,Jubilados/as,Hombre,Gipuzkoa,Por 10.000 habitantes,8.7
2023,Médico/a,Jubilados/as,Hombre,Gipuzkoa,Por 10.000 habitantes,16.9
2022,Médico/a,Jubilados/as,Hombre,Gipuzkoa,Por 10.000 habitantes,15.9
2025,Médico/a,Jubilados/as,Hombre,Gipuzkoa,Por 10.000 habitantes,18.8
2023,Médico/a,,Hombre,Gipuzkoa,Por 10.000 habitantes,55.0
2016,Médico/a,,Hombre,Gipuzkoa,Por 10.000 habitantes,53.6
2024,Médico/a,,Hombre,Gipuzkoa,Por 10.000 habitantes,55.4
2012,Médico/a,,Hombre,Gipuzkoa,Por 10.000 habitantes,53.3
2010,Médico/a,,Hombre,Gipuzkoa,Por 10.000 habitantes,53.0
2014,Médico/a,,Hombre,Gipuzkoa,Por 10.000 habitantes,53.8
2013,Médico/a,,Hombre,Gipuzkoa,Por 10.000 habitantes,53.4
2022,Médico/a,,Hombre,Gipuzkoa,Por 10.000 habitantes,55.4
2011,Médico/a,,Hombre,Gipuzkoa,Por 10.000 habitantes,52.9
2020,Médico/a,,Hombre,Gipuzkoa,Por 10.000 habitantes,54.7
2017,Médico/a,,Hombre,Gipuzkoa,Por 10.000 habitantes,53.6
2021,Médico/a,,Hombre,Gipuzkoa,Por 10.000 habitantes,55.0
2025,Médico/a,,Hombre,Gipuzkoa,Por 10.000 habitantes,56.2
2018,Médico/a,,Hombre,Gipuzkoa,Por 10.000 habitantes,53.4
2015,Médico/a,,Hombre,Gipuzkoa,Por 10.000 habitantes,53.5
2011,Médico/a,No jubilados/as,Hombre,Gipuzkoa,Por 10.000 habitantes,46.7
2013,Médico/a,No jubilados/as,Hombre,Gipuzkoa,Por 10.000 habitantes,45.6
2010,Médico/a,No jubilados/as,Hombre,Gipuzkoa,Por 10.000 habitantes,46.9
2012,Médico/a,No jubilados/as,Hombre,Gipuzkoa,Por 10.000 habitantes,46.0
2017,Médico/a,No jubilados/as,Hombre,Gipuzkoa,Por 10.000 habitantes,42.6
2016,Médico/a,No jubilados/as,Hombre,Gipuzkoa,Por 10.000 habitantes,43.4
2015,Médico/a,No jubilados/as,Hombre,Gipuzkoa,Por 10.000 habitantes,43.7
2016,Médico/a,Jubilados/as,Hombre,Gipuzkoa,Por 10.000 habitantes,10.2
2020,Médico/a,Jubilados/as,Hombre,Gipuzkoa,Por 10.000 habitantes,13.9
2020,Médico/a,No jubilados/as,Hombre,Gipuzkoa,Por 10.000 habitantes,40.8
2019,Médico/a,No jubilados/as,Hombre,Gipuzkoa,Por 10.000 habitantes,41.4
2017,Médico/a,Jubilados/as,Hombre,Gipuzkoa,Por 10.000 habitantes,10.9
2025,Médico/a,No jubilados/as,Hombre,Gipuzkoa,Por 10.000 habitantes,37.4
2024,Médico/a,No jubilados/as,Hombre,Gipuzkoa,Por 10.000 habitantes,37.6
2022,Médico/a,No jubilados/as,Hombre,Gipuzkoa,Por 10.000 habitantes,39.5
2021,Médico/a,No jubilados/as,Hombre,Gipuzkoa,Por 10.000 habitantes,40.0
2018,Médico/a,No jubilados/as,Hombre,Gipuzkoa,Por 10.000 habitantes,41.8
2018,Médico/a,Jubilados/as,Hombre,Gipuzkoa,Por 10.000 habitantes,11.6
2022,Profesionales de enfermería y obstetricia,,,,Por 10.000 habitantes,79.6
2023,Profesionales de enfermería y obstetricia,No jubilados/as,,,Por 10.000 habitantes,80.8
2020,Profesionales de enfermería y obstetricia,Jubilados/as,,,Por 10.000 habitantes,0.1
2024,Profesionales de enfermería y obstetricia,Jubilados/as,,,Por 10.000 habitantes,6.7
2020,Profesionales de enfermería y obstetricia,,,,Por 10.000 habitantes,78.6
2021,Profesionales de enfermería y obstetricia,Jubilados/as,,,Por 10.000 habitantes,0.1
2025,Profesionales de enfermería y obstetricia,,,,Por 10.000 habitantes,90.5
2016,Profesionales de enfermería y obstetricia,No jubilados/as,,,Por 10.000 habitantes,74.5
2016,Profesionales de enfermería y obstetricia,,,,Por 10.000 habitantes,74.5
2018,Profesionales de enfermería y obstetricia,,,,Por 10.000 habitantes,75.8
2013,Profesionales de enfermería y obstetricia,Jubilados/as,,,Por 10.000 habitantes,0.1
2014,Profesionales de enfermería y obstetricia,Jubilados/as,,,Por 10.000 habitantes,0.0
2010,Profesionales de enfermería y obstetricia,No jubilados/as,,,Por 10.000 habitantes,67.9
2010,Profesionales de enfermería y obstetricia,Jubilados/as,,,Por 10.000 habitantes,0.1
2011,Profesionales de enfermería y obstetricia,,,,Por 10.000 habitantes,69.9
2015,Profesionales de enfermería y obstetricia,,,,Por 10.000 habitantes,73.6
2016,Profesionales de enfermería y obstetricia,Jubilados/as,,,Por 10.000 habitantes,0.1
2011,Profesionales de enfermería y obstetricia,Jubilados/as,,,Por 10.000 habitantes,0.2
2025,Profesionales de enfermería y obstetricia,No jubilados/as,,,Por 10.000 habitantes,83.4
2017,Profesionales de enfermería y obstetricia,Jubilados/as,,,Por 10.000 habitantes,0.0
2014,Profesionales de enfermería y obstetricia,,,,Por 10.000 habitantes,72.1
2012,Profesionales de enfermería y obstetricia,,,,Por 10.000 habitantes,70.4
2022,Profesionales de enfermería y obstetricia,Jubilados/as,,,Por 10.000 habitantes,0.1
2019,Profesionales de enfermería y obstetricia,,,,Por 10.000 habitantes,76.5
2024,Profesionales de enfermería y obstetricia,No jubilados/as,,,Por 10.000 habitantes,81.7
2015,Profesionales de enfermería y obstetricia,Jubilados/as,,,Por 10.000 habitantes,0.1
2023,Profesionales de enfermería y obstetricia,,,,Por 10.000 habitantes,89.2
2013,Profesionales de enfermería y obstetricia,,,,Por 10.000 habitantes,70.7
2018,Profesionales de enfermería y obstetricia,Jubilados/as,,,Por 10.000 habitantes,0.0
2021,Profesionales de enfermería y obstetricia,No jubilados/as,,,Por 10.000 habitantes,79.3
2018,Profesionales de enfermería y obstetricia,No jubilados/as,,,Por 10.000 habitantes,75.8
2010,Profesionales de enfermería y obstetricia,,,,Por 10.000 habitantes,68.0
2019,Profesionales de enfermería y obstetricia,No jubilados/as,,,Por 10.000 habitantes,76.5
2023,Profesionales de enfermería y obstetricia,Jubilados/as,,,Por 10.000 habitantes,8.4
2017,Profesionales de enfermería y obstetricia,No jubilados/as,,,Por 10.000 habitantes,75.1
2022,Profesionales de enfermería y obstetricia,No jubilados/as,,,Por 10.000 habitantes,79.5
2012,Profesionales de enfermería y obstetricia,Jubilados/as,,,Por 10.000 habitantes,0.1
2013,Profesionales de enfermería y obstetricia,No jubilados/as,,,Por 10.000 habitantes,70.7
2014,Profesionales de enfermería y obstetricia,No jubilados/as,,,Por 10.000 habitantes,72.1
2012,Profesionales de enfermería y obstetricia,No jubilados/as,,,Por 10.000 habitantes,70.3
2011,Profesionales de enfermería y obstetricia,No jubilados/as,,,Por 10.000 habitantes,69.7
2024,Profesionales de enfermería y obstetricia,,,,Por 10.000 habitantes,88.5
2019,Profesionales de enfermería y obstetricia,Jubilados/as,,,Por 10.000 habitantes,0.0
2025,Profesionales de enfermería y obstetricia,Jubilados/as,,,Por 10.000 habitantes,7.1
2020,Profesionales de enfermería y obstetricia,No jubilados/as,,,Por 10.000 habitantes,78.6
2021,Profesionales de enfermería y obstetricia,,,,Por 10.000 habitantes,79.4
2015,Profesionales de enfermería y obstetricia,No jubilados/as,,,Por 10.000 habitantes,73.5
2017,Profesionales de enfermería y obstetricia,,,,Por 10.000 habitantes,75.2
2023,Profesionales de enfermería y obstetricia,No jubilados/as,,Araba/Álava,Por 10.000 habitantes,88.5
2022,Profesionales de enfermería y obstetricia,No jubilados/as,,Araba/Álava,Por 10.000 habitantes,88.0
2018,Profesionales de enfermería y obstetricia,,,Araba/Álava,Por 10.000 habitantes,86.8
2021,Profesionales de enfermería y obstetricia,No jubilados/as,,Araba/Álava,Por 10.000 habitantes,88.1
2016,Profesionales de enfermería y obstetricia,Jubilados/as,,Araba/Álava,Por 10.000 habitantes,0.4
2024,Profesionales de enfermería y obstetricia,No jubilados/as,,Araba/Álava,Por 10.000 habitantes,87.7
2013,Profesionales de enfermería y obstetricia,,,Araba/Álava,Por 10.000 habitantes,78.5
2014,Profesionales de enfermería y obstetricia,No jubilados/as,,Araba/Álava,Por 10.000 habitantes,80.6
2016,Profesionales de enfermería y obstetricia,No jubilados/as,,Araba/Álava,Por 10.000 habitantes,83.5
2018,Profesionales de enfermería y obstetricia,No jubilados/as,,Araba/Álava,Por 10.000 habitantes,86.5
2020,Profesionales de enfermería y obstetricia,No jubilados/as,,Araba/Álava,Por 10.000 habitantes,87.2
2012,Profesionales de enfermería y obstetricia,No jubilados/as,,Araba/Álava,Por 10.000 habitantes,77.4
2011,Profesionales de enfermería y obstetricia,No jubilados/as,,Araba/Álava,Por 10.000 habitantes,75.1
2015,Profesionales de enfermería y obstetricia,No jubilados/as,,Araba/Álava,Por 10.000 habitantes,82.0
2019,Profesionales de enfermería y obstetricia,,,Araba/Álava,Por 10.000 habitantes,85.8
2015,Profesionales de enfermería y obstetricia,,,Araba/Álava,Por 10.000 habitantes,82.6
2023,Profesionales de enfermería y obstetricia,,,Araba/Álava,Por 10.000 habitantes,88.9
2011,Profesionales de enfermería y obstetricia,,,Araba/Álava,Por 10.000 habitantes,76.5
2012,Profesionales de enfermería y obstetricia,,,Araba/Álava,Por 10.000 habitantes,78.0
2022,Profesionales de enfermería y obstetricia,,,Araba/Álava,Por 10.000 habitantes,88.4
2010,Profesionales de enfermería y obstetricia,Jubilados/as,,Araba/Álava,Por 10.000 habitantes,0.6
2014,Profesionales de enfermería y obstetricia,Jubilados/as,,Araba/Álava,Por 10.000 habitantes,0.1
2021,Profesionales de enfermería y obstetricia,,,Araba/Álava,Por 10.000 habitantes,88.5
2019,Profesionales de enfermería y obstetricia,Jubilados/as,,Araba/Álava,Por 10.000 habitantes,0.2
2016,Profesionales de enfermería y obstetricia,,,Araba/Álava,Por 10.000 habitantes,83.9
2017,Profesionales de enfermería y obstetricia,No jubilados/as,,Araba/Álava,Por 10.000 habitantes,85.2
2014,Profesionales de enfermería y obstetricia,,,Araba/Álava,Por 10.000 habitantes,80.7
2023,Profesionales de enfermería y obstetricia,Jubilados/as,,Araba/Álava,Por 10.000 habitantes,0.4
2024,Profesionales de enfermería y obstetricia,Jubilados/as,,Araba/Álava,Por 10.000 habitantes,1.0
2017,Profesionales de enfermería y obstetricia,Jubilados/as,,Araba/Álava,Por 10.000 habitantes,0.2
2011,Profesionales de enfermería y obstetricia,Jubilados/as,,Araba/Álava,Por 10.000 habitantes,1.4
2012,Profesionales de enfermería y obstetricia,Jubilados/as,,Araba/Álava,Por 10.000 habitantes,0.6
2024,Profesionales de enfermería y obstetricia,,,Araba/Álava,Por 10.000 habitantes,88.7
2013,Profesionales de enfermería y obstetricia,No jubilados/as,,Araba/Álava,Por 10.000 habitantes,78.1
2015,Profesionales de enfermería y obstetricia,Jubilados/as,,Araba/Álava,Por 10.000 habitantes,0.5
2025,Profesionales de enfermería y obstetricia,No jubilados/as,,Araba/Álava,Por 10.000 habitantes,89.5
2020,Profesionales de enfermería y obstetricia,,,Araba/Álava,Por 10.000 habitantes,87.5
2019,Profesionales de enfermería y obstetricia,No jubilados/as,,Araba/Álava,Por 10.000 habitantes,85.6
2018,Profesionales de enfermería y obstetricia,Jubilados/as,,Araba/Álava,Por 10.000 habitantes,0.2
2020,Profesionales de enfermería y obstetricia,Jubilados/as,,Araba/Álava,Por 10.000 habitantes,0.4
2010,Profesionales de enfermería y obstetricia,No jubilados/as,,Araba/Álava,Por 10.000 habitantes,74.4
2021,Profesionales de enfermería y obstetricia,Jubilados/as,,Araba/Álava,Por 10.000 habitantes,0.4
2025,Profesionales de enfermería y obstetricia,Jubilados/as,,Araba/Álava,Por 10.000 habitantes,0.3
2010,Profesionales de enfermería y obstetricia,,,Araba/Álava,Por 10.000 habitantes,75.0
2022,Profesionales de enfermería y obstetricia,Jubilados/as,,Araba/Álava,Por 10.000 habitantes,0.4
2025,Profesionales de enfermería y obstetricia,,,Araba/Álava,Por 10.000 habitantes,89.8
2017,Profesionales de enfermería y obstetricia,,,Araba/Álava,Por 10.000 habitantes,85.5
2013,Profesionales de enfermería y obstetricia,Jubilados/as,,Araba/Álava,Por 10.000 habitantes,0.4
2017,Profesionales de enfermería y obstetricia,No jubilados/as,,Bizkaia,Por 10.000 habitantes,74.1
2011,Profesionales de enfermería y obstetricia,No jubilados/as,,Bizkaia,Por 10.000 habitantes,67.8
2015,Profesionales de enfermería y obstetricia,No jubilados/as,,Bizkaia,Por 10.000 habitantes,72.1
2010,Profesionales de enfermería y obstetricia,,,Bizkaia,Por 10.000 habitantes,65.4
2024,Profesionales de enfermería y obstetricia,,,Bizkaia,Por 10.000 habitantes,82.0
2013,Profesionales de enfermería y obstetricia,,,Bizkaia,Por 10.000 habitantes,69.0
2022,Profesionales de enfermería y obstetricia,No jubilados/as,,Bizkaia,Por 10.000 habitantes,79.3
2012,Profesionales de enfermería y obstetricia,,,Bizkaia,Por 10.000 habitantes,68.6
2021,Profesionales de enfermería y obstetricia,,,Bizkaia,Por 10.000 habitantes,79.0
2021,Profesionales de enfermería y obstetricia,No jubilados/as,,Bizkaia,Por 10.000 habitantes,79.0
2025,Profesionales de enfermería y obstetricia,No jubilados/as,,Bizkaia,Por 10.000 habitantes,84.0
2019,Profesionales de enfermería y obstetricia,No jubilados/as,,Bizkaia,Por 10.000 habitantes,75.8
2016,Profesionales de enfermería y obstetricia,No jubilados/as,,Bizkaia,Por 10.000 habitantes,73.2
2023,Profesionales de enfermería y obstetricia,,,Bizkaia,Por 10.000 habitantes,80.7
2010,Profesionales de enfermería y obstetricia,No jubilados/as,,Bizkaia,Por 10.000 habitantes,65.4
2020,Profesionales de enfermería y obstetricia,,,Bizkaia,Por 10.000 habitantes,78.2
2019,Profesionales de enfermería y obstetricia,,,Bizkaia,Por 10.000 habitantes,75.8
2017,Profesionales de enfermería y obstetricia,,,Bizkaia,Por 10.000 habitantes,74.1
2025,Profesionales de enfermería y obstetricia,,,Bizkaia,Por 10.000 habitantes,84.0
2018,Profesionales de enfermería y obstetricia,,,Bizkaia,Por 10.000 habitantes,75.1
2023,Profesionales de enfermería y obstetricia,No jubilados/as,,Bizkaia,Por 10.000 habitantes,80.7
2020,Profesionales de enfermería y obstetricia,No jubilados/as,,Bizkaia,Por 10.000 habitantes,78.2
2024,Profesionales de enfermería y obstetricia,No jubilados/as,,Bizkaia,Por 10.000 habitantes,82.0
2023,Profesionales de enfermería y obstetricia,Jubilados/as,,Bizkaia,Por 10.000 habitantes,0.0
2013,Profesionales de enfermería y obstetricia,No jubilados/as,,Bizkaia,Por 10.000 habitantes,69.0
2012,Profesionales de enfermería y obstetricia,No jubilados/as,,Bizkaia,Por 10.000 habitantes,68.6
2018,Profesionales de enfermería y obstetricia,No jubilados/as,,Bizkaia,Por 10.000 habitantes,75.1
2014,Profesionales de enfermería y obstetricia,,,Bizkaia,Por 10.000 habitantes,70.3
2011,Profesionales de enfermería y obstetricia,,,Bizkaia,Por 10.000 habitantes,67.8
2015,Profesionales de enfermería y obstetricia,,,Bizkaia,Por 10.000 habitantes,72.1
2016,Profesionales de enfermería y obstetricia,,,Bizkaia,Por 10.000 habitantes,73.2
2011,Profesionales de enfermería y obstetricia,Jubilados/as,,Bizkaia,Por 10.000 habitantes,0.0
2010,Profesionales de enfermería y obstetricia,Jubilados/as,,Bizkaia,Por 10.000 habitantes,0.0
2020,Profesionales de enfermería y obstetricia,Jubilados/as,,Bizkaia,Por 10.000 habitantes,0.0
2018,Profesionales de enfermería y obstetricia,Jubilados/as,,Bizkaia,Por 10.000 habitantes,0.0
2014,Profesionales de enfermería y obstetricia,Jubilados/as,,Bizkaia,Por 10.000 habitantes,0.0
2014,Profesionales de enfermería y obstetricia,No jubilados/as,,Bizkaia,Por 10.000 habitantes,70.3
2022,Profesionales de enfermería y obstetricia,Jubilados/as,,Bizkaia,Por 10.000 habitantes,0.0
2025,Profesionales de enfermería y obstetricia,Jubilados/as,,Bizkaia,Por 10.000 habitantes,0.0
2017,Profesionales de enfermería y obstetricia,Jubilados/as,,Bizkaia,Por 10.000 habitantes,0.0
2024,Profesionales de enfermería y obstetricia,Jubilados/as,,Bizkaia,Por 10.000 habitantes,0.0
2021,Profesionales de enfermería y obstetricia,Jubilados/as,,Bizkaia,Por 10.000 habitantes,0.0
2016,Profesionales de enfermería y obstetricia,Jubilados/as,,Bizkaia,Por 10.000 habitantes,0.0
2019,Profesionales de enfermería y obstetricia,Jubilados/as,,Bizkaia,Por 10.000 habitantes,0.0
2022,Profesionales de enfermería y obstetricia,,,Bizkaia,Por 10.000 habitantes,79.3
2013,Profesionales de enfermería y obstetricia,Jubilados/as,,Bizkaia,Por 10.000 habitantes,0.0
2012,Profesionales de enfermería y obstetricia,Jubilados/as,,Bizkaia,Por 10.000 habitantes,0.0
2015,Profesionales de enfermería y obstetricia,Jubilados/as,,Bizkaia,Por 10.000 habitantes,0.0
2018,Profesionales de enfermería y obstetricia,,,Gipuzkoa,Por 10.000 habitantes,72.0
2019,Profesionales de enfermería y obstetricia,Jubilados/as,,Gipuzkoa,Por 10.000 habitantes,0.0
2017,Profesionales de enfermería y obstetricia,,,Gipuzkoa,Por 10.000 habitantes,72.1
2024,Profesionales de enfermería y obstetricia,,,Gipuzkoa,Por 10.000 habitantes,98.6
2021,Profesionales de enfermería y obstetricia,No jubilados/as,,Gipuzkoa,Por 10.000 habitantes,75.7
2024,Profesionales de enfermería y obstetricia,No jubilados/as,,Gipuzkoa,Por 10.000 habitantes,78.4
2018,Profesionales de enfermería y obstetricia,No jubilados/as,,Gipuzkoa,Por 10.000 habitantes,72.0
2019,Profesionales de enfermería y obstetricia,No jubilados/as,,Gipuzkoa,Por 10.000 habitantes,73.4
2022,Profesionales de enfermería y obstetricia,No jubilados/as,,Gipuzkoa,Por 10.000 habitantes,76.0
2020,Profesionales de enfermería y obstetricia,No jubilados/as,,Gipuzkoa,Por 10.000 habitantes,75.2
2023,Profesionales de enfermería y obstetricia,No jubilados/as,,Gipuzkoa,Por 10.000 habitantes,77.2
2015,Profesionales de enfermería y obstetricia,No jubilados/as,,Gipuzkoa,Por 10.000 habitantes,71.9
2013,Profesionales de enfermería y obstetricia,No jubilados/as,,Gipuzkoa,Por 10.000 habitantes,69.9
2016,Profesionales de enfermería y obstetricia,No jubilados/as,,Gipuzkoa,Por 10.000 habitantes,72.4
2012,Profesionales de enfermería y obstetricia,No jubilados/as,,Gipuzkoa,Por 10.000 habitantes,69.9
2014,Profesionales de enfermería y obstetricia,No jubilados/as,,Gipuzkoa,Por 10.000 habitantes,71.2
2010,Profesionales de enfermería y obstetricia,No jubilados/as,,Gipuzkoa,Por 10.000 habitantes,69.0
2011,Profesionales de enfermería y obstetricia,No jubilados/as,,Gipuzkoa,Por 10.000 habitantes,70.5
2011,Profesionales de enfermería y obstetricia,,,Gipuzkoa,Por 10.000 habitantes,70.5
2013,Profesionales de enfermería y obstetricia,,,Gipuzkoa,Por 10.000 habitantes,69.9
2021,Profesionales de enfermería y obstetricia,,,Gipuzkoa,Por 10.000 habitantes,75.7
2015,Profesionales de enfermería y obstetricia,,,Gipuzkoa,Por 10.000 habitantes,71.9
2023,Profesionales de enfermería y obstetricia,,,Gipuzkoa,Por 10.000 habitantes,102.8
2019,Profesionales de enfermería y obstetricia,,,Gipuzkoa,Por 10.000 habitantes,73.4
2025,Profesionales de enfermería y obstetricia,No jubilados/as,,Gipuzkoa,Por 10.000 habitantes,79.5
2020,Profesionales de enfermería y obstetricia,,,Gipuzkoa,Por 10.000 habitantes,75.2
2016,Profesionales de enfermería y obstetricia,,,Gipuzkoa,Por 10.000 habitantes,72.4
2012,Profesionales de enfermería y obstetricia,,,Gipuzkoa,Por 10.000 habitantes,69.9
2010,Profesionales de enfermería y obstetricia,Jubilados/as,,Gipuzkoa,Por 10.000 habitantes,0.0
2022,Profesionales de enfermería y obstetricia,Jubilados/as,,Gipuzkoa,Por 10.000 habitantes,0.0
2018,Profesionales de enfermería y obstetricia,Jubilados/as,,Gipuzkoa,Por 10.000 habitantes,0.0
2014,Profesionales de enfermería y obstetricia,Jubilados/as,,Gipuzkoa,Por 10.000 habitantes,0.0
2025,Profesionales de enfermería y obstetricia,,,Gipuzkoa,Por 10.000 habitantes,101.1
2024,Profesionales de enfermería y obstetricia,Jubilados/as,,Gipuzkoa,Por 10.000 habitantes,20.2
2023,Profesionales de enfermería y obstetricia,Jubilados/as,,Gipuzkoa,Por 10.000 habitantes,25.5
2017,Profesionales de enfermería y obstetricia,Jubilados/as,,Gipuzkoa,Por 10.000 habitantes,0.0
2021,Profesionales de enfermería y obstetricia,Jubilados/as,,Gipuzkoa,Por 10.000 habitantes,0.0
2025,Profesionales de enfermería y obstetricia,Jubilados/as,,Gipuzkoa,Por 10.000 habitantes,21.6
2016,Profesionales de enfermería y obstetricia,Jubilados/as,,Gipuzkoa,Por 10.000 habitantes,0.0
2020,Profesionales de enfermería y obstetricia,Jubilados/as,,Gipuzkoa,Por 10.000 habitantes,0.0
2012,Profesionales de enfermería y obstetricia,Jubilados/as,,Gipuzkoa,Por 10.000 habitantes,0.0
2011,Profesionales de enfermería y obstetricia,Jubilados/as,,Gipuzkoa,Por 10.000 habitantes,0.0
2013,Profesionales de enfermería y obstetricia,Jubilados/as,,Gipuzkoa,Por 10.000 habitantes,0.0
2015,Profesionales de enfermería y obstetricia,Jubilados/as,,Gipuzkoa,Por 10.000 habitantes,0.0
2017,Profesionales de enfermería y obstetricia,No jubilados/as,,Gipuzkoa,Por 10.000 habitantes,72.1
2014,Profesionales de enfermería y obstetricia,,,Gipuzkoa,Por 10.000 habitantes,71.2
2022,Profesionales de enfermería y obstetricia,,,Gipuzkoa,Por 10.000 habitantes,76.0
2010,Profesionales de enfermería y obstetricia,,,Gipuzkoa,Por 10.000 habitantes,69.0
2013,Profesionales de enfermería y obstetricia,Jubilados/as,Mujer,,Por 10.000 habitantes,0.1
2014,Profesionales de enfermería y obstetricia,,Mujer,,Por 10.000 habitantes,127.3
2012,Profesionales de enfermería y obstetricia,Jubilados/as,Mujer,,Por 10.000 habitantes,0.2
2015,Profesionales de enfermería y obstetricia,Jubilados/as,Mujer,,Por 10.000 habitantes,0.1
2021,Profesionales de enfermería y obstetricia,Jubilados/as,Mujer,,Por 10.000 habitantes,0.1
2023,Profesionales de enfermería y obstetricia,No jubilados/as,Mujer,,Por 10.000 habitantes,139.0
2018,Profesionales de enfermería y obstetricia,Jubilados/as,Mujer,,Por 10.000 habitantes,0.1
2015,Profesionales de enfermería y obstetricia,No jubilados/as,Mujer,,Por 10.000 habitantes,129.5
2013,Profesionales de enfermería y obstetricia,No jubilados/as,Mujer,,Por 10.000 habitantes,124.8
2018,Profesionales de enfermería y obstetricia,No jubilados/as,Mujer,,Por 10.000 habitantes,132.6
2024,Profesionales de enfermería y obstetricia,No jubilados/as,Mujer,,Por 10.000 habitantes,140.6
2014,Profesionales de enfermería y obstetricia,Jubilados/as,Mujer,,Por 10.000 habitantes,0.0
2017,Profesionales de enfermería y obstetricia,Jubilados/as,Mujer,,Por 10.000 habitantes,0.1
2012,Profesionales de enfermería y obstetricia,No jubilados/as,Mujer,,Por 10.000 habitantes,123.3
2010,Profesionales de enfermería y obstetricia,No jubilados/as,Mujer,,Por 10.000 habitantes,120.7
2016,Profesionales de enfermería y obstetricia,No jubilados/as,Mujer,,Por 10.000 habitantes,130.8
2017,Profesionales de enfermería y obstetricia,No jubilados/as,Mujer,,Por 10.000 habitantes,131.7
2019,Profesionales de enfermería y obstetricia,No jubilados/as,Mujer,,Por 10.000 habitantes,133.2
2011,Profesionales de enfermería y obstetricia,No jubilados/as,Mujer,,Por 10.000 habitantes,122.4
2025,Profesionales de enfermería y obstetricia,No jubilados/as,Mujer,,Por 10.000 habitantes,143.1
2022,Profesionales de enfermería y obstetricia,No jubilados/as,Mujer,,Por 10.000 habitantes,137.3
2023,Profesionales de enfermería y obstetricia,,Mujer,,Por 10.000 habitantes,153.7
2020,Profesionales de enfermería y obstetricia,,Mujer,,Por 10.000 habitantes,136.2
2016,Profesionales de enfermería y obstetricia,,Mujer,,Por 10.000 habitantes,130.9
2024,Profesionales de enfermería y obstetricia,Jubilados/as,Mujer,,Por 10.000 habitantes,12.2
2014,Profesionales de enfermería y obstetricia,No jubilados/as,Mujer,,Por 10.000 habitantes,127.3
2019,Profesionales de enfermería y obstetricia,,Mujer,,Por 10.000 habitantes,133.3
2010,Profesionales de enfermería y obstetricia,,Mujer,,Por 10.000 habitantes,120.9
2020,Profesionales de enfermería y obstetricia,Jubilados/as,Mujer,,Por 10.000 habitantes,0.1
2025,Profesionales de enfermería y obstetricia,Jubilados/as,Mujer,,Por 10.000 habitantes,12.9
2022,Profesionales de enfermería y obstetricia,,Mujer,,Por 10.000 habitantes,137.4
2018,Profesionales de enfermería y obstetricia,,Mujer,,Por 10.000 habitantes,132.7
2019,Profesionales de enfermería y obstetricia,Jubilados/as,Mujer,,Por 10.000 habitantes,0.1
2025,Profesionales de enfermería y obstetricia,,Mujer,,Por 10.000 habitantes,156.0
2022,Profesionales de enfermería y obstetricia,Jubilados/as,Mujer,,Por 10.000 habitantes,0.1
2011,Profesionales de enfermería y obstetricia,Jubilados/as,Mujer,,Por 10.000 habitantes,0.4
2011,Profesionales de enfermería y obstetricia,,Mujer,,Por 10.000 habitantes,122.8
2010,Profesionales de enfermería y obstetricia,Jubilados/as,Mujer,,Por 10.000 habitantes,0.2
2016,Profesionales de enfermería y obstetricia,Jubilados/as,Mujer,,Por 10.000 habitantes,0.1
2023,Profesionales de enfermería y obstetricia,Jubilados/as,Mujer,,Por 10.000 habitantes,14.6
2015,Profesionales de enfermería y obstetricia,,Mujer,,Por 10.000 habitantes,129.6
2017,Profesionales de enfermería y obstetricia,,Mujer,,Por 10.000 habitantes,131.8
2013,Profesionales de enfermería y obstetricia,,Mujer,,Por 10.000 habitantes,125.0
2021,Profesionales de enfermería y obstetricia,,Mujer,,Por 10.000 habitantes,137.3
2021,Profesionales de enfermería y obstetricia,No jubilados/as,Mujer,,Por 10.000 habitantes,137.2
2024,Profesionales de enfermería y obstetricia,,Mujer,,Por 10.000 habitantes,152.8
2012,Profesionales de enfermería y obstetricia,,Mujer,,Por 10.000 habitantes,123.5
2020,Profesionales de enfermería y obstetricia,No jubilados/as,Mujer,,Por 10.000 habitantes,136.1
2016,Profesionales de enfermería y obstetricia,,Mujer,Araba/Álava,Por 10.000 habitantes,151.0
2024,Profesionales de enfermería y obstetricia,No jubilados/as,Mujer,Araba/Álava,Por 10.000 habitantes,152.4
2022,Profesionales de enfermería y obstetricia,Jubilados/as,Mujer,Araba/Álava,Por 10.000 habitantes,0.6
2012,Profesionales de enfermería y obstetricia,No jubilados/as,Mujer,Araba/Álava,Por 10.000 habitantes,141.5
2022,Profesionales de enfermería y obstetricia,,Mujer,Araba/Álava,Por 10.000 habitantes,154.9
2023,Profesionales de enfermería y obstetricia,No jubilados/as,Mujer,Araba/Álava,Por 10.000 habitantes,154.5
2016,Profesionales de enfermería y obstetricia,No jubilados/as,Mujer,Araba/Álava,Por 10.000 habitantes,150.3
2019,Profesionales de enfermería y obstetricia,No jubilados/as,Mujer,Araba/Álava,Por 10.000 habitantes,152.0
2023,Profesionales de enfermería y obstetricia,,Mujer,Araba/Álava,Por 10.000 habitantes,155.2
2013,Profesionales de enfermería y obstetricia,,Mujer,Araba/Álava,Por 10.000 habitantes,143.0
2020,Profesionales de enfermería y obstetricia,Jubilados/as,Mujer,Araba/Álava,Por 10.000 habitantes,0.6
2017,Profesionales de enfermería y obstetricia,,Mujer,Araba/Álava,Por 10.000 habitantes,153.4
2012,Profesionales de enfermería y obstetricia,Jubilados/as,Mujer,Araba/Álava,Por 10.000 habitantes,1.1
2025,Profesionales de enfermería y obstetricia,,Mujer,Araba/Álava,Por 10.000 habitantes,156.0
2021,Profesionales de enfermería y obstetricia,,Mujer,Araba/Álava,Por 10.000 habitantes,155.0
2019,Profesionales de enfermería y obstetricia,Jubilados/as,Mujer,Araba/Álava,Por 10.000 habitantes,0.4
2015,Profesionales de enfermería y obstetricia,,Mujer,Araba/Álava,Por 10.000 habitantes,149.5
2014,Profesionales de enfermería y obstetricia,,Mujer,Araba/Álava,Por 10.000 habitantes,146.3
2011,Profesionales de enfermería y obstetricia,,Mujer,Araba/Álava,Por 10.000 habitantes,140.3
2018,Profesionales de enfermería y obstetricia,,Mujer,Araba/Álava,Por 10.000 habitantes,155.1
2011,Profesionales de enfermería y obstetricia,No jubilados/as,Mujer,Araba/Álava,Por 10.000 habitantes,137.6
2010,Profesionales de enfermería y obstetricia,,Mujer,Araba/Álava,Por 10.000 habitantes,137.3
2010,Profesionales de enfermería y obstetricia,No jubilados/as,Mujer,Araba/Álava,Por 10.000 habitantes,136.2
2017,Profesionales de enfermería y obstetricia,No jubilados/as,Mujer,Araba/Álava,Por 10.000 habitantes,152.9
2018,Profesionales de enfermería y obstetricia,No jubilados/as,Mujer,Araba/Álava,Por 10.000 habitantes,154.6
2020,Profesionales de enfermería y obstetricia,,Mujer,Araba/Álava,Por 10.000 habitantes,154.7
2012,Profesionales de enfermería y obstetricia,,Mujer,Araba/Álava,Por 10.000 habitantes,142.7
2024,Profesionales de enfermería y obstetricia,,Mujer,Araba/Álava,Por 10.000 habitantes,154.2
2010,Profesionales de enfermería y obstetricia,Jubilados/as,Mujer,Araba/Álava,Por 10.000 habitantes,1.1
2018,Profesionales de enfermería y obstetricia,Jubilados/as,Mujer,Araba/Álava,Por 10.000 habitantes,0.5
2014,Profesionales de enfermería y obstetricia,Jubilados/as,Mujer,Araba/Álava,Por 10.000 habitantes,0.2
2024,Profesionales de enfermería y obstetricia,Jubilados/as,Mujer,Araba/Álava,Por 10.000 habitantes,1.7
2019,Profesionales de enfermería y obstetricia,,Mujer,Araba/Álava,Por 10.000 habitantes,152.3
2021,Profesionales de enfermería y obstetricia,Jubilados/as,Mujer,Araba/Álava,Por 10.000 habitantes,0.6
2025,Profesionales de enfermería y obstetricia,Jubilados/as,Mujer,Araba/Álava,Por 10.000 habitantes,0.6
2017,Profesionales de enfermería y obstetricia,Jubilados/as,Mujer,Araba/Álava,Por 10.000 habitantes,0.5
2016,Profesionales de enfermería y obstetricia,Jubilados/as,Mujer,Araba/Álava,Por 10.000 habitantes,0.7
2011,Profesionales de enfermería y obstetricia,Jubilados/as,Mujer,Araba/Álava,Por 10.000 habitantes,2.7
2025,Profesionales de enfermería y obstetricia,No jubilados/as,Mujer,Araba/Álava,Por 10.000 habitantes,155.3
2014,Profesionales de enfermería y obstetricia,No jubilados/as,Mujer,Araba/Álava,Por 10.000 habitantes,146.1
2021,Profesionales de enfermería y obstetricia,No jubilados/as,Mujer,Araba/Álava,Por 10.000 habitantes,154.4
2015,Profesionales de enfermería y obstetricia,No jubilados/as,Mujer,Araba/Álava,Por 10.000 habitantes,148.5
2013,Profesionales de enfermería y obstetricia,No jubilados/as,Mujer,Araba/Álava,Por 10.000 habitantes,142.2
2020,Profesionales de enfermería y obstetricia,No jubilados/as,Mujer,Araba/Álava,Por 10.000 habitantes,154.1
2013,Profesionales de enfermería y obstetricia,Jubilados/as,Mujer,Araba/Álava,Por 10.000 habitantes,0.8
2015,Profesionales de enfermería y obstetricia,Jubilados/as,Mujer,Araba/Álava,Por 10.000 habitantes,1.0
2022,Profesionales de enfermería y obstetricia,No jubilados/as,Mujer,Araba/Álava,Por 10.000 habitantes,154.2
2023,Profesionales de enfermería y obstetricia,Jubilados/as,Mujer,Araba/Álava,Por 10.000 habitantes,0.7
2019,Profesionales de enfermería y obstetricia,Jubilados/as,Mujer,Bizkaia,Por 10.000 habitantes,0.0
2021,Profesionales de enfermería y obstetricia,Jubilados/as,Mujer,Bizkaia,Por 10.000 habitantes,0.0
2023,Profesionales de enfermería y obstetricia,Jubilados/as,Mujer,Bizkaia,Por 10.000 habitantes,0.0
2016,Profesionales de enfermería y obstetricia,No jubilados/as,Mujer,Bizkaia,Por 10.000 habitantes,124.8
2022,Profesionales de enfermería y obstetricia,Jubilados/as,Mujer,Bizkaia,Por 10.000 habitantes,0.0
2012,Profesionales de enfermería y obstetricia,,Mujer,Bizkaia,Por 10.000 habitantes,117.6
2016,Profesionales de enfermería y obstetricia,,Mujer,Bizkaia,Por 10.000 habitantes,124.8
2010,Profesionales de enfermería y obstetricia,Jubilados/as,Mujer,Bizkaia,Por 10.000 habitantes,0.0
2015,Profesionales de enfermería y obstetricia,,Mujer,Bizkaia,Por 10.000 habitantes,123.2
2014,Profesionales de enfermería y obstetricia,Jubilados/as,Mujer,Bizkaia,Por 10.000 habitantes,0.0
2023,Profesionales de enfermería y obstetricia,No jubilados/as,Mujer,Bizkaia,Por 10.000 habitantes,135.0
2023,Profesionales de enfermería y obstetricia,,Mujer,Bizkaia,Por 10.000 habitantes,135.0
2011,Profesionales de enfermería y obstetricia,,Mujer,Bizkaia,Por 10.000 habitantes,116.4
2019,Profesionales de enfermería y obstetricia,,Mujer,Bizkaia,Por 10.000 habitantes,128.3
2022,Profesionales de enfermería y obstetricia,,Mujer,Bizkaia,Por 10.000 habitantes,132.8
2010,Profesionales de enfermería y obstetricia,,Mujer,Bizkaia,Por 10.000 habitantes,112.4
2018,Profesionales de enfermería y obstetricia,No jubilados/as,Mujer,Bizkaia,Por 10.000 habitantes,127.7
2012,Profesionales de enfermería y obstetricia,Jubilados/as,Mujer,Bizkaia,Por 10.000 habitantes,0.0
2024,Profesionales de enfermería y obstetricia,,Mujer,Bizkaia,Por 10.000 habitantes,137.0
2018,Profesionales de enfermería y obstetricia,Jubilados/as,Mujer,Bizkaia,Por 10.000 habitantes,0.0
2015,Profesionales de enfermería y obstetricia,Jubilados/as,Mujer,Bizkaia,Por 10.000 habitantes,0.0
2016,Profesionales de enfermería y obstetricia,Jubilados/as,Mujer,Bizkaia,Por 10.000 habitantes,0.0
2013,Profesionales de enfermería y obstetricia,Jubilados/as,Mujer,Bizkaia,Por 10.000 habitantes,0.0
2011,Profesionales de enfermería y obstetricia,Jubilados/as,Mujer,Bizkaia,Por 10.000 habitantes,0.0
2017,Profesionales de enfermería y obstetricia,Jubilados/as,Mujer,Bizkaia,Por 10.000 habitantes,0.0
2024,Profesionales de enfermería y obstetricia,Jubilados/as,Mujer,Bizkaia,Por 10.000 habitantes,0.0
2020,Profesionales de enfermería y obstetricia,Jubilados/as,Mujer,Bizkaia,Por 10.000 habitantes,0.0
2025,Profesionales de enfermería y obstetricia,Jubilados/as,Mujer,Bizkaia,Por 10.000 habitantes,0.0
2019,Profesionales de enfermería y obstetricia,No jubilados/as,Mujer,Bizkaia,Por 10.000 habitantes,128.3
2015,Profesionales de enfermería y obstetricia,No jubilados/as,Mujer,Bizkaia,Por 10.000 habitantes,123.2
2014,Profesionales de enfermería y obstetricia,No jubilados/as,Mujer,Bizkaia,Por 10.000 habitantes,120.3
2012,Profesionales de enfermería y obstetricia,No jubilados/as,Mujer,Bizkaia,Por 10.000 habitantes,117.6
2010,Profesionales de enfermería y obstetricia,No jubilados/as,Mujer,Bizkaia,Por 10.000 habitantes,112.4
2021,Profesionales de enfermería y obstetricia,No jubilados/as,Mujer,Bizkaia,Por 10.000 habitantes,132.8
2024,Profesionales de enfermería y obstetricia,No jubilados/as,Mujer,Bizkaia,Por 10.000 habitantes,137.0
2022,Profesionales de enfermería y obstetricia,No jubilados/as,Mujer,Bizkaia,Por 10.000 habitantes,132.8
2020,Profesionales de enfermería y obstetricia,No jubilados/as,Mujer,Bizkaia,Por 10.000 habitantes,131.5
2025,Profesionales de enfermería y obstetricia,No jubilados/as,Mujer,Bizkaia,Por 10.000 habitantes,139.8
2017,Profesionales de enfermería y obstetricia,No jubilados/as,Mujer,Bizkaia,Por 10.000 habitantes,126.3
2011,Profesionales de enfermería y obstetricia,No jubilados/as,Mujer,Bizkaia,Por 10.000 habitantes,116.4
2018,Profesionales de enfermería y obstetricia,,Mujer,Bizkaia,Por 10.000 habitantes,127.7
2017,Profesionales de enfermería y obstetricia,,Mujer,Bizkaia,Por 10.000 habitantes,126.3
2020,Profesionales de enfermería y obstetricia,,Mujer,Bizkaia,Por 10.000 habitantes,131.5
2025,Profesionales de enfermería y obstetricia,,Mujer,Bizkaia,Por 10.000 habitantes,139.8
2013,Profesionales de enfermería y obstetricia,,Mujer,Bizkaia,Por 10.000 habitantes,118.2
2014,Profesionales de enfermería y obstetricia,,Mujer,Bizkaia,Por 10.000 habitantes,120.3
2013,Profesionales de enfermería y obstetricia,No jubilados/as,Mujer,Bizkaia,Por 10.000 habitantes,118.2
2021,Profesionales de enfermería y obstetricia,,Mujer,Bizkaia,Por 10.000 habitantes,132.8
2010,Profesionales de enfermería y obstetricia,No jubilados/as,Mujer,Gipuzkoa,Por 10.000 habitantes,127.6
2010,Profesionales de enfermería y obstetricia,Jubilados/as,Mujer,Gipuzkoa,Por 10.000 habitantes,0.0
2022,Profesionales de enfermería y obstetricia,Jubilados/as,Mujer,Gipuzkoa,Por 10.000 habitantes,0.0
2018,Profesionales de enfermería y obstetricia,Jubilados/as,Mujer,Gipuzkoa,Por 10.000 habitantes,0.0
2015,Profesionales de enfermería y obstetricia,No jubilados/as,Mujer,Gipuzkoa,Por 10.000 habitantes,131.2
2016,Profesionales de enfermería y obstetricia,Jubilados/as,Mujer,Gipuzkoa,Por 10.000 habitantes,0.0
2013,Profesionales de enfermería y obstetricia,Jubilados/as,Mujer,Gipuzkoa,Por 10.000 habitantes,0.0
2011,Profesionales de enfermería y obstetricia,Jubilados/as,Mujer,Gipuzkoa,Por 10.000 habitantes,0.0
2021,Profesionales de enfermería y obstetricia,Jubilados/as,Mujer,Gipuzkoa,Por 10.000 habitantes,0.0
2024,Profesionales de enfermería y obstetricia,Jubilados/as,Mujer,Gipuzkoa,Por 10.000 habitantes,36.9
2019,Profesionales de enfermería y obstetricia,Jubilados/as,Mujer,Gipuzkoa,Por 10.000 habitantes,0.0
2025,Profesionales de enfermería y obstetricia,Jubilados/as,Mujer,Gipuzkoa,Por 10.000 habitantes,39.6
2017,Profesionales de enfermería y obstetricia,No jubilados/as,Mujer,Gipuzkoa,Por 10.000 habitantes,131.0
2019,Profesionales de enfermería y obstetricia,No jubilados/as,Mujer,Gipuzkoa,Por 10.000 habitantes,132.8
2011,Profesionales de enfermería y obstetricia,No jubilados/as,Mujer,Gipuzkoa,Por 10.000 habitantes,125.6
2016,Profesionales de enfermería y obstetricia,No jubilados/as,Mujer,Gipuzkoa,Por 10.000 habitantes,131.7
2020,Profesionales de enfermería y obstetricia,No jubilados/as,Mujer,Gipuzkoa,Por 10.000 habitantes,135.5
2014,Profesionales de enfermería y obstetricia,No jubilados/as,Mujer,Gipuzkoa,Por 10.000 habitantes,130.3
2013,Profesionales de enfermería y obstetricia,No jubilados/as,Mujer,Gipuzkoa,Por 10.000 habitantes,128.0
2022,Profesionales de enfermería y obstetricia,No jubilados/as,Mujer,Gipuzkoa,Por 10.000 habitantes,136.6
2025,Profesionales de enfermería y obstetricia,No jubilados/as,Mujer,Gipuzkoa,Por 10.000 habitantes,142.6
2021,Profesionales de enfermería y obstetricia,No jubilados/as,Mujer,Gipuzkoa,Por 10.000 habitantes,136.4
2020,Profesionales de enfermería y obstetricia,Jubilados/as,Mujer,Gipuzkoa,Por 10.000 habitantes,0.0
2025,Profesionales de enfermería y obstetricia,,Mujer,Gipuzkoa,Por 10.000 habitantes,182.2
2016,Profesionales de enfermería y obstetricia,,Mujer,Gipuzkoa,Por 10.000 habitantes,131.7
2017,Profesionales de enfermería y obstetricia,,Mujer,Gipuzkoa,Por 10.000 habitantes,131.0
2018,Profesionales de enfermería y obstetricia,,Mujer,Gipuzkoa,Por 10.000 habitantes,130.5
2021,Profesionales de enfermería y obstetricia,,Mujer,Gipuzkoa,Por 10.000 habitantes,136.4
2023,Profesionales de enfermería y obstetricia,No jubilados/as,Mujer,Gipuzkoa,Por 10.000 habitantes,138.4
2023,Profesionales de enfermería y obstetricia,Jubilados/as,Mujer,Gipuzkoa,Por 10.000 habitantes,44.6
2014,Profesionales de enfermería y obstetricia,Jubilados/as,Mujer,Gipuzkoa,Por 10.000 habitantes,0.0
2020,Profesionales de enfermería y obstetricia,,Mujer,Gipuzkoa,Por 10.000 habitantes,135.5
2024,Profesionales de enfermería y obstetricia,No jubilados/as,Mujer,Gipuzkoa,Por 10.000 habitantes,141.0
2018,Profesionales de enfermería y obstetricia,No jubilados/as,Mujer,Gipuzkoa,Por 10.000 habitantes,130.5
2012,Profesionales de enfermería y obstetricia,Jubilados/as,Mujer,Gipuzkoa,Por 10.000 habitantes,0.0
2010,Profesionales de enfermería y obstetricia,,Mujer,Gipuzkoa,Por 10.000 habitantes,127.6
2017,Profesionales de enfermería y obstetricia,Jubilados/as,Mujer,Gipuzkoa,Por 10.000 habitantes,0.0
2012,Profesionales de enfermería y obstetricia,No jubilados/as,Mujer,Gipuzkoa,Por 10.000 habitantes,124.7
2024,Profesionales de enfermería y obstetricia,,Mujer,Gipuzkoa,Por 10.000 habitantes,177.8
2011,Profesionales de enfermería y obstetricia,,Mujer,Gipuzkoa,Por 10.000 habitantes,125.6
2019,Profesionales de enfermería y obstetricia,,Mujer,Gipuzkoa,Por 10.000 habitantes,132.8
2023,Profesionales de enfermería y obstetricia,,Mujer,Gipuzkoa,Por 10.000 habitantes,183.0
2022,Profesionales de enfermería y obstetricia,,Mujer,Gipuzkoa,Por 10.000 habitantes,136.6
2014,Profesionales de enfermería y obstetricia,,Mujer,Gipuzkoa,Por 10.000 habitantes,130.3
2015,Profesionales de enfermería y obstetricia,,Mujer,Gipuzkoa,Por 10.000 habitantes,131.2
2015,Profesionales de enfermería y obstetricia,Jubilados/as,Mujer,Gipuzkoa,Por 10.000 habitantes,0.0
2012,Profesionales de enfermería y obstetricia,,Mujer,Gipuzkoa,Por 10.000 habitantes,124.7
2013,Profesionales de enfermería y obstetricia,,Mujer,Gipuzkoa,Por 10.000 habitantes,128.0
2024,Profesionales de enfermería y obstetricia,No jubilados/as,Hombre,,Por 10.000 habitantes,19.3
2014,Profesionales de enfermería y obstetricia,No jubilados/as,Hombre,,Por 10.000 habitantes,13.9
2020,Profesionales de enfermería y obstetricia,No jubilados/as,Hombre,,Por 10.000 habitantes,17.5
2018,Profesionales de enfermería y obstetricia,Jubilados/as,Hombre,,Por 10.000 habitantes,0.0
2022,Profesionales de enfermería y obstetricia,,Hombre,,Por 10.000 habitantes,18.2
2014,Profesionales de enfermería y obstetricia,Jubilados/as,Hombre,,Por 10.000 habitantes,0.0
2011,Profesionales de enfermería y obstetricia,,Hombre,,Por 10.000 habitantes,14.4
2013,Profesionales de enfermería y obstetricia,,Hombre,,Por 10.000 habitantes,13.5
2021,Profesionales de enfermería y obstetricia,No jubilados/as,Hombre,,Por 10.000 habitantes,17.9
2010,Profesionales de enfermería y obstetricia,,Hombre,,Por 10.000 habitantes,12.5
2019,Profesionales de enfermería y obstetricia,,Hombre,,Por 10.000 habitantes,16.3
2018,Profesionales de enfermería y obstetricia,,Hombre,,Por 10.000 habitantes,15.5
2025,Profesionales de enfermería y obstetricia,Jubilados/as,Hombre,,Por 10.000 habitantes,0.9
2017,Profesionales de enfermería y obstetricia,Jubilados/as,Hombre,,Por 10.000 habitantes,0.0
2025,Profesionales de enfermería y obstetricia,No jubilados/as,Hombre,,Por 10.000 habitantes,20.1
2015,Profesionales de enfermería y obstetricia,,Hombre,,Por 10.000 habitantes,14.3
2013,Profesionales de enfermería y obstetricia,Jubilados/as,Hombre,,Por 10.000 habitantes,0.0
2012,Profesionales de enfermería y obstetricia,Jubilados/as,Hombre,,Por 10.000 habitantes,0.0
2020,Profesionales de enfermería y obstetricia,Jubilados/as,Hombre,,Por 10.000 habitantes,0.0
2010,Profesionales de enfermería y obstetricia,Jubilados/as,Hombre,,Por 10.000 habitantes,0.0
2011,Profesionales de enfermería y obstetricia,Jubilados/as,Hombre,,Por 10.000 habitantes,0.0
2015,Profesionales de enfermería y obstetricia,No jubilados/as,Hombre,,Por 10.000 habitantes,14.3
2024,Profesionales de enfermería y obstetricia,Jubilados/as,Hombre,,Por 10.000 habitantes,0.9
2023,Profesionales de enfermería y obstetricia,No jubilados/as,Hombre,,Por 10.000 habitantes,18.9
2021,Profesionales de enfermería y obstetricia,,Hombre,,Por 10.000 habitantes,17.9
2012,Profesionales de enfermería y obstetricia,,Hombre,,Por 10.000 habitantes,14.5
2015,Profesionales de enfermería y obstetricia,Jubilados/as,Hombre,,Por 10.000 habitantes,0.0
2020,Profesionales de enfermería y obstetricia,,Hombre,,Por 10.000 habitantes,17.5
2023,Profesionales de enfermería y obstetricia,Jubilados/as,Hombre,,Por 10.000 habitantes,1.8
2021,Profesionales de enfermería y obstetricia,Jubilados/as,Hombre,,Por 10.000 habitantes,0.0
2013,Profesionales de enfermería y obstetricia,No jubilados/as,Hombre,,Por 10.000 habitantes,13.5
2017,Profesionales de enfermería y obstetricia,No jubilados/as,Hombre,,Por 10.000 habitantes,15.1
2014,Profesionales de enfermería y obstetricia,,Hombre,,Por 10.000 habitantes,13.9
2017,Profesionales de enfermería y obstetricia,,Hombre,,Por 10.000 habitantes,15.1
2025,Profesionales de enfermería y obstetricia,,Hombre,,Por 10.000 habitantes,21.0
2022,Profesionales de enfermería y obstetricia,No jubilados/as,Hombre,,Por 10.000 habitantes,18.2
2024,Profesionales de enfermería y obstetricia,,Hombre,,Por 10.000 habitantes,20.2
2019,Profesionales de enfermería y obstetricia,Jubilados/as,Hombre,,Por 10.000 habitantes,0.0
2012,Profesionales de enfermería y obstetricia,No jubilados/as,Hombre,,Por 10.000 habitantes,14.5
2023,Profesionales de enfermería y obstetricia,,Hombre,,Por 10.000 habitantes,20.8
2022,Profesionales de enfermería y obstetricia,Jubilados/as,Hombre,,Por 10.000 habitantes,0.0
2010,Profesionales de enfermería y obstetricia,No jubilados/as,Hombre,,Por 10.000 habitantes,12.5
2016,Profesionales de enfermería y obstetricia,Jubilados/as,Hombre,,Por 10.000 habitantes,0.0
2016,Profesionales de enfermería y obstetricia,,Hombre,,Por 10.000 habitantes,14.8
2016,Profesionales de enfermería y obstetricia,No jubilados/as,Hombre,,Por 10.000 habitantes,14.8
2011,Profesionales de enfermería y obstetricia,No jubilados/as,Hombre,,Por 10.000 habitantes,14.4
2018,Profesionales de enfermería y obstetricia,No jubilados/as,Hombre,,Por 10.000 habitantes,15.5
2019,Profesionales de enfermería y obstetricia,No jubilados/as,Hombre,,Por 10.000 habitantes,16.3
2020,Profesionales de enfermería y obstetricia,Jubilados/as,Hombre,Araba/Álava,Por 10.000 habitantes,0.1
2010,Profesionales de enfermería y obstetricia,Jubilados/as,Hombre,Araba/Álava,Por 10.000 habitantes,0.0
2012,Profesionales de enfermería y obstetricia,Jubilados/as,Hombre,Araba/Álava,Por 10.000 habitantes,0.1
2014,Profesionales de enfermería y obstetricia,Jubilados/as,Hombre,Araba/Álava,Por 10.000 habitantes,0.1
2022,Profesionales de enfermería y obstetricia,Jubilados/as,Hombre,Araba/Álava,Por 10.000 habitantes,0.1
2020,Profesionales de enfermería y obstetricia,,Hombre,Araba/Álava,Por 10.000 habitantes,18.0
2013,Profesionales de enfermería y obstetricia,,Hombre,Araba/Álava,Por 10.000 habitantes,12.7
2022,Profesionales de enfermería y obstetricia,No jubilados/as,Hombre,Araba/Álava,Por 10.000 habitantes,19.4
2021,Profesionales de enfermería y obstetricia,Jubilados/as,Hombre,Araba/Álava,Por 10.000 habitantes,0.1
2025,Profesionales de enfermería y obstetricia,,Hombre,Araba/Álava,Por 10.000 habitantes,21.2
2015,Profesionales de enfermería y obstetricia,,Hombre,Araba/Álava,Por 10.000 habitantes,13.9
2023,Profesionales de enfermería y obstetricia,,Hombre,Araba/Álava,Por 10.000 habitantes,20.1
2015,Profesionales de enfermería y obstetricia,Jubilados/as,Hombre,Araba/Álava,Por 10.000 habitantes,0.1
2016,Profesionales de enfermería y obstetricia,Jubilados/as,Hombre,Araba/Álava,Por 10.000 habitantes,0.1
2011,Profesionales de enfermería y obstetricia,Jubilados/as,Hombre,Araba/Álava,Por 10.000 habitantes,0.1
2010,Profesionales de enfermería y obstetricia,,Hombre,Araba/Álava,Por 10.000 habitantes,12.2
2022,Profesionales de enfermería y obstetricia,,Hombre,Araba/Álava,Por 10.000 habitantes,19.5
2012,Profesionales de enfermería y obstetricia,,Hombre,Araba/Álava,Por 10.000 habitantes,12.5
2018,Profesionales de enfermería y obstetricia,,Hombre,Araba/Álava,Por 10.000 habitantes,16.2
2021,Profesionales de enfermería y obstetricia,,Hombre,Araba/Álava,Por 10.000 habitantes,19.5
2016,Profesionales de enfermería y obstetricia,,Hombre,Araba/Álava,Por 10.000 habitantes,14.8
2014,Profesionales de enfermería y obstetricia,,Hombre,Araba/Álava,Por 10.000 habitantes,13.6
2017,Profesionales de enfermería y obstetricia,,Hombre,Araba/Álava,Por 10.000 habitantes,15.4
2018,Profesionales de enfermería y obstetricia,Jubilados/as,Hombre,Araba/Álava,Por 10.000 habitantes,0.0
2011,Profesionales de enfermería y obstetricia,,Hombre,Araba/Álava,Por 10.000 habitantes,12.2
2010,Profesionales de enfermería y obstetricia,No jubilados/as,Hombre,Araba/Álava,Por 10.000 habitantes,12.2
2025,Profesionales de enfermería y obstetricia,No jubilados/as,Hombre,Araba/Álava,Por 10.000 habitantes,21.2
2020,Profesionales de enfermería y obstetricia,No jubilados/as,Hombre,Araba/Álava,Por 10.000 habitantes,17.9
2016,Profesionales de enfermería y obstetricia,No jubilados/as,Hombre,Araba/Álava,Por 10.000 habitantes,14.7
2021,Profesionales de enfermería y obstetricia,No jubilados/as,Hombre,Araba/Álava,Por 10.000 habitantes,19.4
2018,Profesionales de enfermería y obstetricia,No jubilados/as,Hombre,Araba/Álava,Por 10.000 habitantes,16.2
2013,Profesionales de enfermería y obstetricia,No jubilados/as,Hombre,Araba/Álava,Por 10.000 habitantes,12.7
2014,Profesionales de enfermería y obstetricia,No jubilados/as,Hombre,Araba/Álava,Por 10.000 habitantes,13.6
2019,Profesionales de enfermería y obstetricia,No jubilados/as,Hombre,Araba/Álava,Por 10.000 habitantes,16.9
2024,Profesionales de enfermería y obstetricia,,Hombre,Araba/Álava,Por 10.000 habitantes,20.8
2012,Profesionales de enfermería y obstetricia,No jubilados/as,Hombre,Araba/Álava,Por 10.000 habitantes,12.4
2011,Profesionales de enfermería y obstetricia,No jubilados/as,Hombre,Araba/Álava,Por 10.000 habitantes,12.0
2025,Profesionales de enfermería y obstetricia,Jubilados/as,Hombre,Araba/Álava,Por 10.000 habitantes,0.0
2013,Profesionales de enfermería y obstetricia,Jubilados/as,Hombre,Araba/Álava,Por 10.000 habitantes,0.0
2024,Profesionales de enfermería y obstetricia,No jubilados/as,Hombre,Araba/Álava,Por 10.000 habitantes,20.6
2015,Profesionales de enfermería y obstetricia,No jubilados/as,Hombre,Araba/Álava,Por 10.000 habitantes,13.8
2017,Profesionales de enfermería y obstetricia,Jubilados/as,Hombre,Araba/Álava,Por 10.000 habitantes,0.0
2017,Profesionales de enfermería y obstetricia,No jubilados/as,Hombre,Araba/Álava,Por 10.000 habitantes,15.4
2023,Profesionales de enfermería y obstetricia,Jubilados/as,Hombre,Araba/Álava,Por 10.000 habitantes,0.1
2019,Profesionales de enfermería y obstetricia,Jubilados/as,Hombre,Araba/Álava,Por 10.000 habitantes,0.1
2019,Profesionales de enfermería y obstetricia,,Hombre,Araba/Álava,Por 10.000 habitantes,17.0
2024,Profesionales de enfermería y obstetricia,Jubilados/as,Hombre,Araba/Álava,Por 10.000 habitantes,0.2
2023,Profesionales de enfermería y obstetricia,No jubilados/as,Hombre,Araba/Álava,Por 10.000 habitantes,19.9
2019,Profesionales de enfermería y obstetricia,No jubilados/as,Hombre,Bizkaia,Por 10.000 habitantes,19.3
2021,Profesionales de enfermería y obstetricia,No jubilados/as,Hombre,Bizkaia,Por 10.000 habitantes,21.1
2016,Profesionales de enfermería y obstetricia,,Hombre,Bizkaia,Por 10.000 habitantes,17.7
2025,Profesionales de enfermería y obstetricia,No jubilados/as,Hombre,Bizkaia,Por 10.000 habitantes,24.1
2022,Profesionales de enfermería y obstetricia,No jubilados/as,Hombre,Bizkaia,Por 10.000 habitantes,21.5
2023,Profesionales de enfermería y obstetricia,No jubilados/as,Hombre,Bizkaia,Por 10.000 habitantes,22.4
2018,Profesionales de enfermería y obstetricia,No jubilados/as,Hombre,Bizkaia,Por 10.000 habitantes,18.4
2024,Profesionales de enfermería y obstetricia,No jubilados/as,Hombre,Bizkaia,Por 10.000 habitantes,23.0
2012,Profesionales de enfermería y obstetricia,No jubilados/as,Hombre,Bizkaia,Por 10.000 habitantes,16.2
2013,Profesionales de enfermería y obstetricia,No jubilados/as,Hombre,Bizkaia,Por 10.000 habitantes,16.3
2015,Profesionales de enfermería y obstetricia,No jubilados/as,Hombre,Bizkaia,Por 10.000 habitantes,17.1
2010,Profesionales de enfermería y obstetricia,No jubilados/as,Hombre,Bizkaia,Por 10.000 habitantes,15.2
2011,Profesionales de enfermería y obstetricia,Jubilados/as,Hombre,Bizkaia,Por 10.000 habitantes,0.0
2011,Profesionales de enfermería y obstetricia,No jubilados/as,Hombre,Bizkaia,Por 10.000 habitantes,15.9
2021,Profesionales de enfermería y obstetricia,Jubilados/as,Hombre,Bizkaia,Por 10.000 habitantes,0.0
2017,Profesionales de enfermería y obstetricia,Jubilados/as,Hombre,Bizkaia,Por 10.000 habitantes,0.0
2013,Profesionales de enfermería y obstetricia,Jubilados/as,Hombre,Bizkaia,Por 10.000 habitantes,0.0
2023,Profesionales de enfermería y obstetricia,Jubilados/as,Hombre,Bizkaia,Por 10.000 habitantes,0.0
2016,Profesionales de enfermería y obstetricia,Jubilados/as,Hombre,Bizkaia,Por 10.000 habitantes,0.0
2015,Profesionales de enfermería y obstetricia,Jubilados/as,Hombre,Bizkaia,Por 10.000 habitantes,0.0
2022,Profesionales de enfermería y obstetricia,,Hombre,Bizkaia,Por 10.000 habitantes,21.5
2024,Profesionales de enfermería y obstetricia,Jubilados/as,Hombre,Bizkaia,Por 10.000 habitantes,0.0
2014,Profesionales de enfermería y obstetricia,Jubilados/as,Hombre,Bizkaia,Por 10.000 habitantes,0.0
2020,Profesionales de enfermería y obstetricia,Jubilados/as,Hombre,Bizkaia,Por 10.000 habitantes,0.0
2010,Profesionales de enfermería y obstetricia,Jubilados/as,Hombre,Bizkaia,Por 10.000 habitantes,0.0
2018,Profesionales de enfermería y obstetricia,Jubilados/as,Hombre,Bizkaia,Por 10.000 habitantes,0.0
2012,Profesionales de enfermería y obstetricia,Jubilados/as,Hombre,Bizkaia,Por 10.000 habitantes,0.0
2022,Profesionales de enfermería y obstetricia,Jubilados/as,Hombre,Bizkaia,Por 10.000 habitantes,0.0
2016,Profesionales de enfermería y obstetricia,No jubilados/as,Hombre,Bizkaia,Por 10.000 habitantes,17.7
2014,Profesionales de enfermería y obstetricia,No jubilados/as,Hombre,Bizkaia,Por 10.000 habitantes,16.6
2015,Profesionales de enfermería y obstetricia,,Hombre,Bizkaia,Por 10.000 habitantes,17.1
2014,Profesionales de enfermería y obstetricia,,Hombre,Bizkaia,Por 10.000 habitantes,16.6
2010,Profesionales de enfermería y obstetricia,,Hombre,Bizkaia,Por 10.000 habitantes,15.2
2018,Profesionales de enfermería y obstetricia,,Hombre,Bizkaia,Por 10.000 habitantes,18.4
2021,Profesionales de enfermería y obstetricia,,Hombre,Bizkaia,Por 10.000 habitantes,21.1
2023,Profesionales de enfermería y obstetricia,,Hombre,Bizkaia,Por 10.000 habitantes,22.4
2013,Profesionales de enfermería y obstetricia,,Hombre,Bizkaia,Por 10.000 habitantes,16.3
2012,Profesionales de enfermería y obstetricia,,Hombre,Bizkaia,Por 10.000 habitantes,16.2
2017,Profesionales de enfermería y obstetricia,No jubilados/as,Hombre,Bizkaia,Por 10.000 habitantes,17.9
2017,Profesionales de enfermería y obstetricia,,Hombre,Bizkaia,Por 10.000 habitantes,17.9
2020,Profesionales de enfermería y obstetricia,,Hombre,Bizkaia,Por 10.000 habitantes,20.9
2024,Profesionales de enfermería y obstetricia,,Hombre,Bizkaia,Por 10.000 habitantes,23.0
2019,Profesionales de enfermería y obstetricia,,Hombre,Bizkaia,Por 10.000 habitantes,19.3
2011,Profesionales de enfermería y obstetricia,,Hombre,Bizkaia,Por 10.000 habitantes,15.9
2025,Profesionales de enfermería y obstetricia,,Hombre,Bizkaia,Por 10.000 habitantes,24.1
2019,Profesionales de enfermería y obstetricia,Jubilados/as,Hombre,Bizkaia,Por 10.000 habitantes,0.0
2025,Profesionales de enfermería y obstetricia,Jubilados/as,Hombre,Bizkaia,Por 10.000 habitantes,0.0
2020,Profesionales de enfermería y obstetricia,No jubilados/as,Hombre,Bizkaia,Por 10.000 habitantes,20.9
2011,Profesionales de enfermería y obstetricia,Jubilados/as,Hombre,Gipuzkoa,Por 10.000 habitantes,0.0
2017,Profesionales de enfermería y obstetricia,Jubilados/as,Hombre,Gipuzkoa,Por 10.000 habitantes,0.0
2015,Profesionales de enfermería y obstetricia,Jubilados/as,Hombre,Gipuzkoa,Por 10.000 habitantes,0.0
2013,Profesionales de enfermería y obstetricia,Jubilados/as,Hombre,Gipuzkoa,Por 10.000 habitantes,0.0
2023,Profesionales de enfermería y obstetricia,Jubilados/as,Hombre,Gipuzkoa,Por 10.000 habitantes,5.5
2019,Profesionales de enfermería y obstetricia,Jubilados/as,Hombre,Gipuzkoa,Por 10.000 habitantes,0.0
2021,Profesionales de enfermería y obstetricia,Jubilados/as,Hombre,Gipuzkoa,Por 10.000 habitantes,0.0
2024,Profesionales de enfermería y obstetricia,Jubilados/as,Hombre,Gipuzkoa,Por 10.000 habitantes,2.7
2025,Profesionales de enfermería y obstetricia,Jubilados/as,Hombre,Gipuzkoa,Por 10.000 habitantes,2.8
2016,Profesionales de enfermería y obstetricia,Jubilados/as,Hombre,Gipuzkoa,Por 10.000 habitantes,0.0
2010,Profesionales de enfermería y obstetricia,Jubilados/as,Hombre,Gipuzkoa,Por 10.000 habitantes,0.0
2022,Profesionales de enfermería y obstetricia,Jubilados/as,Hombre,Gipuzkoa,Por 10.000 habitantes,0.0
2012,Profesionales de enfermería y obstetricia,Jubilados/as,Hombre,Gipuzkoa,Por 10.000 habitantes,0.0
2020,Profesionales de enfermería y obstetricia,Jubilados/as,Hombre,Gipuzkoa,Por 10.000 habitantes,0.0
2018,Profesionales de enfermería y obstetricia,Jubilados/as,Hombre,Gipuzkoa,Por 10.000 habitantes,0.0
2014,Profesionales de enfermería y obstetricia,Jubilados/as,Hombre,Gipuzkoa,Por 10.000 habitantes,0.0
2023,Profesionales de enfermería y obstetricia,,Hombre,Gipuzkoa,Por 10.000 habitantes,18.6
2015,Profesionales de enfermería y obstetricia,,Hombre,Gipuzkoa,Por 10.000 habitantes,10.1
2012,Profesionales de enfermería y obstetricia,,Hombre,Gipuzkoa,Por 10.000 habitantes,12.8
2016,Profesionales de enfermería y obstetricia,,Hombre,Gipuzkoa,Por 10.000 habitantes,10.4
2018,Profesionales de enfermería y obstetricia,,Hombre,Gipuzkoa,Por 10.000 habitantes,10.7
2021,Profesionales de enfermería y obstetricia,,Hombre,Gipuzkoa,Por 10.000 habitantes,12.2
2013,Profesionales de enfermería y obstetricia,,Hombre,Gipuzkoa,Por 10.000 habitantes,9.4
2020,Profesionales de enfermería y obstetricia,,Hombre,Gipuzkoa,Por 10.000 habitantes,12.1
2024,Profesionales de enfermería y obstetricia,,Hombre,Gipuzkoa,Por 10.000 habitantes,15.6
2017,Profesionales de enfermería y obstetricia,,Hombre,Gipuzkoa,Por 10.000 habitantes,10.4
2014,Profesionales de enfermería y obstetricia,,Hombre,Gipuzkoa,Por 10.000 habitantes,9.7
2022,Profesionales de enfermería y obstetricia,,Hombre,Gipuzkoa,Por 10.000 habitantes,12.5
2019,Profesionales de enfermería y obstetricia,,Hombre,Gipuzkoa,Por 10.000 habitantes,11.2
2025,Profesionales de enfermería y obstetricia,,Hombre,Gipuzkoa,Por 10.000 habitantes,16.2
2011,Profesionales de enfermería y obstetricia,,Hombre,Gipuzkoa,Por 10.000 habitantes,13.2
2010,Profesionales de enfermería y obstetricia,,Hombre,Gipuzkoa,Por 10.000 habitantes,8.1
2023,Profesionales de enfermería y obstetricia,No jubilados/as,Hombre,Gipuzkoa,Por 10.000 habitantes,13.1
2015,Profesionales de enfermería y obstetricia,No jubilados/as,Hombre,Gipuzkoa,Por 10.000 habitantes,10.1
2018,Profesionales de enfermería y obstetricia,No jubilados/as,Hombre,Gipuzkoa,Por 10.000 habitantes,10.7
2013,Profesionales de enfermería y obstetricia,No jubilados/as,Hombre,Gipuzkoa,Por 10.000 habitantes,9.4
2012,Profesionales de enfermería y obstetricia,No jubilados/as,Hombre,Gipuzkoa,Por 10.000 habitantes,12.8
2017,Profesionales de enfermería y obstetricia,No jubilados/as,Hombre,Gipuzkoa,Por 10.000 habitantes,10.4
2019,Profesionales de enfermería y obstetricia,No jubilados/as,Hombre,Gipuzkoa,Por 10.000 habitantes,11.2
2016,Profesionales de enfermería y obstetricia,No jubilados/as,Hombre,Gipuzkoa,Por 10.000 habitantes,10.4
2011,Profesionales de enfermería y obstetricia,No jubilados/as,Hombre,Gipuzkoa,Por 10.000 habitantes,13.2
2014,Profesionales de enfermería y obstetricia,No jubilados/as,Hombre,Gipuzkoa,Por 10.000 habitantes,9.7
2020,Profesionales de enfermería y obstetricia,No jubilados/as,Hombre,Gipuzkoa,Por 10.000 habitantes,12.1
2010,Profesionales de enfermería y obstetricia,No jubilados/as,Hombre,Gipuzkoa,Por 10.000 habitantes,8.1
2025,Profesionales de enfermería y obstetricia,No jubilados/as,Hombre,Gipuzkoa,Por 10.000 habitantes,13.4
2024,Profesionales de enfermería y obstetricia,No jubilados/as,Hombre,Gipuzkoa,Por 10.000 habitantes,12.9
2022,Profesionales de enfermería y obstetricia,No jubilados/as,Hombre,Gipuzkoa,Por 10.000 habitantes,12.5
2021,Profesionales de enfermería y obstetricia,No jubilados/as,Hombre,Gipuzkoa,Por 10.000 habitantes,12.2
2025,Dentista,,,,Por 10.000 habitantes,9.1
2023,Dentista,No jubilados/as,,,Por 10.000 habitantes,8.7
2019,Dentista,No jubilados/as,,,Por 10.000 habitantes,8.4
2013,Dentista,No jubilados/as,,,Por 10.000 habitantes,7.7
2021,Dentista,No jubilados/as,,,Por 10.000 habitantes,8.8
2010,Dentista,No jubilados/as,,,Por 10.000 habitantes,7.3
2022,Dentista,No jubilados/as,,,Por 10.000 habitantes,8.7
2016,Dentista,No jubilados/as,,,Por 10.000 habitantes,8.2
2010,Dentista,Jubilados/as,,,Por 10.000 habitantes,0.0
2020,Dentista,No jubilados/as,,,Por 10.000 habitantes,8.5
2024,Dentista,,,,Por 10.000 habitantes,9.1
2017,Dentista,No jubilados/as,,,Por 10.000 habitantes,8.3
2011,Dentista,,,,Por 10.000 habitantes,7.4
2013,Dentista,,,,Por 10.000 habitantes,7.8
2014,Dentista,Jubilados/as,,,Por 10.000 habitantes,0.1
2017,Dentista,Jubilados/as,,,Por 10.000 habitantes,0.1
2015,Dentista,No jubilados/as,,,Por 10.000 habitantes,8.1
2014,Dentista,,,,Por 10.000 habitantes,7.9
2024,Dentista,No jubilados/as,,,Por 10.000 habitantes,8.7
2012,Dentista,No jubilados/as,,,Por 10.000 habitantes,7.5
2017,Dentista,,,,Por 10.000 habitantes,8.4
2016,Dentista,,,,Por 10.000 habitantes,8.3
2023,Dentista,Jubilados/as,,,Por 10.000 habitantes,0.3
2015,Dentista,,,,Por 10.000 habitantes,8.2
2023,Dentista,,,,Por 10.000 habitantes,9.0
2025,Dentista,No jubilados/as,,,Por 10.000 habitantes,8.6
2018,Dentista,No jubilados/as,,,Por 10.000 habitantes,8.4
2022,Dentista,Jubilados/as,,,Por 10.000 habitantes,0.3
2019,Dentista,Jubilados/as,,,Por 10.000 habitantes,0.2
2013,Dentista,Jubilados/as,,,Por 10.000 habitantes,0.1
2014,Dentista,No jubilados/as,,,Por 10.000 habitantes,7.8
2019,Dentista,,,,Por 10.000 habitantes,8.6
2016,Dentista,Jubilados/as,,,Por 10.000 habitantes,0.1
2012,Dentista,Jubilados/as,,,Por 10.000 habitantes,0.2
2012,Dentista,,,,Por 10.000 habitantes,7.6
2020,Dentista,Jubilados/as,,,Por 10.000 habitantes,0.2
2024,Dentista,Jubilados/as,,,Por 10.000 habitantes,0.4
2022,Dentista,,,,Por 10.000 habitantes,9.0
2018,Dentista,,,,Por 10.000 habitantes,8.6
2025,Dentista,Jubilados/as,,,Por 10.000 habitantes,0.4
2020,Dentista,,,,Por 10.000 habitantes,8.8
2010,Dentista,,,,Por 10.000 habitantes,7.3
2021,Dentista,Jubilados/as,,,Por 10.000 habitantes,0.3
2015,Dentista,Jubilados/as,,,Por 10.000 habitantes,0.1
2021,Dentista,,,,Por 10.000 habitantes,9.0
2018,Dentista,Jubilados/as,,,Por 10.000 habitantes,0.1
2024,Dentista,Jubilados/as,,Araba/Álava,Por 10.000 habitantes,0.0
2023,Dentista,,,Araba/Álava,Por 10.000 habitantes,6.4
2018,Dentista,Jubilados/as,,Araba/Álava,Por 10.000 habitantes,0.0
2017,Dentista,,,Araba/Álava,Por 10.000 habitantes,6.3
2010,Dentista,Jubilados/as,,Araba/Álava,Por 10.000 habitantes,0.0
2025,Dentista,,,Araba/Álava,Por 10.000 habitantes,6.5
2016,Dentista,No jubilados/as,,Araba/Álava,Por 10.000 habitantes,6.5
2017,Dentista,Jubilados/as,,Araba/Álava,Por 10.000 habitantes,0.0
2023,Dentista,Jubilados/as,,Araba/Álava,Por 10.000 habitantes,0.0
2010,Dentista,,,Araba/Álava,Por 10.000 habitantes,5.6
2015,Dentista,,,Araba/Álava,Por 10.000 habitantes,6.5
2023,Dentista,No jubilados/as,,Araba/Álava,Por 10.000 habitantes,6.4
2020,Dentista,No jubilados/as,,Araba/Álava,Por 10.000 habitantes,6.7
2019,Dentista,No jubilados/as,,Araba/Álava,Por 10.000 habitantes,6.7
2017,Dentista,No jubilados/as,,Araba/Álava,Por 10.000 habitantes,6.3
2014,Dentista,No jubilados/as,,Araba/Álava,Por 10.000 habitantes,6.2
2012,Dentista,No jubilados/as,,Araba/Álava,Por 10.000 habitantes,5.7
2010,Dentista,No jubilados/as,,Araba/Álava,Por 10.000 habitantes,5.6
2013,Dentista,No jubilados/as,,Araba/Álava,Por 10.000 habitantes,6.0
2021,Dentista,Jubilados/as,,Araba/Álava,Por 10.000 habitantes,0.0
2016,Dentista,Jubilados/as,,Araba/Álava,Por 10.000 habitantes,0.0
2014,Dentista,Jubilados/as,,Araba/Álava,Por 10.000 habitantes,0.0
2012,Dentista,Jubilados/as,,Araba/Álava,Por 10.000 habitantes,0.0
2020,Dentista,Jubilados/as,,Araba/Álava,Por 10.000 habitantes,0.0
2014,Dentista,,,Araba/Álava,Por 10.000 habitantes,6.2
2018,Dentista,No jubilados/as,,Araba/Álava,Por 10.000 habitantes,6.4
2015,Dentista,No jubilados/as,,Araba/Álava,Por 10.000 habitantes,6.5
2011,Dentista,,,Araba/Álava,Por 10.000 habitantes,5.7
2022,Dentista,,,Araba/Álava,Por 10.000 habitantes,6.4
2020,Dentista,,,Araba/Álava,Por 10.000 habitantes,6.7
2021,Dentista,,,Araba/Álava,Por 10.000 habitantes,6.6
2013,Dentista,,,Araba/Álava,Por 10.000 habitantes,6.0
2019,Dentista,,,Araba/Álava,Por 10.000 habitantes,6.7
2018,Dentista,,,Araba/Álava,Por 10.000 habitantes,6.4
2024,Dentista,,,Araba/Álava,Por 10.000 habitantes,6.7
2012,Dentista,,,Araba/Álava,Por 10.000 habitantes,5.7
2021,Dentista,No jubilados/as,,Araba/Álava,Por 10.000 habitantes,6.6
2024,Dentista,No jubilados/as,,Araba/Álava,Por 10.000 habitantes,6.7
2022,Dentista,No jubilados/as,,Araba/Álava,Por 10.000 habitantes,6.4
2025,Dentista,No jubilados/as,,Araba/Álava,Por 10.000 habitantes,6.5
2016,Dentista,,,Araba/Álava,Por 10.000 habitantes,6.5
2025,Dentista,Jubilados/as,,Araba/Álava,Por 10.000 habitantes,0.0
2019,Dentista,Jubilados/as,,Araba/Álava,Por 10.000 habitantes,0.0
2015,Dentista,Jubilados/as,,Araba/Álava,Por 10.000 habitantes,0.0
2022,Dentista,Jubilados/as,,Araba/Álava,Por 10.000 habitantes,0.0
2013,Dentista,Jubilados/as,,Araba/Álava,Por 10.000 habitantes,0.0
2014,Dentista,Jubilados/as,,Bizkaia,Por 10.000 habitantes,0.0
2024,Dentista,,,Bizkaia,Por 10.000 habitantes,9.1
2013,Dentista,,,Bizkaia,Por 10.000 habitantes,8.1
2023,Dentista,,,Bizkaia,Por 10.000 habitantes,9.2
2017,Dentista,,,Bizkaia,Por 10.000 habitantes,8.9
2018,Dentista,Jubilados/as,,Bizkaia,Por 10.000 habitantes,0.0
2020,Dentista,,,Bizkaia,Por 10.000 habitantes,9.1
2016,Dentista,Jubilados/as,,Bizkaia,Por 10.000 habitantes,0.0
2022,Dentista,Jubilados/as,,Bizkaia,Por 10.000 habitantes,0.0
2018,Dentista,,,Bizkaia,Por 10.000 habitantes,9.0
2023,Dentista,Jubilados/as,,Bizkaia,Por 10.000 habitantes,0.0
2014,Dentista,,,Bizkaia,Por 10.000 habitantes,8.3
2021,Dentista,Jubilados/as,,Bizkaia,Por 10.000 habitantes,0.0
2019,Dentista,Jubilados/as,,Bizkaia,Por 10.000 habitantes,0.0
2024,Dentista,Jubilados/as,,Bizkaia,Por 10.000 habitantes,0.0
2016,Dentista,,,Bizkaia,Por 10.000 habitantes,8.7
2010,Dentista,,,Bizkaia,Por 10.000 habitantes,7.7
2017,Dentista,Jubilados/as,,Bizkaia,Por 10.000 habitantes,0.0
2020,Dentista,Jubilados/as,,Bizkaia,Por 10.000 habitantes,0.0
2025,Dentista,Jubilados/as,,Bizkaia,Por 10.000 habitantes,0.0
2010,Dentista,Jubilados/as,,Bizkaia,Por 10.000 habitantes,0.0
2012,Dentista,,,Bizkaia,Por 10.000 habitantes,7.9
2013,Dentista,Jubilados/as,,Bizkaia,Por 10.000 habitantes,0.0
2012,Dentista,Jubilados/as,,Bizkaia,Por 10.000 habitantes,0.0
2022,Dentista,,,Bizkaia,Por 10.000 habitantes,9.3
2015,Dentista,Jubilados/as,,Bizkaia,Por 10.000 habitantes,0.0
2015,Dentista,,,Bizkaia,Por 10.000 habitantes,8.5
2011,Dentista,,,Bizkaia,Por 10.000 habitantes,7.9
2025,Dentista,,,Bizkaia,Por 10.000 habitantes,9.1
2021,Dentista,,,Bizkaia,Por 10.000 habitantes,9.3
2019,Dentista,,,Bizkaia,Por 10.000 habitantes,9.1
2021,Dentista,No jubilados/as,,Bizkaia,Por 10.000 habitantes,9.3
2022,Dentista,No jubilados/as,,Bizkaia,Por 10.000 habitantes,9.3
2024,Dentista,No jubilados/as,,Bizkaia,Por 10.000 habitantes,9.1
2018,Dentista,No jubilados/as,,Bizkaia,Por 10.000 habitantes,9.0
2025,Dentista,No jubilados/as,,Bizkaia,Por 10.000 habitantes,9.1
2020,Dentista,No jubilados/as,,Bizkaia,Por 10.000 habitantes,9.1
2023,Dentista,No jubilados/as,,Bizkaia,Por 10.000 habitantes,9.2
2019,Dentista,No jubilados/as,,Bizkaia,Por 10.000 habitantes,9.1
2014,Dentista,No jubilados/as,,Bizkaia,Por 10.000 habitantes,8.3
2010,Dentista,No jubilados/as,,Bizkaia,Por 10.000 habitantes,7.7
2013,Dentista,No jubilados/as,,Bizkaia,Por 10.000 habitantes,8.1
2015,Dentista,No jubilados/as,,Bizkaia,Por 10.000 habitantes,8.5
2017,Dentista,No jubilados/as,,Bizkaia,Por 10.000 habitantes,8.9
2016,Dentista,No jubilados/as,,Bizkaia,Por 10.000 habitantes,8.7
2012,Dentista,No jubilados/as,,Bizkaia,Por 10.000 habitantes,7.9
2021,Dentista,Jubilados/as,,Gipuzkoa,Por 10.000 habitantes,0.8
2017,Dentista,Jubilados/as,,Gipuzkoa,Por 10.000 habitantes,0.4
2019,Dentista,,,Gipuzkoa,Por 10.000 habitantes,8.8
2011,Dentista,,,Gipuzkoa,Por 10.000 habitantes,7.3
2025,Dentista,,,Gipuzkoa,Por 10.000 habitantes,10.2
2022,Dentista,,,Gipuzkoa,Por 10.000 habitantes,9.8
2017,Dentista,,,Gipuzkoa,Por 10.000 habitantes,8.7
2021,Dentista,,,Gipuzkoa,Por 10.000 habitantes,9.7
2018,Dentista,,,Gipuzkoa,Por 10.000 habitantes,8.8
2020,Dentista,,,Gipuzkoa,Por 10.000 habitantes,9.2
2012,Dentista,,,Gipuzkoa,Por 10.000 habitantes,8.0
2016,Dentista,No jubilados/as,,Gipuzkoa,Por 10.000 habitantes,8.2
2014,Dentista,,,Gipuzkoa,Por 10.000 habitantes,8.0
2024,Dentista,Jubilados/as,,Gipuzkoa,Por 10.000 habitantes,1.2
2019,Dentista,Jubilados/as,,Gipuzkoa,Por 10.000 habitantes,0.6
2023,Dentista,Jubilados/as,,Gipuzkoa,Por 10.000 habitantes,1.1
2018,Dentista,Jubilados/as,,Gipuzkoa,Por 10.000 habitantes,0.4
2025,Dentista,Jubilados/as,,Gipuzkoa,Por 10.000 habitantes,1.4
2015,Dentista,Jubilados/as,,Gipuzkoa,Por 10.000 habitantes,0.4
2010,Dentista,,,Gipuzkoa,Por 10.000 habitantes,7.3
2012,Dentista,Jubilados/as,,Gipuzkoa,Por 10.000 habitantes,0.5
2014,Dentista,Jubilados/as,,Gipuzkoa,Por 10.000 habitantes,0.3
2022,Dentista,Jubilados/as,,Gipuzkoa,Por 10.000 habitantes,1.0
2013,Dentista,,,Gipuzkoa,Por 10.000 habitantes,8.1
2016,Dentista,,,Gipuzkoa,Por 10.000 habitantes,8.7
2010,Dentista,Jubilados/as,,Gipuzkoa,Por 10.000 habitantes,0.0
2015,Dentista,,,Gipuzkoa,Por 10.000 habitantes,8.5
2023,Dentista,,,Gipuzkoa,Por 10.000 habitantes,10.0
2024,Dentista,,,Gipuzkoa,Por 10.000 habitantes,10.0
2013,Dentista,Jubilados/as,,Gipuzkoa,Por 10.000 habitantes,0.4
2025,Dentista,No jubilados/as,,Gipuzkoa,Por 10.000 habitantes,8.8
2023,Dentista,No jubilados/as,,Gipuzkoa,Por 10.000 habitantes,8.9
2024,Dentista,No jubilados/as,,Gipuzkoa,Por 10.000 habitantes,8.9
2021,Dentista,No jubilados/as,,Gipuzkoa,Por 10.000 habitantes,8.9
2019,Dentista,No jubilados/as,,Gipuzkoa,Por 10.000 habitantes,8.2
2015,Dentista,No jubilados/as,,Gipuzkoa,Por 10.000 habitantes,8.1
2018,Dentista,No jubilados/as,,Gipuzkoa,Por 10.000 habitantes,8.4
2022,Dentista,No jubilados/as,,Gipuzkoa,Por 10.000 habitantes,8.8
2020,Dentista,No jubilados/as,,Gipuzkoa,Por 10.000 habitantes,8.5
2014,Dentista,No jubilados/as,,Gipuzkoa,Por 10.000 habitantes,7.7
2017,Dentista,No jubilados/as,,Gipuzkoa,Por 10.000 habitantes,8.3
2010,Dentista,No jubilados/as,,Gipuzkoa,Por 10.000 habitantes,7.3
2012,Dentista,No jubilados/as,,Gipuzkoa,Por 10.000 habitantes,7.5
2013,Dentista,No jubilados/as,,Gipuzkoa,Por 10.000 habitantes,7.7
2016,Dentista,Jubilados/as,,Gipuzkoa,Por 10.000 habitantes,0.4
2020,Dentista,Jubilados/as,,Gipuzkoa,Por 10.000 habitantes,0.7
2020,Dentista,,Mujer,,Por 10.000 habitantes,11.1
2022,Dentista,,Mujer,,Por 10.000 habitantes,11.4
2016,Dentista,Jubilados/as,Mujer,,Por 10.000 habitantes,0.0
2017,Dentista,,Mujer,,Por 10.000 habitantes,10.4
2021,Dentista,No jubilados/as,Mujer,,Por 10.000 habitantes,11.3
2023,Dentista,,Mujer,,Por 10.000 habitantes,11.5
2016,Dentista,No jubilados/as,Mujer,,Por 10.000 habitantes,10.1
2015,Dentista,No jubilados/as,Mujer,,Por 10.000 habitantes,9.9
2017,Dentista,No jubilados/as,Mujer,,Por 10.000 habitantes,10.3
2017,Dentista,Jubilados/as,Mujer,,Por 10.000 habitantes,0.0
2025,Dentista,,Mujer,,Por 10.000 habitantes,11.8
2022,Dentista,Jubilados/as,Mujer,,Por 10.000 habitantes,0.2
2021,Dentista,Jubilados/as,Mujer,,Por 10.000 habitantes,0.1
2014,Dentista,Jubilados/as,Mujer,,Por 10.000 habitantes,0.0
2016,Dentista,,Mujer,,Por 10.000 habitantes,10.2
2025,Dentista,No jubilados/as,Mujer,,Por 10.000 habitantes,11.6
2021,Dentista,,Mujer,,Por 10.000 habitantes,11.4
2020,Dentista,Jubilados/as,Mujer,,Por 10.000 habitantes,0.1
2015,Dentista,Jubilados/as,Mujer,,Por 10.000 habitantes,0.0
2024,Dentista,No jubilados/as,Mujer,,Por 10.000 habitantes,11.5
2012,Dentista,Jubilados/as,Mujer,,Por 10.000 habitantes,0.0
2013,Dentista,Jubilados/as,Mujer,,Por 10.000 habitantes,0.0
2012,Dentista,No jubilados/as,Mujer,,Por 10.000 habitantes,9.0
2010,Dentista,Jubilados/as,Mujer,,Por 10.000 habitantes,0.0
2025,Dentista,Jubilados/as,Mujer,,Por 10.000 habitantes,0.3
2012,Dentista,,Mujer,,Por 10.000 habitantes,9.1
2010,Dentista,No jubilados/as,Mujer,,Por 10.000 habitantes,6.7
2010,Dentista,,Mujer,,Por 10.000 habitantes,6.7
2014,Dentista,,Mujer,,Por 10.000 habitantes,9.5
2019,Dentista,,Mujer,,Por 10.000 habitantes,10.6
2011,Dentista,,Mujer,,Por 10.000 habitantes,6.8
2020,Dentista,No jubilados/as,Mujer,,Por 10.000 habitantes,11.1
2018,Dentista,No jubilados/as,Mujer,,Por 10.000 habitantes,10.6
2023,Dentista,No jubilados/as,Mujer,,Por 10.000 habitantes,11.3
2014,Dentista,No jubilados/as,Mujer,,Por 10.000 habitantes,9.5
2013,Dentista,No jubilados/as,Mujer,,Por 10.000 habitantes,9.2
2023,Dentista,Jubilados/as,Mujer,,Por 10.000 habitantes,0.2
2018,Dentista,,Mujer,,Por 10.000 habitantes,10.6
2013,Dentista,,Mujer,,Por 10.000 habitantes,9.3
2019,Dentista,Jubilados/as,Mujer,,Por 10.000 habitantes,0.1
2015,Dentista,,Mujer,,Por 10.000 habitantes,9.9
2024,Dentista,Jubilados/as,Mujer,,Por 10.000 habitantes,0.2
2024,Dentista,,Mujer,,Por 10.000 habitantes,11.7
2019,Dentista,No jubilados/as,Mujer,,Por 10.000 habitantes,10.5
2018,Dentista,Jubilados/as,Mujer,,Por 10.000 habitantes,0.0
2022,Dentista,No jubilados/as,Mujer,,Por 10.000 habitantes,11.2
2019,Dentista,Jubilados/as,Mujer,Araba/Álava,Por 10.000 habitantes,0.0
2021,Dentista,Jubilados/as,Mujer,Araba/Álava,Por 10.000 habitantes,0.0
2017,Dentista,Jubilados/as,Mujer,Araba/Álava,Por 10.000 habitantes,0.0
2013,Dentista,Jubilados/as,Mujer,Araba/Álava,Por 10.000 habitantes,0.0
2016,Dentista,No jubilados/as,Mujer,Araba/Álava,Por 10.000 habitantes,8.2
2010,Dentista,,Mujer,Araba/Álava,Por 10.000 habitantes,5.3
2023,Dentista,No jubilados/as,Mujer,Araba/Álava,Por 10.000 habitantes,8.1
2025,Dentista,,Mujer,Araba/Álava,Por 10.000 habitantes,8.3
2019,Dentista,No jubilados/as,Mujer,Araba/Álava,Por 10.000 habitantes,8.4
2019,Dentista,,Mujer,Araba/Álava,Por 10.000 habitantes,8.4
2018,Dentista,,Mujer,Araba/Álava,Por 10.000 habitantes,8.0
2012,Dentista,,Mujer,Araba/Álava,Por 10.000 habitantes,7.2
2024,Dentista,,Mujer,Araba/Álava,Por 10.000 habitantes,8.6
2010,Dentista,No jubilados/as,Mujer,Araba/Álava,Por 10.000 habitantes,5.3
2011,Dentista,,Mujer,Araba/Álava,Por 10.000 habitantes,5.5
2023,Dentista,,Mujer,Araba/Álava,Por 10.000 habitantes,8.1
2014,Dentista,No jubilados/as,Mujer,Araba/Álava,Por 10.000 habitantes,7.9
2013,Dentista,No jubilados/as,Mujer,Araba/Álava,Por 10.000 habitantes,7.7
2023,Dentista,Jubilados/as,Mujer,Araba/Álava,Por 10.000 habitantes,0.0
2015,Dentista,No jubilados/as,Mujer,Araba/Álava,Por 10.000 habitantes,8.2
2018,Dentista,No jubilados/as,Mujer,Araba/Álava,Por 10.000 habitantes,8.0
2017,Dentista,,Mujer,Araba/Álava,Por 10.000 habitantes,7.9
2021,Dentista,No jubilados/as,Mujer,Araba/Álava,Por 10.000 habitantes,8.2
2020,Dentista,,Mujer,Araba/Álava,Por 10.000 habitantes,8.5
2016,Dentista,,Mujer,Araba/Álava,Por 10.000 habitantes,8.2
2022,Dentista,No jubilados/as,Mujer,Araba/Álava,Por 10.000 habitantes,8.0
2025,Dentista,No jubilados/as,Mujer,Araba/Álava,Por 10.000 habitantes,8.3
2021,Dentista,,Mujer,Araba/Álava,Por 10.000 habitantes,8.2
2015,Dentista,,Mujer,Araba/Álava,Por 10.000 habitantes,8.2
2013,Dentista,,Mujer,Araba/Álava,Por 10.000 habitantes,7.7
2022,Dentista,,Mujer,Araba/Álava,Por 10.000 habitantes,8.0
2018,Dentista,Jubilados/as,Mujer,Araba/Álava,Por 10.000 habitantes,0.0
2015,Dentista,Jubilados/as,Mujer,Araba/Álava,Por 10.000 habitantes,0.0
2014,Dentista,Jubilados/as,Mujer,Araba/Álava,Por 10.000 habitantes,0.0
2025,Dentista,Jubilados/as,Mujer,Araba/Álava,Por 10.000 habitantes,0.0
2022,Dentista,Jubilados/as,Mujer,Araba/Álava,Por 10.000 habitantes,0.0
2024,Dentista,Jubilados/as,Mujer,Araba/Álava,Por 10.000 habitantes,0.0
2012,Dentista,Jubilados/as,Mujer,Araba/Álava,Por 10.000 habitantes,0.0
2012,Dentista,No jubilados/as,Mujer,Araba/Álava,Por 10.000 habitantes,7.2
2016,Dentista,Jubilados/as,Mujer,Araba/Álava,Por 10.000 habitantes,0.0
2014,Dentista,,Mujer,Araba/Álava,Por 10.000 habitantes,7.9
2020,Dentista,No jubilados/as,Mujer,Araba/Álava,Por 10.000 habitantes,8.5
2010,Dentista,Jubilados/as,Mujer,Araba/Álava,Por 10.000 habitantes,0.0
2024,Dentista,No jubilados/as,Mujer,Araba/Álava,Por 10.000 habitantes,8.6
2020,Dentista,Jubilados/as,Mujer,Araba/Álava,Por 10.000 habitantes,0.0
2017,Dentista,No jubilados/as,Mujer,Araba/Álava,Por 10.000 habitantes,7.9
2020,Dentista,,Mujer,Bizkaia,Por 10.000 habitantes,11.5
2018,Dentista,,Mujer,Bizkaia,Por 10.000 habitantes,11.1
2015,Dentista,,Mujer,Bizkaia,Por 10.000 habitantes,10.1
2012,Dentista,,Mujer,Bizkaia,Por 10.000 habitantes,9.3
2016,Dentista,,Mujer,Bizkaia,Por 10.000 habitantes,10.4
2024,Dentista,,Mujer,Bizkaia,Por 10.000 habitantes,11.9
2019,Dentista,,Mujer,Bizkaia,Por 10.000 habitantes,11.3
2023,Dentista,,Mujer,Bizkaia,Por 10.000 habitantes,11.9
2013,Dentista,No jubilados/as,Mujer,Bizkaia,Por 10.000 habitantes,9.5
2016,Dentista,No jubilados/as,Mujer,Bizkaia,Por 10.000 habitantes,10.4
2025,Dentista,,Mujer,Bizkaia,Por 10.000 habitantes,12.1
2017,Dentista,,Mujer,Bizkaia,Por 10.000 habitantes,10.8
2019,Dentista,Jubilados/as,Mujer,Bizkaia,Por 10.000 habitantes,0.0
2021,Dentista,Jubilados/as,Mujer,Bizkaia,Por 10.000 habitantes,0.0
2016,Dentista,Jubilados/as,Mujer,Bizkaia,Por 10.000 habitantes,0.0
2010,Dentista,Jubilados/as,Mujer,Bizkaia,Por 10.000 habitantes,0.0
2017,Dentista,Jubilados/as,Mujer,Bizkaia,Por 10.000 habitantes,0.0
2013,Dentista,Jubilados/as,Mujer,Bizkaia,Por 10.000 habitantes,0.0
2022,Dentista,Jubilados/as,Mujer,Bizkaia,Por 10.000 habitantes,0.0
2015,Dentista,Jubilados/as,Mujer,Bizkaia,Por 10.000 habitantes,0.0
2025,Dentista,Jubilados/as,Mujer,Bizkaia,Por 10.000 habitantes,0.0
2023,Dentista,Jubilados/as,Mujer,Bizkaia,Por 10.000 habitantes,0.0
2020,Dentista,Jubilados/as,Mujer,Bizkaia,Por 10.000 habitantes,0.0
2024,Dentista,Jubilados/as,Mujer,Bizkaia,Por 10.000 habitantes,0.0
2014,Dentista,Jubilados/as,Mujer,Bizkaia,Por 10.000 habitantes,0.0
2012,Dentista,Jubilados/as,Mujer,Bizkaia,Por 10.000 habitantes,0.0
2018,Dentista,Jubilados/as,Mujer,Bizkaia,Por 10.000 habitantes,0.0
2011,Dentista,,Mujer,Bizkaia,Por 10.000 habitantes,7.3
2014,Dentista,No jubilados/as,Mujer,Bizkaia,Por 10.000 habitantes,9.7
2018,Dentista,No jubilados/as,Mujer,Bizkaia,Por 10.000 habitantes,11.1
2022,Dentista,No jubilados/as,Mujer,Bizkaia,Por 10.000 habitantes,11.8
2024,Dentista,No jubilados/as,Mujer,Bizkaia,Por 10.000 habitantes,11.9
2020,Dentista,No jubilados/as,Mujer,Bizkaia,Por 10.000 habitantes,11.5
2025,Dentista,No jubilados/as,Mujer,Bizkaia,Por 10.000 habitantes,12.1
2023,Dentista,No jubilados/as,Mujer,Bizkaia,Por 10.000 habitantes,11.9
2021,Dentista,No jubilados/as,Mujer,Bizkaia,Por 10.000 habitantes,11.8
2017,Dentista,No jubilados/as,Mujer,Bizkaia,Por 10.000 habitantes,10.8
2015,Dentista,No jubilados/as,Mujer,Bizkaia,Por 10.000 habitantes,10.1
2019,Dentista,No jubilados/as,Mujer,Bizkaia,Por 10.000 habitantes,11.3
2012,Dentista,No jubilados/as,Mujer,Bizkaia,Por 10.000 habitantes,9.3
2010,Dentista,No jubilados/as,Mujer,Bizkaia,Por 10.000 habitantes,7.2
2010,Dentista,,Mujer,Bizkaia,Por 10.000 habitantes,7.2
2021,Dentista,,Mujer,Bizkaia,Por 10.000 habitantes,11.8
2014,Dentista,,Mujer,Bizkaia,Por 10.000 habitantes,9.7
2022,Dentista,,Mujer,Bizkaia,Por 10.000 habitantes,11.8
2013,Dentista,,Mujer,Bizkaia,Por 10.000 habitantes,9.5
2023,Dentista,Jubilados/as,Mujer,Gipuzkoa,Por 10.000 habitantes,0.6
2021,Dentista,Jubilados/as,Mujer,Gipuzkoa,Por 10.000 habitantes,0.3
2022,Dentista,Jubilados/as,Mujer,Gipuzkoa,Por 10.000 habitantes,0.5
2024,Dentista,Jubilados/as,Mujer,Gipuzkoa,Por 10.000 habitantes,0.7
2016,Dentista,Jubilados/as,Mujer,Gipuzkoa,Por 10.000 habitantes,0.1
2019,Dentista,Jubilados/as,Mujer,Gipuzkoa,Por 10.000 habitantes,0.2
2015,Dentista,Jubilados/as,Mujer,Gipuzkoa,Por 10.000 habitantes,0.1
2018,Dentista,Jubilados/as,Mujer,Gipuzkoa,Por 10.000 habitantes,0.1
2014,Dentista,Jubilados/as,Mujer,Gipuzkoa,Por 10.000 habitantes,0.1
2020,Dentista,Jubilados/as,Mujer,Gipuzkoa,Por 10.000 habitantes,0.2
2012,Dentista,Jubilados/as,Mujer,Gipuzkoa,Por 10.000 habitantes,0.1
2010,Dentista,Jubilados/as,Mujer,Gipuzkoa,Por 10.000 habitantes,0.0
2022,Dentista,,Mujer,Gipuzkoa,Por 10.000 habitantes,12.1
2017,Dentista,Jubilados/as,Mujer,Gipuzkoa,Por 10.000 habitantes,0.1
2025,Dentista,Jubilados/as,Mujer,Gipuzkoa,Por 10.000 habitantes,0.8
2013,Dentista,Jubilados/as,Mujer,Gipuzkoa,Por 10.000 habitantes,0.1
2013,Dentista,No jubilados/as,Mujer,Gipuzkoa,Por 10.000 habitantes,9.5
2019,Dentista,No jubilados/as,Mujer,Gipuzkoa,Por 10.000 habitantes,10.4
2017,Dentista,No jubilados/as,Mujer,Gipuzkoa,Por 10.000 habitantes,10.7
2015,Dentista,No jubilados/as,Mujer,Gipuzkoa,Por 10.000 habitantes,10.2
2018,Dentista,No jubilados/as,Mujer,Gipuzkoa,Por 10.000 habitantes,10.9
2012,Dentista,No jubilados/as,Mujer,Gipuzkoa,Por 10.000 habitantes,9.3
2016,Dentista,No jubilados/as,Mujer,Gipuzkoa,Por 10.000 habitantes,10.5
2010,Dentista,No jubilados/as,Mujer,Gipuzkoa,Por 10.000 habitantes,6.6
2023,Dentista,No jubilados/as,Mujer,Gipuzkoa,Por 10.000 habitantes,11.9
2010,Dentista,,Mujer,Gipuzkoa,Por 10.000 habitantes,6.6
2014,Dentista,,Mujer,Gipuzkoa,Por 10.000 habitantes,9.8
2023,Dentista,,Mujer,Gipuzkoa,Por 10.000 habitantes,12.6
2022,Dentista,No jubilados/as,Mujer,Gipuzkoa,Por 10.000 habitantes,11.6
2017,Dentista,,Mujer,Gipuzkoa,Por 10.000 habitantes,10.8
2014,Dentista,No jubilados/as,Mujer,Gipuzkoa,Por 10.000 habitantes,9.8
2018,Dentista,,Mujer,Gipuzkoa,Por 10.000 habitantes,11.0
2025,Dentista,,Mujer,Gipuzkoa,Por 10.000 habitantes,13.1
2016,Dentista,,Mujer,Gipuzkoa,Por 10.000 habitantes,10.6
2020,Dentista,,Mujer,Gipuzkoa,Por 10.000 habitantes,11.8
2024,Dentista,,Mujer,Gipuzkoa,Por 10.000 habitantes,12.8
2012,Dentista,,Mujer,Gipuzkoa,Por 10.000 habitantes,9.4
2021,Dentista,,Mujer,Gipuzkoa,Por 10.000 habitantes,12.1
2011,Dentista,,Mujer,Gipuzkoa,Por 10.000 habitantes,6.7
2015,Dentista,,Mujer,Gipuzkoa,Por 10.000 habitantes,10.3
2020,Dentista,No jubilados/as,Mujer,Gipuzkoa,Por 10.000 habitantes,11.6
2024,Dentista,No jubilados/as,Mujer,Gipuzkoa,Por 10.000 habitantes,12.1
2021,Dentista,No jubilados/as,Mujer,Gipuzkoa,Por 10.000 habitantes,11.8
2025,Dentista,No jubilados/as,Mujer,Gipuzkoa,Por 10.000 habitantes,12.3
2013,Dentista,,Mujer,Gipuzkoa,Por 10.000 habitantes,9.6
2019,Dentista,,Mujer,Gipuzkoa,Por 10.000 habitantes,10.5
2024,Dentista,,Hombre,,Por 10.000 habitantes,6.3
2025,Dentista,Jubilados/as,Hombre,,Por 10.000 habitantes,0.7
2017,Dentista,No jubilados/as,Hombre,,Por 10.000 habitantes,6.1
2023,Dentista,No jubilados/as,Hombre,,Por 10.000 habitantes,5.9
2021,Dentista,No jubilados/as,Hombre,,Por 10.000 habitantes,6.1
2024,Dentista,Jubilados/as,Hombre,,Por 10.000 habitantes,0.5
2018,Dentista,Jubilados/as,Hombre,,Por 10.000 habitantes,0.2
2025,Dentista,,Hombre,,Por 10.000 habitantes,6.1
2022,Dentista,,Hombre,,Por 10.000 habitantes,6.5
2019,Dentista,Jubilados/as,Hombre,,Por 10.000 habitantes,0.3
2013,Dentista,Jubilados/as,Hombre,,Por 10.000 habitantes,0.3
2020,Dentista,,Hombre,,Por 10.000 habitantes,6.2
2021,Dentista,,Hombre,,Por 10.000 habitantes,6.5
2023,Dentista,,Hombre,,Por 10.000 habitantes,6.4
2021,Dentista,Jubilados/as,Hombre,,Por 10.000 habitantes,0.4
2016,Dentista,Jubilados/as,Hombre,,Por 10.000 habitantes,0.3
2014,Dentista,Jubilados/as,Hombre,,Por 10.000 habitantes,0.2
2020,Dentista,Jubilados/as,Hombre,,Por 10.000 habitantes,0.4
2011,Dentista,,Hombre,,Por 10.000 habitantes,7.9
2022,Dentista,Jubilados/as,Hombre,,Por 10.000 habitantes,0.5
2012,Dentista,Jubilados/as,Hombre,,Por 10.000 habitantes,0.3
2014,Dentista,,Hombre,,Por 10.000 habitantes,6.2
2017,Dentista,Jubilados/as,Hombre,,Por 10.000 habitantes,0.3
2010,Dentista,No jubilados/as,Hombre,,Por 10.000 habitantes,7.8
2023,Dentista,Jubilados/as,Hombre,,Por 10.000 habitantes,0.5
2018,Dentista,,Hombre,,Por 10.000 habitantes,6.4
2015,Dentista,,Hombre,,Por 10.000 habitantes,6.4
2019,Dentista,,Hombre,,Por 10.000 habitantes,6.5
2014,Dentista,No jubilados/as,Hombre,,Por 10.000 habitantes,6.0
2010,Dentista,,Hombre,,Por 10.000 habitantes,7.8
2017,Dentista,,Hombre,,Por 10.000 habitantes,6.4
2012,Dentista,No jubilados/as,Hombre,,Por 10.000 habitantes,5.8
2018,Dentista,No jubilados/as,Hombre,,Por 10.000 habitantes,6.1
2020,Dentista,No jubilados/as,Hombre,,Por 10.000 habitantes,5.9
2015,Dentista,Jubilados/as,Hombre,,Por 10.000 habitantes,0.3
2019,Dentista,No jubilados/as,Hombre,,Por 10.000 habitantes,6.2
2025,Dentista,No jubilados/as,Hombre,,Por 10.000 habitantes,5.5
2024,Dentista,No jubilados/as,Hombre,,Por 10.000 habitantes,5.7
2013,Dentista,,Hombre,,Por 10.000 habitantes,6.3
2012,Dentista,,Hombre,,Por 10.000 habitantes,6.1
2022,Dentista,No jubilados/as,Hombre,,Por 10.000 habitantes,6.0
2010,Dentista,Jubilados/as,Hombre,,Por 10.000 habitantes,0.0
2015,Dentista,No jubilados/as,Hombre,,Por 10.000 habitantes,6.2
2013,Dentista,No jubilados/as,Hombre,,Por 10.000 habitantes,6.0
2016,Dentista,No jubilados/as,Hombre,,Por 10.000 habitantes,6.1
2016,Dentista,,Hombre,,Por 10.000 habitantes,6.4
2012,Dentista,Jubilados/as,Hombre,Araba/Álava,Por 10.000 habitantes,0.0
2010,Dentista,,Hombre,Araba/Álava,Por 10.000 habitantes,5.9
2020,Dentista,No jubilados/as,Hombre,Araba/Álava,Por 10.000 habitantes,4.9
2022,Dentista,Jubilados/as,Hombre,Araba/Álava,Por 10.000 habitantes,0.0
2019,Dentista,Jubilados/as,Hombre,Araba/Álava,Por 10.000 habitantes,0.0
2017,Dentista,Jubilados/as,Hombre,Araba/Álava,Por 10.000 habitantes,0.0
2025,Dentista,Jubilados/as,Hombre,Araba/Álava,Por 10.000 habitantes,0.0
2015,Dentista,Jubilados/as,Hombre,Araba/Álava,Por 10.000 habitantes,0.0
2021,Dentista,Jubilados/as,Hombre,Araba/Álava,Por 10.000 habitantes,0.0
2013,Dentista,Jubilados/as,Hombre,Araba/Álava,Por 10.000 habitantes,0.0
2018,Dentista,Jubilados/as,Hombre,Araba/Álava,Por 10.000 habitantes,0.0
2014,Dentista,Jubilados/as,Hombre,Araba/Álava,Por 10.000 habitantes,0.0
2022,Dentista,,Hombre,Araba/Álava,Por 10.000 habitantes,4.7
2014,Dentista,,Hombre,Araba/Álava,Por 10.000 habitantes,4.5
2015,Dentista,,Hombre,Araba/Álava,Por 10.000 habitantes,4.7
2011,Dentista,,Hombre,Araba/Álava,Por 10.000 habitantes,6.0
2013,Dentista,,Hombre,Araba/Álava,Por 10.000 habitantes,4.4
2023,Dentista,Jubilados/as,Hombre,Araba/Álava,Por 10.000 habitantes,0.0
2025,Dentista,,Hombre,Araba/Álava,Por 10.000 habitantes,4.6
2019,Dentista,,Hombre,Araba/Álava,Por 10.000 habitantes,4.9
2023,Dentista,,Hombre,Araba/Álava,Por 10.000 habitantes,4.6
2018,Dentista,,Hombre,Araba/Álava,Por 10.000 habitantes,4.7
2017,Dentista,,Hombre,Araba/Álava,Por 10.000 habitantes,4.6
2010,Dentista,Jubilados/as,Hombre,Araba/Álava,Por 10.000 habitantes,0.0
2018,Dentista,No jubilados/as,Hombre,Araba/Álava,Por 10.000 habitantes,4.7
2020,Dentista,Jubilados/as,Hombre,Araba/Álava,Por 10.000 habitantes,0.0
2016,Dentista,No jubilados/as,Hombre,Araba/Álava,Por 10.000 habitantes,4.7
2014,Dentista,No jubilados/as,Hombre,Araba/Álava,Por 10.000 habitantes,4.5
2023,Dentista,No jubilados/as,Hombre,Araba/Álava,Por 10.000 habitantes,4.6
2024,Dentista,No jubilados/as,Hombre,Araba/Álava,Por 10.000 habitantes,4.7
2025,Dentista,No jubilados/as,Hombre,Araba/Álava,Por 10.000 habitantes,4.6
2017,Dentista,No jubilados/as,Hombre,Araba/Álava,Por 10.000 habitantes,4.6
2021,Dentista,No jubilados/as,Hombre,Araba/Álava,Por 10.000 habitantes,5.0
2013,Dentista,No jubilados/as,Hombre,Araba/Álava,Por 10.000 habitantes,4.4
2015,Dentista,No jubilados/as,Hombre,Araba/Álava,Por 10.000 habitantes,4.7
2012,Dentista,No jubilados/as,Hombre,Araba/Álava,Por 10.000 habitantes,4.3
2010,Dentista,No jubilados/as,Hombre,Araba/Álava,Por 10.000 habitantes,5.9
2024,Dentista,,Hombre,Araba/Álava,Por 10.000 habitantes,4.7
2021,Dentista,,Hombre,Araba/Álava,Por 10.000 habitantes,5.0
2012,Dentista,,Hombre,Araba/Álava,Por 10.000 habitantes,4.3
2020,Dentista,,Hombre,Araba/Álava,Por 10.000 habitantes,4.9
2016,Dentista,,Hombre,Araba/Álava,Por 10.000 habitantes,4.7
2024,Dentista,Jubilados/as,Hombre,Araba/Álava,Por 10.000 habitantes,0.0
2019,Dentista,No jubilados/as,Hombre,Araba/Álava,Por 10.000 habitantes,4.9
2022,Dentista,No jubilados/as,Hombre,Araba/Álava,Por 10.000 habitantes,4.7
2016,Dentista,Jubilados/as,Hombre,Araba/Álava,Por 10.000 habitantes,0.0
2014,Dentista,No jubilados/as,Hombre,Bizkaia,Por 10.000 habitantes,6.7
2015,Dentista,No jubilados/as,Hombre,Bizkaia,Por 10.000 habitantes,6.8
2012,Dentista,No jubilados/as,Hombre,Bizkaia,Por 10.000 habitantes,6.4
2013,Dentista,No jubilados/as,Hombre,Bizkaia,Por 10.000 habitantes,6.6
2010,Dentista,No jubilados/as,Hombre,Bizkaia,Por 10.000 habitantes,8.3
2022,Dentista,No jubilados/as,Hombre,Bizkaia,Por 10.000 habitantes,6.5
2021,Dentista,No jubilados/as,Hombre,Bizkaia,Por 10.000 habitantes,6.6
2023,Dentista,No jubilados/as,Hombre,Bizkaia,Por 10.000 habitantes,6.4
2016,Dentista,No jubilados/as,Hombre,Bizkaia,Por 10.000 habitantes,6.8
2019,Dentista,No jubilados/as,Hombre,Bizkaia,Por 10.000 habitantes,6.7
2017,Dentista,No jubilados/as,Hombre,Bizkaia,Por 10.000 habitantes,6.9
2020,Dentista,No jubilados/as,Hombre,Bizkaia,Por 10.000 habitantes,6.5
2025,Dentista,No jubilados/as,Hombre,Bizkaia,Por 10.000 habitantes,5.9
2024,Dentista,No jubilados/as,Hombre,Bizkaia,Por 10.000 habitantes,6.1
2016,Dentista,,Hombre,Bizkaia,Por 10.000 habitantes,6.8
2019,Dentista,,Hombre,Bizkaia,Por 10.000 habitantes,6.7
2018,Dentista,No jubilados/as,Hombre,Bizkaia,Por 10.000 habitantes,6.8
2022,Dentista,Jubilados/as,Hombre,Bizkaia,Por 10.000 habitantes,0.0
2014,Dentista,Jubilados/as,Hombre,Bizkaia,Por 10.000 habitantes,0.0
2024,Dentista,Jubilados/as,Hombre,Bizkaia,Por 10.000 habitantes,0.0
2019,Dentista,Jubilados/as,Hombre,Bizkaia,Por 10.000 habitantes,0.0
2023,Dentista,Jubilados/as,Hombre,Bizkaia,Por 10.000 habitantes,0.0
2025,Dentista,Jubilados/as,Hombre,Bizkaia,Por 10.000 habitantes,0.0
2020,Dentista,Jubilados/as,Hombre,Bizkaia,Por 10.000 habitantes,0.0
2015,Dentista,Jubilados/as,Hombre,Bizkaia,Por 10.000 habitantes,0.0
2016,Dentista,Jubilados/as,Hombre,Bizkaia,Por 10.000 habitantes,0.0
2018,Dentista,Jubilados/as,Hombre,Bizkaia,Por 10.000 habitantes,0.0
2021,Dentista,Jubilados/as,Hombre,Bizkaia,Por 10.000 habitantes,0.0
2012,Dentista,Jubilados/as,Hombre,Bizkaia,Por 10.000 habitantes,0.0
2010,Dentista,Jubilados/as,Hombre,Bizkaia,Por 10.000 habitantes,0.0
2013,Dentista,Jubilados/as,Hombre,Bizkaia,Por 10.000 habitantes,0.0
2014,Dentista,,Hombre,Bizkaia,Por 10.000 habitantes,6.7
2022,Dentista,,Hombre,Bizkaia,Por 10.000 habitantes,6.5
2012,Dentista,,Hombre,Bizkaia,Por 10.000 habitantes,6.4
2021,Dentista,,Hombre,Bizkaia,Por 10.000 habitantes,6.6
2013,Dentista,,Hombre,Bizkaia,Por 10.000 habitantes,6.6
2025,Dentista,,Hombre,Bizkaia,Por 10.000 habitantes,5.9
2017,Dentista,,Hombre,Bizkaia,Por 10.000 habitantes,6.9
2024,Dentista,,Hombre,Bizkaia,Por 10.000 habitantes,6.1
2018,Dentista,,Hombre,Bizkaia,Por 10.000 habitantes,6.8
2015,Dentista,,Hombre,Bizkaia,Por 10.000 habitantes,6.8
2011,Dentista,,Hombre,Bizkaia,Por 10.000 habitantes,8.4
2017,Dentista,Jubilados/as,Hombre,Bizkaia,Por 10.000 habitantes,0.0
2020,Dentista,,Hombre,Bizkaia,Por 10.000 habitantes,6.5
2023,Dentista,,Hombre,Bizkaia,Por 10.000 habitantes,6.4
2010,Dentista,,Hombre,Bizkaia,Por 10.000 habitantes,8.3
2018,Dentista,No jubilados/as,Hombre,Gipuzkoa,Por 10.000 habitantes,5.8
2019,Dentista,No jubilados/as,Hombre,Gipuzkoa,Por 10.000 habitantes,6.0
2016,Dentista,No jubilados/as,Hombre,Gipuzkoa,Por 10.000 habitantes,5.8
2014,Dentista,No jubilados/as,Hombre,Gipuzkoa,Por 10.000 habitantes,5.6
2017,Dentista,No jubilados/as,Hombre,Gipuzkoa,Por 10.000 habitantes,5.7
2010,Dentista,No jubilados/as,Hombre,Gipuzkoa,Por 10.000 habitantes,7.9
2015,Dentista,No jubilados/as,Hombre,Gipuzkoa,Por 10.000 habitantes,5.8
2024,Dentista,No jubilados/as,Hombre,Gipuzkoa,Por 10.000 habitantes,5.6
2023,Dentista,No jubilados/as,Hombre,Gipuzkoa,Por 10.000 habitantes,5.7
2025,Dentista,No jubilados/as,Hombre,Gipuzkoa,Por 10.000 habitantes,5.2
2021,Dentista,No jubilados/as,Hombre,Gipuzkoa,Por 10.000 habitantes,5.9
2022,Dentista,No jubilados/as,Hombre,Gipuzkoa,Por 10.000 habitantes,5.9
2024,Dentista,,Hombre,Gipuzkoa,Por 10.000 habitantes,7.2
2016,Dentista,,Hombre,Gipuzkoa,Por 10.000 habitantes,6.6
2013,Dentista,,Hombre,Gipuzkoa,Por 10.000 habitantes,6.5
2023,Dentista,,Hombre,Gipuzkoa,Por 10.000 habitantes,7.3
2020,Dentista,,Hombre,Gipuzkoa,Por 10.000 habitantes,6.4
2012,Dentista,No jubilados/as,Hombre,Gipuzkoa,Por 10.000 habitantes,5.6
2025,Dentista,Jubilados/as,Hombre,Gipuzkoa,Por 10.000 habitantes,2.0
2020,Dentista,No jubilados/as,Hombre,Gipuzkoa,Por 10.000 habitantes,5.2
2013,Dentista,Jubilados/as,Hombre,Gipuzkoa,Por 10.000 habitantes,0.8
2017,Dentista,Jubilados/as,Hombre,Gipuzkoa,Por 10.000 habitantes,0.8
2013,Dentista,No jubilados/as,Hombre,Gipuzkoa,Por 10.000 habitantes,5.8
2021,Dentista,Jubilados/as,Hombre,Gipuzkoa,Por 10.000 habitantes,1.3
2010,Dentista,Jubilados/as,Hombre,Gipuzkoa,Por 10.000 habitantes,0.0
2024,Dentista,Jubilados/as,Hombre,Gipuzkoa,Por 10.000 habitantes,1.6
2022,Dentista,Jubilados/as,Hombre,Gipuzkoa,Por 10.000 habitantes,1.4
2019,Dentista,Jubilados/as,Hombre,Gipuzkoa,Por 10.000 habitantes,1.1
2020,Dentista,Jubilados/as,Hombre,Gipuzkoa,Por 10.000 habitantes,1.1
2018,Dentista,Jubilados/as,Hombre,Gipuzkoa,Por 10.000 habitantes,0.7
2023,Dentista,Jubilados/as,Hombre,Gipuzkoa,Por 10.000 habitantes,1.5
2015,Dentista,Jubilados/as,Hombre,Gipuzkoa,Por 10.000 habitantes,0.8
2012,Dentista,Jubilados/as,Hombre,Gipuzkoa,Por 10.000 habitantes,0.9
2014,Dentista,Jubilados/as,Hombre,Gipuzkoa,Por 10.000 habitantes,0.5
2016,Dentista,Jubilados/as,Hombre,Gipuzkoa,Por 10.000 habitantes,0.8
2014,Dentista,,Hombre,Gipuzkoa,Por 10.000 habitantes,6.1
2022,Dentista,,Hombre,Gipuzkoa,Por 10.000 habitantes,7.3
2017,Dentista,,Hombre,Gipuzkoa,Por 10.000 habitantes,6.5
2019,Dentista,,Hombre,Gipuzkoa,Por 10.000 habitantes,7.0
2021,Dentista,,Hombre,Gipuzkoa,Por 10.000 habitantes,7.2
2012,Dentista,,Hombre,Gipuzkoa,Por 10.000 habitantes,6.5
2011,Dentista,,Hombre,Gipuzkoa,Por 10.000 habitantes,8.0
2018,Dentista,,Hombre,Gipuzkoa,Por 10.000 habitantes,6.5
2015,Dentista,,Hombre,Gipuzkoa,Por 10.000 habitantes,6.6
2025,Dentista,,Hombre,Gipuzkoa,Por 10.000 habitantes,7.2
2010,Dentista,,Hombre,Gipuzkoa,Por 10.000 habitantes,7.9
2011,Farmaceútico/a,No jubilados/as,,,Por 10.000 habitantes,12.8
2022,Farmaceútico/a,No jubilados/as,,,Por 10.000 habitantes,15.4
2019,Farmaceútico/a,No jubilados/as,,,Por 10.000 habitantes,14.5
2012,Farmaceútico/a,No jubilados/as,,,Por 10.000 habitantes,13.1
2015,Farmaceútico/a,No jubilados/as,,,Por 10.000 habitantes,13.8
2024,Farmaceútico/a,Jubilados/as,,,Por 10.000 habitantes,1.6
2017,Farmaceútico/a,No jubilados/as,,,Por 10.000 habitantes,14.3
2013,Farmaceútico/a,No jubilados/as,,,Por 10.000 habitantes,13.3
2019,Farmaceútico/a,,,,Por 10.000 habitantes,15.9
2023,Farmaceútico/a,,,,Por 10.000 habitantes,16.6
2019,Farmaceútico/a,Jubilados/as,,,Por 10.000 habitantes,1.2
2011,Farmaceútico/a,,,,Por 10.000 habitantes,13.8
2025,Farmaceútico/a,Jubilados/as,,,Por 10.000 habitantes,1.6
2015,Farmaceútico/a,Jubilados/as,,,Por 10.000 habitantes,0.9
2020,Farmaceútico/a,,,,Por 10.000 habitantes,16.3
2020,Farmaceútico/a,No jubilados/as,,,Por 10.000 habitantes,14.8
2012,Farmaceútico/a,Jubilados/as,,,Por 10.000 habitantes,0.8
2016,Farmaceútico/a,Jubilados/as,,,Por 10.000 habitantes,1.0
2011,Farmaceútico/a,Jubilados/as,,,Por 10.000 habitantes,0.8
2013,Farmaceútico/a,Jubilados/as,,,Por 10.000 habitantes,0.8
2024,Farmaceútico/a,No jubilados/as,,,Por 10.000 habitantes,15.1
2023,Farmaceútico/a,Jubilados/as,,,Por 10.000 habitantes,1.5
2025,Farmaceútico/a,No jubilados/as,,,Por 10.000 habitantes,15.1
2021,Farmaceútico/a,Jubilados/as,,,Por 10.000 habitantes,1.3
2022,Farmaceútico/a,Jubilados/as,,,Por 10.000 habitantes,1.3
2016,Farmaceútico/a,No jubilados/as,,,Por 10.000 habitantes,14.2
2023,Farmaceútico/a,No jubilados/as,,,Por 10.000 habitantes,15.1
2020,Farmaceútico/a,Jubilados/as,,,Por 10.000 habitantes,1.2
2010,Farmaceútico/a,,,,Por 10.000 habitantes,13.6
2025,Farmaceútico/a,,,,Por 10.000 habitantes,16.8
2022,Farmaceútico/a,,,,Por 10.000 habitantes,16.7
2021,Farmaceútico/a,No jubilados/as,,,Por 10.000 habitantes,14.9
2017,Farmaceútico/a,Jubilados/as,,,Por 10.000 habitantes,1.1
2010,Farmaceútico/a,No jubilados/as,,,Por 10.000 habitantes,12.6
2014,Farmaceútico/a,,,,Por 10.000 habitantes,14.7
2014,Farmaceútico/a,No jubilados/as,,,Por 10.000 habitantes,13.6
2014,Farmaceútico/a,Jubilados/as,,,Por 10.000 habitantes,0.9
2010,Farmaceútico/a,Jubilados/as,,,Por 10.000 habitantes,0.7
2021,Farmaceútico/a,,,,Por 10.000 habitantes,16.4
2013,Farmaceútico/a,,,,Por 10.000 habitantes,14.4
2015,Farmaceútico/a,,,,Por 10.000 habitantes,15.0
2018,Farmaceútico/a,No jubilados/as,,,Por 10.000 habitantes,14.5
2012,Farmaceútico/a,,,,Por 10.000 habitantes,14.1
2024,Farmaceútico/a,,,,Por 10.000 habitantes,16.7
2018,Farmaceútico/a,,,,Por 10.000 habitantes,15.9
2016,Farmaceútico/a,,,,Por 10.000 habitantes,15.4
2017,Farmaceútico/a,,,,Por 10.000 habitantes,15.6
2018,Farmaceútico/a,Jubilados/as,,,Por 10.000 habitantes,1.1
2021,Farmaceútico/a,Jubilados/as,,Araba/Álava,Por 10.000 habitantes,0.8
2023,Farmaceútico/a,Jubilados/as,,Araba/Álava,Por 10.000 habitantes,0.8
2019,Farmaceútico/a,Jubilados/as,,Araba/Álava,Por 10.000 habitantes,0.8
2019,Farmaceútico/a,,,Araba/Álava,Por 10.000 habitantes,16.1
2022,Farmaceútico/a,,,Araba/Álava,Por 10.000 habitantes,17.2
2013,Farmaceútico/a,No jubilados/as,,Araba/Álava,Por 10.000 habitantes,14.2
2014,Farmaceútico/a,No jubilados/as,,Araba/Álava,Por 10.000 habitantes,14.5
2018,Farmaceútico/a,No jubilados/as,,Araba/Álava,Por 10.000 habitantes,15.1
2012,Farmaceútico/a,Jubilados/as,,Araba/Álava,Por 10.000 habitantes,0.5
2017,Farmaceútico/a,No jubilados/as,,Araba/Álava,Por 10.000 habitantes,14.9
2021,Farmaceútico/a,No jubilados/as,,Araba/Álava,Por 10.000 habitantes,15.7
2019,Farmaceútico/a,No jubilados/as,,Araba/Álava,Por 10.000 habitantes,15.3
2022,Farmaceútico/a,No jubilados/as,,Araba/Álava,Por 10.000 habitantes,16.5
2015,Farmaceútico/a,No jubilados/as,,Araba/Álava,Por 10.000 habitantes,14.6
2018,Farmaceútico/a,Jubilados/as,,Araba/Álava,Por 10.000 habitantes,0.8
2024,Farmaceútico/a,Jubilados/as,,Araba/Álava,Por 10.000 habitantes,0.9
2025,Farmaceútico/a,,,Araba/Álava,Por 10.000 habitantes,17.5
2025,Farmaceútico/a,Jubilados/as,,Araba/Álava,Por 10.000 habitantes,1.0
2013,Farmaceútico/a,Jubilados/as,,Araba/Álava,Por 10.000 habitantes,0.5
2015,Farmaceútico/a,Jubilados/as,,Araba/Álava,Por 10.000 habitantes,0.6
2014,Farmaceútico/a,Jubilados/as,,Araba/Álava,Por 10.000 habitantes,0.5
2011,Farmaceútico/a,Jubilados/as,,Araba/Álava,Por 10.000 habitantes,0.5
2010,Farmaceútico/a,Jubilados/as,,Araba/Álava,Por 10.000 habitantes,0.4
2016,Farmaceútico/a,,,Araba/Álava,Por 10.000 habitantes,15.6
2016,Farmaceútico/a,Jubilados/as,,Araba/Álava,Por 10.000 habitantes,0.7
2017,Farmaceútico/a,Jubilados/as,,Araba/Álava,Por 10.000 habitantes,0.8
2011,Farmaceútico/a,,,Araba/Álava,Por 10.000 habitantes,13.9
2014,Farmaceútico/a,,,Araba/Álava,Por 10.000 habitantes,14.9
2024,Farmaceútico/a,,,Araba/Álava,Por 10.000 habitantes,17.2
2020,Farmaceútico/a,Jubilados/as,,Araba/Álava,Por 10.000 habitantes,0.8
2018,Farmaceútico/a,,,Araba/Álava,Por 10.000 habitantes,15.9
2015,Farmaceútico/a,,,Araba/Álava,Por 10.000 habitantes,15.1
2022,Farmaceútico/a,Jubilados/as,,Araba/Álava,Por 10.000 habitantes,0.7
2010,Farmaceútico/a,,,Araba/Álava,Por 10.000 habitantes,13.7
2012,Farmaceútico/a,,,Araba/Álava,Por 10.000 habitantes,14.5
2023,Farmaceútico/a,,,Araba/Álava,Por 10.000 habitantes,17.0
2017,Farmaceútico/a,,,Araba/Álava,Por 10.000 habitantes,15.7
2013,Farmaceútico/a,,,Araba/Álava,Por 10.000 habitantes,14.7
2020,Farmaceútico/a,,,Araba/Álava,Por 10.000 habitantes,16.5
2021,Farmaceútico/a,,,Araba/Álava,Por 10.000 habitantes,16.5
2020,Farmaceútico/a,No jubilados/as,,Araba/Álava,Por 10.000 habitantes,15.8
2010,Farmaceútico/a,No jubilados/as,,Araba/Álava,Por 10.000 habitantes,13.1
2023,Farmaceútico/a,No jubilados/as,,Araba/Álava,Por 10.000 habitantes,16.1
2025,Farmaceútico/a,No jubilados/as,,Araba/Álava,Por 10.000 habitantes,16.4
2011,Farmaceútico/a,No jubilados/as,,Araba/Álava,Por 10.000 habitantes,13.4
2012,Farmaceútico/a,No jubilados/as,,Araba/Álava,Por 10.000 habitantes,14.0
2016,Farmaceútico/a,No jubilados/as,,Araba/Álava,Por 10.000 habitantes,14.9
2024,Farmaceútico/a,No jubilados/as,,Araba/Álava,Por 10.000 habitantes,16.3
2017,Farmaceútico/a,,,Bizkaia,Por 10.000 habitantes,15.8
2018,Farmaceútico/a,,,Bizkaia,Por 10.000 habitantes,16.0
2010,Farmaceútico/a,No jubilados/as,,Bizkaia,Por 10.000 habitantes,12.8
2014,Farmaceútico/a,No jubilados/as,,Bizkaia,Por 10.000 habitantes,13.5
2022,Farmaceútico/a,No jubilados/as,,Bizkaia,Por 10.000 habitantes,15.5
2018,Farmaceútico/a,No jubilados/as,,Bizkaia,Por 10.000 habitantes,14.6
2024,Farmaceútico/a,No jubilados/as,,Bizkaia,Por 10.000 habitantes,15.2
2020,Farmaceútico/a,No jubilados/as,,Bizkaia,Por 10.000 habitantes,14.8
2017,Farmaceútico/a,No jubilados/as,,Bizkaia,Por 10.000 habitantes,14.4
2019,Farmaceútico/a,No jubilados/as,,Bizkaia,Por 10.000 habitantes,14.6
2025,Farmaceútico/a,No jubilados/as,,Bizkaia,Por 10.000 habitantes,15.2
2016,Farmaceútico/a,No jubilados/as,,Bizkaia,Por 10.000 habitantes,14.3
2021,Farmaceútico/a,No jubilados/as,,Bizkaia,Por 10.000 habitantes,15.0
2013,Farmaceútico/a,No jubilados/as,,Bizkaia,Por 10.000 habitantes,13.3
2015,Farmaceútico/a,No jubilados/as,,Bizkaia,Por 10.000 habitantes,13.9
2023,Farmaceútico/a,No jubilados/as,,Bizkaia,Por 10.000 habitantes,15.3
2011,Farmaceútico/a,No jubilados/as,,Bizkaia,Por 10.000 habitantes,12.9
2012,Farmaceútico/a,No jubilados/as,,Bizkaia,Por 10.000 habitantes,13.0
2024,Farmaceútico/a,Jubilados/as,,Bizkaia,Por 10.000 habitantes,1.2
2021,Farmaceútico/a,Jubilados/as,,Bizkaia,Por 10.000 habitantes,1.1
2020,Farmaceútico/a,Jubilados/as,,Bizkaia,Por 10.000 habitantes,1.0
2025,Farmaceútico/a,Jubilados/as,,Bizkaia,Por 10.000 habitantes,1.2
2017,Farmaceútico/a,Jubilados/as,,Bizkaia,Por 10.000 habitantes,0.9
2023,Farmaceútico/a,Jubilados/as,,Bizkaia,Por 10.000 habitantes,1.2
2019,Farmaceútico/a,Jubilados/as,,Bizkaia,Por 10.000 habitantes,0.9
2011,Farmaceútico/a,Jubilados/as,,Bizkaia,Por 10.000 habitantes,0.9
2013,Farmaceútico/a,Jubilados/as,,Bizkaia,Por 10.000 habitantes,0.9
2025,Farmaceútico/a,,,Bizkaia,Por 10.000 habitantes,16.5
2012,Farmaceútico/a,Jubilados/as,,Bizkaia,Por 10.000 habitantes,0.9
2015,Farmaceútico/a,Jubilados/as,,Bizkaia,Por 10.000 habitantes,0.8
2022,Farmaceútico/a,,,Bizkaia,Por 10.000 habitantes,16.5
2010,Farmaceútico/a,,,Bizkaia,Por 10.000 habitantes,14.0
2024,Farmaceútico/a,,,Bizkaia,Por 10.000 habitantes,16.4
2014,Farmaceútico/a,Jubilados/as,,Bizkaia,Por 10.000 habitantes,0.9
2010,Farmaceútico/a,Jubilados/as,,Bizkaia,Por 10.000 habitantes,0.8
2018,Farmaceútico/a,Jubilados/as,,Bizkaia,Por 10.000 habitantes,1.0
2016,Farmaceútico/a,Jubilados/as,,Bizkaia,Por 10.000 habitantes,0.9
2022,Farmaceútico/a,Jubilados/as,,Bizkaia,Por 10.000 habitantes,1.0
2023,Farmaceútico/a,,,Bizkaia,Por 10.000 habitantes,16.4
2020,Farmaceútico/a,,,Bizkaia,Por 10.000 habitantes,16.2
2015,Farmaceútico/a,,,Bizkaia,Por 10.000 habitantes,15.2
2014,Farmaceútico/a,,,Bizkaia,Por 10.000 habitantes,14.8
2019,Farmaceútico/a,,,Bizkaia,Por 10.000 habitantes,15.9
2011,Farmaceútico/a,,,Bizkaia,Por 10.000 habitantes,14.1
2021,Farmaceútico/a,,,Bizkaia,Por 10.000 habitantes,16.5
2012,Farmaceútico/a,,,Bizkaia,Por 10.000 habitantes,14.3
2013,Farmaceútico/a,,,Bizkaia,Por 10.000 habitantes,14.6
2016,Farmaceútico/a,,,Bizkaia,Por 10.000 habitantes,15.6
2011,Farmaceútico/a,,,Gipuzkoa,Por 10.000 habitantes,13.2
2013,Farmaceútico/a,,,Gipuzkoa,Por 10.000 habitantes,14.0
2022,Farmaceútico/a,,,Gipuzkoa,Por 10.000 habitantes,16.8
2018,Farmaceútico/a,No jubilados/as,,Gipuzkoa,Por 10.000 habitantes,14.1
2016,Farmaceútico/a,No jubilados/as,,Gipuzkoa,Por 10.000 habitantes,13.6
2012,Farmaceútico/a,No jubilados/as,,Gipuzkoa,Por 10.000 habitantes,12.8
2014,Farmaceútico/a,No jubilados/as,,Gipuzkoa,Por 10.000 habitantes,13.4
2010,Farmaceútico/a,No jubilados/as,,Gipuzkoa,Por 10.000 habitantes,12.0
2011,Farmaceútico/a,No jubilados/as,,Gipuzkoa,Por 10.000 habitantes,12.3
2015,Farmaceútico/a,No jubilados/as,,Gipuzkoa,Por 10.000 habitantes,13.3
2013,Farmaceútico/a,No jubilados/as,,Gipuzkoa,Por 10.000 habitantes,13.0
2024,Farmaceútico/a,,,Gipuzkoa,Por 10.000 habitantes,16.8
2018,Farmaceútico/a,,,Gipuzkoa,Por 10.000 habitantes,15.7
2020,Farmaceútico/a,,,Gipuzkoa,Por 10.000 habitantes,16.3
2024,Farmaceútico/a,No jubilados/as,,Gipuzkoa,Por 10.000 habitantes,14.3
2022,Farmaceútico/a,No jubilados/as,,Gipuzkoa,Por 10.000 habitantes,14.6
2017,Farmaceútico/a,No jubilados/as,,Gipuzkoa,Por 10.000 habitantes,13.9
2021,Farmaceútico/a,No jubilados/as,,Gipuzkoa,Por 10.000 habitantes,14.5
2019,Farmaceútico/a,No jubilados/as,,Gipuzkoa,Por 10.000 habitantes,14.1
2023,Farmaceútico/a,No jubilados/as,,Gipuzkoa,Por 10.000 habitantes,14.5
2025,Farmaceútico/a,No jubilados/as,,Gipuzkoa,Por 10.000 habitantes,14.4
2020,Farmaceútico/a,No jubilados/as,,Gipuzkoa,Por 10.000 habitantes,14.5
2021,Farmaceútico/a,Jubilados/as,,Gipuzkoa,Por 10.000 habitantes,1.9
2023,Farmaceútico/a,Jubilados/as,,Gipuzkoa,Por 10.000 habitantes,2.2
2017,Farmaceútico/a,Jubilados/as,,Gipuzkoa,Por 10.000 habitantes,1.3
2025,Farmaceútico/a,Jubilados/as,,Gipuzkoa,Por 10.000 habitantes,2.6
2019,Farmaceútico/a,Jubilados/as,,Gipuzkoa,Por 10.000 habitantes,1.7
2020,Farmaceútico/a,Jubilados/as,,Gipuzkoa,Por 10.000 habitantes,1.9
2013,Farmaceútico/a,Jubilados/as,,Gipuzkoa,Por 10.000 habitantes,0.9
2011,Farmaceútico/a,Jubilados/as,,Gipuzkoa,Por 10.000 habitantes,0.9
2015,Farmaceútico/a,Jubilados/as,,Gipuzkoa,Por 10.000 habitantes,1.1
2012,Farmaceútico/a,Jubilados/as,,Gipuzkoa,Por 10.000 habitantes,0.9
2010,Farmaceútico/a,Jubilados/as,,Gipuzkoa,Por 10.000 habitantes,0.9
2014,Farmaceútico/a,Jubilados/as,,Gipuzkoa,Por 10.000 habitantes,1.0
2018,Farmaceútico/a,Jubilados/as,,Gipuzkoa,Por 10.000 habitantes,1.5
2016,Farmaceútico/a,Jubilados/as,,Gipuzkoa,Por 10.000 habitantes,1.2
2022,Farmaceútico/a,Jubilados/as,,Gipuzkoa,Por 10.000 habitantes,2.1
2024,Farmaceútico/a,Jubilados/as,,Gipuzkoa,Por 10.000 habitantes,2.5
2012,Farmaceútico/a,,,Gipuzkoa,Por 10.000 habitantes,13.6
2014,Farmaceútico/a,,,Gipuzkoa,Por 10.000 habitantes,14.5
2019,Farmaceútico/a,,,Gipuzkoa,Por 10.000 habitantes,15.8
2010,Farmaceútico/a,,,Gipuzkoa,Por 10.000 habitantes,12.9
2023,Farmaceútico/a,,,Gipuzkoa,Por 10.000 habitantes,16.7
2015,Farmaceútico/a,,,Gipuzkoa,Por 10.000 habitantes,14.5
2025,Farmaceútico/a,,,Gipuzkoa,Por 10.000 habitantes,16.9
2021,Farmaceútico/a,,,Gipuzkoa,Por 10.000 habitantes,16.4
2017,Farmaceútico/a,,,Gipuzkoa,Por 10.000 habitantes,15.2
2016,Farmaceútico/a,,,Gipuzkoa,Por 10.000 habitantes,14.8
2022,Farmaceútico/a,No jubilados/as,Mujer,,Por 10.000 habitantes,24.3
2023,Farmaceútico/a,,Mujer,,Por 10.000 habitantes,25.9
2014,Farmaceútico/a,No jubilados/as,Mujer,,Por 10.000 habitantes,21.5
2025,Farmaceútico/a,,Mujer,,Por 10.000 habitantes,26.3
2020,Farmaceútico/a,No jubilados/as,Mujer,,Por 10.000 habitantes,23.3
2015,Farmaceútico/a,,Mujer,,Por 10.000 habitantes,23.3
2016,Farmaceútico/a,,Mujer,,Por 10.000 habitantes,23.9
2022,Farmaceútico/a,Jubilados/as,Mujer,,Por 10.000 habitantes,1.9
2020,Farmaceútico/a,Jubilados/as,Mujer,,Por 10.000 habitantes,1.7
2025,Farmaceútico/a,Jubilados/as,Mujer,,Por 10.000 habitantes,2.3
2019,Farmaceútico/a,No jubilados/as,Mujer,,Por 10.000 habitantes,22.9
2018,Farmaceútico/a,Jubilados/as,Mujer,,Por 10.000 habitantes,1.5
2012,Farmaceútico/a,Jubilados/as,Mujer,,Por 10.000 habitantes,0.9
2017,Farmaceútico/a,Jubilados/as,Mujer,,Por 10.000 habitantes,1.4
2019,Farmaceútico/a,Jubilados/as,Mujer,,Por 10.000 habitantes,1.5
2010,Farmaceútico/a,Jubilados/as,Mujer,,Por 10.000 habitantes,0.8
2013,Farmaceútico/a,Jubilados/as,Mujer,,Por 10.000 habitantes,0.9
2011,Farmaceútico/a,Jubilados/as,Mujer,,Por 10.000 habitantes,0.9
2016,Farmaceútico/a,Jubilados/as,Mujer,,Por 10.000 habitantes,1.2
2024,Farmaceútico/a,Jubilados/as,Mujer,,Por 10.000 habitantes,2.2
2017,Farmaceútico/a,No jubilados/as,Mujer,,Por 10.000 habitantes,22.6
2013,Farmaceútico/a,No jubilados/as,Mujer,,Por 10.000 habitantes,21.1
2021,Farmaceútico/a,No jubilados/as,Mujer,,Por 10.000 habitantes,23.6
2018,Farmaceútico/a,No jubilados/as,Mujer,,Por 10.000 habitantes,22.8
2011,Farmaceútico/a,No jubilados/as,Mujer,,Por 10.000 habitantes,20.4
2023,Farmaceútico/a,No jubilados/as,Mujer,,Por 10.000 habitantes,23.9
2012,Farmaceútico/a,No jubilados/as,Mujer,,Por 10.000 habitantes,20.7
2015,Farmaceútico/a,No jubilados/as,Mujer,,Por 10.000 habitantes,21.8
2024,Farmaceútico/a,No jubilados/as,Mujer,,Por 10.000 habitantes,23.8
2019,Farmaceútico/a,,Mujer,,Por 10.000 habitantes,24.8
2020,Farmaceútico/a,,Mujer,,Por 10.000 habitantes,25.3
2012,Farmaceútico/a,,Mujer,,Por 10.000 habitantes,21.9
2018,Farmaceútico/a,,Mujer,,Por 10.000 habitantes,24.7
2010,Farmaceútico/a,,Mujer,,Por 10.000 habitantes,21.2
2017,Farmaceútico/a,,Mujer,,Por 10.000 habitantes,24.3
2015,Farmaceútico/a,Jubilados/as,Mujer,,Por 10.000 habitantes,1.1
2023,Farmaceútico/a,Jubilados/as,Mujer,,Por 10.000 habitantes,2.0
2016,Farmaceútico/a,No jubilados/as,Mujer,,Por 10.000 habitantes,22.3
2021,Farmaceútico/a,Jubilados/as,Mujer,,Por 10.000 habitantes,1.8
2021,Farmaceútico/a,,Mujer,,Por 10.000 habitantes,25.8
2022,Farmaceútico/a,,Mujer,,Por 10.000 habitantes,26.2
2014,Farmaceútico/a,Jubilados/as,Mujer,,Por 10.000 habitantes,1.0
2014,Farmaceútico/a,,Mujer,,Por 10.000 habitantes,22.9
2010,Farmaceútico/a,No jubilados/as,Mujer,,Por 10.000 habitantes,20.1
2013,Farmaceútico/a,,Mujer,,Por 10.000 habitantes,22.4
2011,Farmaceútico/a,,Mujer,,Por 10.000 habitantes,21.6
2025,Farmaceútico/a,No jubilados/as,Mujer,,Por 10.000 habitantes,24.0
2024,Farmaceútico/a,,Mujer,,Por 10.000 habitantes,26.0
2019,Farmaceútico/a,,Mujer,Araba/Álava,Por 10.000 habitantes,24.5
2019,Farmaceútico/a,No jubilados/as,Mujer,Araba/Álava,Por 10.000 habitantes,23.5
2010,Farmaceútico/a,No jubilados/as,Mujer,Araba/Álava,Por 10.000 habitantes,20.6
2017,Farmaceútico/a,Jubilados/as,Mujer,Araba/Álava,Por 10.000 habitantes,1.0
2011,Farmaceútico/a,No jubilados/as,Mujer,Araba/Álava,Por 10.000 habitantes,21.3
2023,Farmaceútico/a,,Mujer,Araba/Álava,Por 10.000 habitantes,26.8
2014,Farmaceútico/a,No jubilados/as,Mujer,Araba/Álava,Por 10.000 habitantes,22.7
2014,Farmaceútico/a,Jubilados/as,Mujer,Araba/Álava,Por 10.000 habitantes,0.6
2012,Farmaceútico/a,Jubilados/as,Mujer,Araba/Álava,Por 10.000 habitantes,0.6
2020,Farmaceútico/a,Jubilados/as,Mujer,Araba/Álava,Por 10.000 habitantes,1.0
2014,Farmaceútico/a,,Mujer,Araba/Álava,Por 10.000 habitantes,23.2
2020,Farmaceútico/a,,Mujer,Araba/Álava,Por 10.000 habitantes,25.4
2018,Farmaceútico/a,,Mujer,Araba/Álava,Por 10.000 habitantes,24.1
2024,Farmaceútico/a,Jubilados/as,Mujer,Araba/Álava,Por 10.000 habitantes,1.3
2013,Farmaceútico/a,,Mujer,Araba/Álava,Por 10.000 habitantes,22.8
2016,Farmaceútico/a,,Mujer,Araba/Álava,Por 10.000 habitantes,23.6
2015,Farmaceútico/a,,Mujer,Araba/Álava,Por 10.000 habitantes,23.2
2021,Farmaceútico/a,Jubilados/as,Mujer,Araba/Álava,Por 10.000 habitantes,1.0
2017,Farmaceútico/a,,Mujer,Araba/Álava,Por 10.000 habitantes,23.9
2022,Farmaceútico/a,,Mujer,Araba/Álava,Por 10.000 habitantes,27.3
2021,Farmaceútico/a,,Mujer,Araba/Álava,Por 10.000 habitantes,25.4
2012,Farmaceútico/a,,Mujer,Araba/Álava,Por 10.000 habitantes,22.5
2024,Farmaceútico/a,,Mujer,Araba/Álava,Por 10.000 habitantes,27.4
2013,Farmaceútico/a,No jubilados/as,Mujer,Araba/Álava,Por 10.000 habitantes,22.2
2011,Farmaceútico/a,Jubilados/as,Mujer,Araba/Álava,Por 10.000 habitantes,0.6
2022,Farmaceútico/a,Jubilados/as,Mujer,Araba/Álava,Por 10.000 habitantes,1.0
2010,Farmaceútico/a,Jubilados/as,Mujer,Araba/Álava,Por 10.000 habitantes,0.5
2018,Farmaceútico/a,Jubilados/as,Mujer,Araba/Álava,Por 10.000 habitantes,1.0
2010,Farmaceútico/a,,Mujer,Araba/Álava,Por 10.000 habitantes,21.1
2011,Farmaceútico/a,,Mujer,Araba/Álava,Por 10.000 habitantes,21.9
2023,Farmaceútico/a,Jubilados/as,Mujer,Araba/Álava,Por 10.000 habitantes,1.2
2020,Farmaceútico/a,No jubilados/as,Mujer,Araba/Álava,Por 10.000 habitantes,24.4
2015,Farmaceútico/a,Jubilados/as,Mujer,Araba/Álava,Por 10.000 habitantes,0.7
2025,Farmaceútico/a,Jubilados/as,Mujer,Araba/Álava,Por 10.000 habitantes,1.7
2013,Farmaceútico/a,Jubilados/as,Mujer,Araba/Álava,Por 10.000 habitantes,0.6
2022,Farmaceútico/a,No jubilados/as,Mujer,Araba/Álava,Por 10.000 habitantes,26.3
2016,Farmaceútico/a,No jubilados/as,Mujer,Araba/Álava,Por 10.000 habitantes,22.7
2025,Farmaceútico/a,,Mujer,Araba/Álava,Por 10.000 habitantes,28.0
2021,Farmaceútico/a,No jubilados/as,Mujer,Araba/Álava,Por 10.000 habitantes,24.4
2023,Farmaceútico/a,No jubilados/as,Mujer,Araba/Álava,Por 10.000 habitantes,25.6
2015,Farmaceútico/a,No jubilados/as,Mujer,Araba/Álava,Por 10.000 habitantes,22.4
2018,Farmaceútico/a,No jubilados/as,Mujer,Araba/Álava,Por 10.000 habitantes,23.1
2012,Farmaceútico/a,No jubilados/as,Mujer,Araba/Álava,Por 10.000 habitantes,21.9
2017,Farmaceútico/a,No jubilados/as,Mujer,Araba/Álava,Por 10.000 habitantes,22.9
2024,Farmaceútico/a,No jubilados/as,Mujer,Araba/Álava,Por 10.000 habitantes,26.1
2019,Farmaceútico/a,Jubilados/as,Mujer,Araba/Álava,Por 10.000 habitantes,1.0
2016,Farmaceútico/a,Jubilados/as,Mujer,Araba/Álava,Por 10.000 habitantes,0.9
2025,Farmaceútico/a,No jubilados/as,Mujer,Araba/Álava,Por 10.000 habitantes,26.3
2021,Farmaceútico/a,,Mujer,Bizkaia,Por 10.000 habitantes,25.5
2020,Farmaceútico/a,,Mujer,Bizkaia,Por 10.000 habitantes,25.0
2018,Farmaceútico/a,,Mujer,Bizkaia,Por 10.000 habitantes,24.7
2016,Farmaceútico/a,,Mujer,Bizkaia,Por 10.000 habitantes,24.2
2014,Farmaceútico/a,,Mujer,Bizkaia,Por 10.000 habitantes,22.9
2023,Farmaceútico/a,,Mujer,Bizkaia,Por 10.000 habitantes,25.2
2013,Farmaceútico/a,,Mujer,Bizkaia,Por 10.000 habitantes,22.6
2015,Farmaceútico/a,,Mujer,Bizkaia,Por 10.000 habitantes,23.5
2022,Farmaceútico/a,,Mujer,Bizkaia,Por 10.000 habitantes,25.7
2023,Farmaceútico/a,Jubilados/as,Mujer,Bizkaia,Por 10.000 habitantes,1.6
2012,Farmaceútico/a,Jubilados/as,Mujer,Bizkaia,Por 10.000 habitantes,1.0
2018,Farmaceútico/a,Jubilados/as,Mujer,Bizkaia,Por 10.000 habitantes,1.2
2016,Farmaceútico/a,Jubilados/as,Mujer,Bizkaia,Por 10.000 habitantes,1.1
2020,Farmaceútico/a,Jubilados/as,Mujer,Bizkaia,Por 10.000 habitantes,1.3
2014,Farmaceútico/a,Jubilados/as,Mujer,Bizkaia,Por 10.000 habitantes,1.0
2011,Farmaceútico/a,Jubilados/as,Mujer,Bizkaia,Por 10.000 habitantes,1.0
2010,Farmaceútico/a,Jubilados/as,Mujer,Bizkaia,Por 10.000 habitantes,0.8
2021,Farmaceútico/a,Jubilados/as,Mujer,Bizkaia,Por 10.000 habitantes,1.5
2025,Farmaceútico/a,Jubilados/as,Mujer,Bizkaia,Por 10.000 habitantes,1.7
2013,Farmaceútico/a,Jubilados/as,Mujer,Bizkaia,Por 10.000 habitantes,1.0
2017,Farmaceútico/a,Jubilados/as,Mujer,Bizkaia,Por 10.000 habitantes,1.2
2015,Farmaceútico/a,Jubilados/as,Mujer,Bizkaia,Por 10.000 habitantes,0.9
2024,Farmaceútico/a,Jubilados/as,Mujer,Bizkaia,Por 10.000 habitantes,1.6
2019,Farmaceútico/a,Jubilados/as,Mujer,Bizkaia,Por 10.000 habitantes,1.2
2022,Farmaceútico/a,Jubilados/as,Mujer,Bizkaia,Por 10.000 habitantes,1.4
2014,Farmaceútico/a,No jubilados/as,Mujer,Bizkaia,Por 10.000 habitantes,21.2
2016,Farmaceútico/a,No jubilados/as,Mujer,Bizkaia,Por 10.000 habitantes,22.5
2015,Farmaceútico/a,No jubilados/as,Mujer,Bizkaia,Por 10.000 habitantes,21.8
2013,Farmaceútico/a,No jubilados/as,Mujer,Bizkaia,Por 10.000 habitantes,21.0
2010,Farmaceútico/a,No jubilados/as,Mujer,Bizkaia,Por 10.000 habitantes,20.5
2012,Farmaceútico/a,No jubilados/as,Mujer,Bizkaia,Por 10.000 habitantes,20.6
2011,Farmaceútico/a,No jubilados/as,Mujer,Bizkaia,Por 10.000 habitantes,20.6
2022,Farmaceútico/a,No jubilados/as,Mujer,Bizkaia,Por 10.000 habitantes,24.3
2025,Farmaceútico/a,No jubilados/as,Mujer,Bizkaia,Por 10.000 habitantes,23.7
2021,Farmaceútico/a,No jubilados/as,Mujer,Bizkaia,Por 10.000 habitantes,23.3
2019,Farmaceútico/a,No jubilados/as,Mujer,Bizkaia,Por 10.000 habitantes,22.8
2023,Farmaceútico/a,No jubilados/as,Mujer,Bizkaia,Por 10.000 habitantes,23.6
2017,Farmaceútico/a,No jubilados/as,Mujer,Bizkaia,Por 10.000 habitantes,22.5
2018,Farmaceútico/a,No jubilados/as,Mujer,Bizkaia,Por 10.000 habitantes,22.8
2020,Farmaceútico/a,No jubilados/as,Mujer,Bizkaia,Por 10.000 habitantes,23.1
2024,Farmaceútico/a,No jubilados/as,Mujer,Bizkaia,Por 10.000 habitantes,23.6
2011,Farmaceútico/a,,Mujer,Bizkaia,Por 10.000 habitantes,22.1
2010,Farmaceútico/a,,Mujer,Bizkaia,Por 10.000 habitantes,21.8
2025,Farmaceútico/a,,Mujer,Bizkaia,Por 10.000 habitantes,25.4
2012,Farmaceútico/a,,Mujer,Bizkaia,Por 10.000 habitantes,22.1
2024,Farmaceútico/a,,Mujer,Bizkaia,Por 10.000 habitantes,25.2
2017,Farmaceútico/a,,Mujer,Bizkaia,Por 10.000 habitantes,24.4
2019,Farmaceútico/a,,Mujer,Bizkaia,Por 10.000 habitantes,24.7
2010,Farmaceútico/a,Jubilados/as,Mujer,Gipuzkoa,Por 10.000 habitantes,0.9
2019,Farmaceútico/a,Jubilados/as,Mujer,Gipuzkoa,Por 10.000 habitantes,2.4
2012,Farmaceútico/a,Jubilados/as,Mujer,Gipuzkoa,Por 10.000 habitantes,0.9
2020,Farmaceútico/a,Jubilados/as,Mujer,Gipuzkoa,Por 10.000 habitantes,2.6
2017,Farmaceútico/a,Jubilados/as,Mujer,Gipuzkoa,Por 10.000 habitantes,1.8
2022,Farmaceútico/a,Jubilados/as,Mujer,Gipuzkoa,Por 10.000 habitantes,3.1
2014,Farmaceútico/a,Jubilados/as,Mujer,Gipuzkoa,Por 10.000 habitantes,1.2
2011,Farmaceútico/a,Jubilados/as,Mujer,Gipuzkoa,Por 10.000 habitantes,1.0
2025,Farmaceútico/a,Jubilados/as,Mujer,Gipuzkoa,Por 10.000 habitantes,3.6
2024,Farmaceútico/a,Jubilados/as,Mujer,Gipuzkoa,Por 10.000 habitantes,3.5
2023,Farmaceútico/a,Jubilados/as,Mujer,Gipuzkoa,Por 10.000 habitantes,3.1
2021,Farmaceútico/a,Jubilados/as,Mujer,Gipuzkoa,Por 10.000 habitantes,2.6
2013,Farmaceútico/a,Jubilados/as,Mujer,Gipuzkoa,Por 10.000 habitantes,1.1
2016,Farmaceútico/a,Jubilados/as,Mujer,Gipuzkoa,Por 10.000 habitantes,1.5
2018,Farmaceútico/a,Jubilados/as,Mujer,Gipuzkoa,Por 10.000 habitantes,2.1
2021,Farmaceútico/a,No jubilados/as,Mujer,Gipuzkoa,Por 10.000 habitantes,23.7
2015,Farmaceútico/a,,Mujer,Gipuzkoa,Por 10.000 habitantes,23.0
2014,Farmaceútico/a,No jubilados/as,Mujer,Gipuzkoa,Por 10.000 habitantes,21.5
2012,Farmaceútico/a,No jubilados/as,Mujer,Gipuzkoa,Por 10.000 habitantes,20.3
2017,Farmaceútico/a,No jubilados/as,Mujer,Gipuzkoa,Por 10.000 habitantes,22.6
2025,Farmaceútico/a,,Mujer,Gipuzkoa,Por 10.000 habitantes,27.0
2025,Farmaceútico/a,No jubilados/as,Mujer,Gipuzkoa,Por 10.000 habitantes,23.3
2024,Farmaceútico/a,No jubilados/as,Mujer,Gipuzkoa,Por 10.000 habitantes,23.2
2022,Farmaceútico/a,No jubilados/as,Mujer,Gipuzkoa,Por 10.000 habitantes,23.4
2023,Farmaceútico/a,No jubilados/as,Mujer,Gipuzkoa,Por 10.000 habitantes,23.5
2018,Farmaceútico/a,No jubilados/as,Mujer,Gipuzkoa,Por 10.000 habitantes,22.7
2020,Farmaceútico/a,No jubilados/as,Mujer,Gipuzkoa,Por 10.000 habitantes,23.2
2016,Farmaceútico/a,No jubilados/as,Mujer,Gipuzkoa,Por 10.000 habitantes,21.9
2011,Farmaceútico/a,No jubilados/as,Mujer,Gipuzkoa,Por 10.000 habitantes,19.7
2019,Farmaceútico/a,No jubilados/as,Mujer,Gipuzkoa,Por 10.000 habitantes,22.7
2013,Farmaceútico/a,No jubilados/as,Mujer,Gipuzkoa,Por 10.000 habitantes,20.8
2015,Farmaceútico/a,No jubilados/as,Mujer,Gipuzkoa,Por 10.000 habitantes,21.6
2010,Farmaceútico/a,No jubilados/as,Mujer,Gipuzkoa,Por 10.000 habitantes,19.3
2015,Farmaceútico/a,Jubilados/as,Mujer,Gipuzkoa,Por 10.000 habitantes,1.4
2011,Farmaceútico/a,,Mujer,Gipuzkoa,Por 10.000 habitantes,20.7
2017,Farmaceútico/a,,Mujer,Gipuzkoa,Por 10.000 habitantes,24.4
2020,Farmaceútico/a,,Mujer,Gipuzkoa,Por 10.000 habitantes,25.8
2022,Farmaceútico/a,,Mujer,Gipuzkoa,Por 10.000 habitantes,26.5
2014,Farmaceútico/a,,Mujer,Gipuzkoa,Por 10.000 habitantes,22.7
2019,Farmaceútico/a,,Mujer,Gipuzkoa,Por 10.000 habitantes,25.1
2010,Farmaceútico/a,,Mujer,Gipuzkoa,Por 10.000 habitantes,20.2
2018,Farmaceútico/a,,Mujer,Gipuzkoa,Por 10.000 habitantes,24.8
2016,Farmaceútico/a,,Mujer,Gipuzkoa,Por 10.000 habitantes,23.4
2023,Farmaceútico/a,,Mujer,Gipuzkoa,Por 10.000 habitantes,26.7
2013,Farmaceútico/a,,Mujer,Gipuzkoa,Por 10.000 habitantes,21.9
2021,Farmaceútico/a,,Mujer,Gipuzkoa,Por 10.000 habitantes,26.4
2024,Farmaceútico/a,,Mujer,Gipuzkoa,Por 10.000 habitantes,26.7
2012,Farmaceútico/a,,Mujer,Gipuzkoa,Por 10.000 habitantes,21.3
2024,Farmaceútico/a,,Hombre,,Por 10.000 habitantes,6.7
2016,Farmaceútico/a,,Hombre,,Por 10.000 habitantes,6.3
2015,Farmaceútico/a,Jubilados/as,Hombre,,Por 10.000 habitantes,0.7
2017,Farmaceútico/a,Jubilados/as,Hombre,,Por 10.000 habitantes,0.7
2024,Farmaceútico/a,Jubilados/as,Hombre,,Por 10.000 habitantes,0.9
2023,Farmaceútico/a,Jubilados/as,Hombre,,Por 10.000 habitantes,0.8
2020,Farmaceútico/a,Jubilados/as,Hombre,,Por 10.000 habitantes,0.8
2025,Farmaceútico/a,Jubilados/as,Hombre,,Por 10.000 habitantes,0.9
2021,Farmaceútico/a,,Hombre,,Por 10.000 habitantes,6.5
2016,Farmaceútico/a,Jubilados/as,Hombre,,Por 10.000 habitantes,0.7
2022,Farmaceútico/a,No jubilados/as,Hombre,,Por 10.000 habitantes,5.9
2018,Farmaceútico/a,Jubilados/as,Hombre,,Por 10.000 habitantes,0.8
2022,Farmaceútico/a,Jubilados/as,Hombre,,Por 10.000 habitantes,0.8
2023,Farmaceútico/a,,Hombre,,Por 10.000 habitantes,6.7
2012,Farmaceútico/a,No jubilados/as,Hombre,,Por 10.000 habitantes,5.1
2018,Farmaceútico/a,No jubilados/as,Hombre,,Por 10.000 habitantes,5.7
2020,Farmaceútico/a,,Hombre,,Por 10.000 habitantes,6.7
2025,Farmaceútico/a,No jubilados/as,Hombre,,Por 10.000 habitantes,5.8
2021,Farmaceútico/a,Jubilados/as,Hombre,,Por 10.000 habitantes,0.8
2024,Farmaceútico/a,No jubilados/as,Hombre,,Por 10.000 habitantes,5.8
2022,Farmaceútico/a,,Hombre,,Por 10.000 habitantes,6.7
2014,Farmaceútico/a,No jubilados/as,Hombre,,Por 10.000 habitantes,5.3
2017,Farmaceútico/a,No jubilados/as,Hombre,,Por 10.000 habitantes,5.5
2010,Farmaceútico/a,No jubilados/as,Hombre,,Por 10.000 habitantes,4.8
2019,Farmaceútico/a,No jubilados/as,Hombre,,Por 10.000 habitantes,5.7
2013,Farmaceútico/a,No jubilados/as,Hombre,,Por 10.000 habitantes,5.2
2017,Farmaceútico/a,,Hombre,,Por 10.000 habitantes,6.3
2011,Farmaceútico/a,Jubilados/as,Hombre,,Por 10.000 habitantes,0.7
2023,Farmaceútico/a,No jubilados/as,Hombre,,Por 10.000 habitantes,5.9
2013,Farmaceútico/a,,Hombre,,Por 10.000 habitantes,6.0
2010,Farmaceútico/a,Jubilados/as,Hombre,,Por 10.000 habitantes,0.7
2014,Farmaceútico/a,Jubilados/as,Hombre,,Por 10.000 habitantes,0.7
2012,Farmaceútico/a,Jubilados/as,Hombre,,Por 10.000 habitantes,0.7
2019,Farmaceútico/a,,Hombre,,Por 10.000 habitantes,6.5
2018,Farmaceútico/a,,Hombre,,Por 10.000 habitantes,6.5
2014,Farmaceútico/a,,Hombre,,Por 10.000 habitantes,6.1
2010,Farmaceútico/a,,Hombre,,Por 10.000 habitantes,5.6
2019,Farmaceútico/a,Jubilados/as,Hombre,,Por 10.000 habitantes,0.7
2011,Farmaceútico/a,No jubilados/as,Hombre,,Por 10.000 habitantes,4.7
2016,Farmaceútico/a,No jubilados/as,Hombre,,Por 10.000 habitantes,5.5
2021,Farmaceútico/a,No jubilados/as,Hombre,,Por 10.000 habitantes,5.7
2012,Farmaceútico/a,,Hombre,,Por 10.000 habitantes,5.9
2020,Farmaceútico/a,No jubilados/as,Hombre,,Por 10.000 habitantes,5.8
2025,Farmaceútico/a,,Hombre,,Por 10.000 habitantes,6.7
2015,Farmaceútico/a,,Hombre,,Por 10.000 habitantes,6.1
2015,Farmaceútico/a,No jubilados/as,Hombre,,Por 10.000 habitantes,5.3
2013,Farmaceútico/a,Jubilados/as,Hombre,,Por 10.000 habitantes,0.7
2011,Farmaceútico/a,,Hombre,,Por 10.000 habitantes,5.6
2013,Farmaceútico/a,Jubilados/as,Hombre,Araba/Álava,Por 10.000 habitantes,0.4
2017,Farmaceútico/a,Jubilados/as,Hombre,Araba/Álava,Por 10.000 habitantes,0.6
2022,Farmaceútico/a,No jubilados/as,Hombre,Araba/Álava,Por 10.000 habitantes,6.4
2012,Farmaceútico/a,Jubilados/as,Hombre,Araba/Álava,Por 10.000 habitantes,0.4
2024,Farmaceútico/a,Jubilados/as,Hombre,Araba/Álava,Por 10.000 habitantes,0.4
2014,Farmaceútico/a,Jubilados/as,Hombre,Araba/Álava,Por 10.000 habitantes,0.4
2011,Farmaceútico/a,Jubilados/as,Hombre,Araba/Álava,Por 10.000 habitantes,0.4
2018,Farmaceútico/a,Jubilados/as,Hombre,Araba/Álava,Por 10.000 habitantes,0.6
2022,Farmaceútico/a,Jubilados/as,Hombre,Araba/Álava,Por 10.000 habitantes,0.4
2010,Farmaceútico/a,Jubilados/as,Hombre,Araba/Álava,Por 10.000 habitantes,0.3
2022,Farmaceútico/a,,Hombre,Araba/Álava,Por 10.000 habitantes,6.8
2012,Farmaceútico/a,,Hombre,Araba/Álava,Por 10.000 habitantes,6.4
2024,Farmaceútico/a,,Hombre,Araba/Álava,Por 10.000 habitantes,6.6
2011,Farmaceútico/a,,Hombre,Araba/Álava,Por 10.000 habitantes,5.9
2021,Farmaceútico/a,,Hombre,Araba/Álava,Por 10.000 habitantes,7.2
2013,Farmaceútico/a,,Hombre,Araba/Álava,Por 10.000 habitantes,6.5
2020,Farmaceútico/a,,Hombre,Araba/Álava,Por 10.000 habitantes,7.4
2025,Farmaceútico/a,,Hombre,Araba/Álava,Por 10.000 habitantes,6.6
2016,Farmaceútico/a,,Hombre,Araba/Álava,Por 10.000 habitantes,7.3
2023,Farmaceútico/a,,Hombre,Araba/Álava,Por 10.000 habitantes,6.7
2010,Farmaceútico/a,,Hombre,Araba/Álava,Por 10.000 habitantes,6.3
2019,Farmaceútico/a,Jubilados/as,Hombre,Araba/Álava,Por 10.000 habitantes,0.6
2019,Farmaceútico/a,,Hombre,Araba/Álava,Por 10.000 habitantes,7.3
2015,Farmaceútico/a,,Hombre,Araba/Álava,Por 10.000 habitantes,6.9
2016,Farmaceútico/a,Jubilados/as,Hombre,Araba/Álava,Por 10.000 habitantes,0.4
2020,Farmaceútico/a,Jubilados/as,Hombre,Araba/Álava,Por 10.000 habitantes,0.6
2014,Farmaceútico/a,,Hombre,Araba/Álava,Por 10.000 habitantes,6.4
2016,Farmaceútico/a,No jubilados/as,Hombre,Araba/Álava,Por 10.000 habitantes,6.9
2011,Farmaceútico/a,No jubilados/as,Hombre,Araba/Álava,Por 10.000 habitantes,5.4
2018,Farmaceútico/a,No jubilados/as,Hombre,Araba/Álava,Por 10.000 habitantes,6.8
2015,Farmaceútico/a,No jubilados/as,Hombre,Araba/Álava,Por 10.000 habitantes,6.5
2010,Farmaceútico/a,No jubilados/as,Hombre,Araba/Álava,Por 10.000 habitantes,5.7
2017,Farmaceútico/a,No jubilados/as,Hombre,Araba/Álava,Por 10.000 habitantes,6.6
2012,Farmaceútico/a,No jubilados/as,Hombre,Araba/Álava,Por 10.000 habitantes,5.9
2019,Farmaceútico/a,No jubilados/as,Hombre,Araba/Álava,Por 10.000 habitantes,6.8
2014,Farmaceútico/a,No jubilados/as,Hombre,Araba/Álava,Por 10.000 habitantes,6.0
2013,Farmaceútico/a,No jubilados/as,Hombre,Araba/Álava,Por 10.000 habitantes,6.1
2025,Farmaceútico/a,No jubilados/as,Hombre,Araba/Álava,Por 10.000 habitantes,6.2
2024,Farmaceútico/a,No jubilados/as,Hombre,Araba/Álava,Por 10.000 habitantes,6.2
2020,Farmaceútico/a,No jubilados/as,Hombre,Araba/Álava,Por 10.000 habitantes,6.8
2021,Farmaceútico/a,No jubilados/as,Hombre,Araba/Álava,Por 10.000 habitantes,6.7
2023,Farmaceútico/a,No jubilados/as,Hombre,Araba/Álava,Por 10.000 habitantes,6.3
2018,Farmaceútico/a,,Hombre,Araba/Álava,Por 10.000 habitantes,7.4
2017,Farmaceútico/a,,Hombre,Araba/Álava,Por 10.000 habitantes,7.2
2023,Farmaceútico/a,Jubilados/as,Hombre,Araba/Álava,Por 10.000 habitantes,0.4
2025,Farmaceútico/a,Jubilados/as,Hombre,Araba/Álava,Por 10.000 habitantes,0.4
2021,Farmaceútico/a,Jubilados/as,Hombre,Araba/Álava,Por 10.000 habitantes,0.6
2015,Farmaceútico/a,Jubilados/as,Hombre,Araba/Álava,Por 10.000 habitantes,0.4
2011,Farmaceútico/a,Jubilados/as,Hombre,Bizkaia,Por 10.000 habitantes,0.8
2012,Farmaceútico/a,No jubilados/as,Hombre,Bizkaia,Por 10.000 habitantes,4.9
2010,Farmaceútico/a,No jubilados/as,Hombre,Bizkaia,Por 10.000 habitantes,4.7
2014,Farmaceútico/a,No jubilados/as,Hombre,Bizkaia,Por 10.000 habitantes,5.2
2011,Farmaceútico/a,No jubilados/as,Hombre,Bizkaia,Por 10.000 habitantes,4.6
2013,Farmaceútico/a,No jubilados/as,Hombre,Bizkaia,Por 10.000 habitantes,5.1
2015,Farmaceútico/a,No jubilados/as,Hombre,Bizkaia,Por 10.000 habitantes,5.4
2024,Farmaceútico/a,No jubilados/as,Hombre,Bizkaia,Por 10.000 habitantes,6.2
2021,Farmaceútico/a,No jubilados/as,Hombre,Bizkaia,Por 10.000 habitantes,6.0
2020,Farmaceútico/a,No jubilados/as,Hombre,Bizkaia,Por 10.000 habitantes,5.8
2025,Farmaceútico/a,No jubilados/as,Hombre,Bizkaia,Por 10.000 habitantes,6.1
2018,Farmaceútico/a,No jubilados/as,Hombre,Bizkaia,Por 10.000 habitantes,5.7
2022,Farmaceútico/a,No jubilados/as,Hombre,Bizkaia,Por 10.000 habitantes,6.1
2016,Farmaceútico/a,No jubilados/as,Hombre,Bizkaia,Por 10.000 habitantes,5.5
2017,Farmaceútico/a,No jubilados/as,Hombre,Bizkaia,Por 10.000 habitantes,5.7
2019,Farmaceútico/a,No jubilados/as,Hombre,Bizkaia,Por 10.000 habitantes,5.7
2023,Farmaceútico/a,No jubilados/as,Hombre,Bizkaia,Por 10.000 habitantes,6.2
2020,Farmaceútico/a,,Hombre,Bizkaia,Por 10.000 habitantes,6.6
2019,Farmaceútico/a,,Hombre,Bizkaia,Por 10.000 habitantes,6.5
2023,Farmaceútico/a,,Hombre,Bizkaia,Por 10.000 habitantes,7.0
2015,Farmaceútico/a,Jubilados/as,Hombre,Bizkaia,Por 10.000 habitantes,0.6
2013,Farmaceútico/a,Jubilados/as,Hombre,Bizkaia,Por 10.000 habitantes,0.8
2025,Farmaceútico/a,Jubilados/as,Hombre,Bizkaia,Por 10.000 habitantes,0.7
2021,Farmaceútico/a,Jubilados/as,Hombre,Bizkaia,Por 10.000 habitantes,0.7
2017,Farmaceútico/a,Jubilados/as,Hombre,Bizkaia,Por 10.000 habitantes,0.7
2023,Farmaceútico/a,Jubilados/as,Hombre,Bizkaia,Por 10.000 habitantes,0.7
2019,Farmaceútico/a,Jubilados/as,Hombre,Bizkaia,Por 10.000 habitantes,0.7
2020,Farmaceútico/a,Jubilados/as,Hombre,Bizkaia,Por 10.000 habitantes,0.7
2022,Farmaceútico/a,Jubilados/as,Hombre,Bizkaia,Por 10.000 habitantes,0.6
2024,Farmaceútico/a,Jubilados/as,Hombre,Bizkaia,Por 10.000 habitantes,0.7
2010,Farmaceútico/a,Jubilados/as,Hombre,Bizkaia,Por 10.000 habitantes,0.7
2014,Farmaceútico/a,Jubilados/as,Hombre,Bizkaia,Por 10.000 habitantes,0.8
2018,Farmaceútico/a,Jubilados/as,Hombre,Bizkaia,Por 10.000 habitantes,0.7
2012,Farmaceútico/a,Jubilados/as,Hombre,Bizkaia,Por 10.000 habitantes,0.8
2016,Farmaceútico/a,Jubilados/as,Hombre,Bizkaia,Por 10.000 habitantes,0.7
2024,Farmaceútico/a,,Hombre,Bizkaia,Por 10.000 habitantes,6.9
2011,Farmaceútico/a,,Hombre,Bizkaia,Por 10.000 habitantes,5.5
2018,Farmaceútico/a,,Hombre,Bizkaia,Por 10.000 habitantes,6.5
2010,Farmaceútico/a,,Hombre,Bizkaia,Por 10.000 habitantes,5.5
2016,Farmaceútico/a,,Hombre,Bizkaia,Por 10.000 habitantes,6.4
2022,Farmaceútico/a,,Hombre,Bizkaia,Por 10.000 habitantes,6.7
2013,Farmaceútico/a,,Hombre,Bizkaia,Por 10.000 habitantes,6.0
2021,Farmaceútico/a,,Hombre,Bizkaia,Por 10.000 habitantes,6.7
2014,Farmaceútico/a,,Hombre,Bizkaia,Por 10.000 habitantes,6.1
2015,Farmaceútico/a,,Hombre,Bizkaia,Por 10.000 habitantes,6.3
2017,Farmaceútico/a,,Hombre,Bizkaia,Por 10.000 habitantes,6.5
2012,Farmaceútico/a,,Hombre,Bizkaia,Por 10.000 habitantes,5.8
2025,Farmaceútico/a,,Hombre,Bizkaia,Por 10.000 habitantes,6.9
2023,Farmaceútico/a,No jubilados/as,Hombre,Gipuzkoa,Por 10.000 habitantes,5.0
2025,Farmaceútico/a,No jubilados/as,Hombre,Gipuzkoa,Por 10.000 habitantes,5.0
2022,Farmaceútico/a,No jubilados/as,Hombre,Gipuzkoa,Por 10.000 habitantes,5.4
2018,Farmaceútico/a,No jubilados/as,Hombre,Gipuzkoa,Por 10.000 habitantes,5.2
2019,Farmaceútico/a,No jubilados/as,Hombre,Gipuzkoa,Por 10.000 habitantes,5.1
2024,Farmaceútico/a,No jubilados/as,Hombre,Gipuzkoa,Por 10.000 habitantes,5.1
2015,Farmaceútico/a,No jubilados/as,Hombre,Gipuzkoa,Por 10.000 habitantes,4.7
2013,Farmaceútico/a,No jubilados/as,Hombre,Gipuzkoa,Por 10.000 habitantes,4.9
2016,Farmaceútico/a,No jubilados/as,Hombre,Gipuzkoa,Por 10.000 habitantes,4.9
2012,Farmaceútico/a,No jubilados/as,Hombre,Gipuzkoa,Por 10.000 habitantes,4.9
2014,Farmaceútico/a,No jubilados/as,Hombre,Gipuzkoa,Por 10.000 habitantes,5.0
2010,Farmaceútico/a,No jubilados/as,Hombre,Gipuzkoa,Por 10.000 habitantes,4.5
2017,Farmaceútico/a,No jubilados/as,Hombre,Gipuzkoa,Por 10.000 habitantes,4.8
2011,Farmaceútico/a,No jubilados/as,Hombre,Gipuzkoa,Por 10.000 habitantes,4.6
2014,Farmaceútico/a,,Hombre,Gipuzkoa,Por 10.000 habitantes,5.9
2018,Farmaceútico/a,,Hombre,Gipuzkoa,Por 10.000 habitantes,6.1
2018,Farmaceútico/a,Jubilados/as,Hombre,Gipuzkoa,Por 10.000 habitantes,0.9
2025,Farmaceútico/a,Jubilados/as,Hombre,Gipuzkoa,Por 10.000 habitantes,1.4
2021,Farmaceútico/a,Jubilados/as,Hombre,Gipuzkoa,Por 10.000 habitantes,1.1
2017,Farmaceútico/a,Jubilados/as,Hombre,Gipuzkoa,Por 10.000 habitantes,0.8
2013,Farmaceútico/a,Jubilados/as,Hombre,Gipuzkoa,Por 10.000 habitantes,0.8
2019,Farmaceútico/a,Jubilados/as,Hombre,Gipuzkoa,Por 10.000 habitantes,1.0
2023,Farmaceútico/a,Jubilados/as,Hombre,Gipuzkoa,Por 10.000 habitantes,1.3
2020,Farmaceútico/a,Jubilados/as,Hombre,Gipuzkoa,Por 10.000 habitantes,1.1
2022,Farmaceútico/a,Jubilados/as,Hombre,Gipuzkoa,Por 10.000 habitantes,1.2
2014,Farmaceútico/a,Jubilados/as,Hombre,Gipuzkoa,Por 10.000 habitantes,0.9
2016,Farmaceútico/a,Jubilados/as,Hombre,Gipuzkoa,Por 10.000 habitantes,0.9
2024,Farmaceútico/a,Jubilados/as,Hombre,Gipuzkoa,Por 10.000 habitantes,1.4
2015,Farmaceútico/a,Jubilados/as,Hombre,Gipuzkoa,Por 10.000 habitantes,0.9
2011,Farmaceútico/a,Jubilados/as,Hombre,Gipuzkoa,Por 10.000 habitantes,0.8
2010,Farmaceútico/a,Jubilados/as,Hombre,Gipuzkoa,Por 10.000 habitantes,0.8
2012,Farmaceútico/a,Jubilados/as,Hombre,Gipuzkoa,Por 10.000 habitantes,0.8
2020,Farmaceútico/a,,Hombre,Gipuzkoa,Por 10.000 habitantes,6.4
2024,Farmaceútico/a,,Hombre,Gipuzkoa,Por 10.000 habitantes,6.4
2011,Farmaceútico/a,,Hombre,Gipuzkoa,Por 10.000 habitantes,5.4
2019,Farmaceútico/a,,Hombre,Gipuzkoa,Por 10.000 habitantes,6.1
2017,Farmaceútico/a,,Hombre,Gipuzkoa,Por 10.000 habitantes,5.6
2025,Farmaceútico/a,,Hombre,Gipuzkoa,Por 10.000 habitantes,6.4
2015,Farmaceútico/a,,Hombre,Gipuzkoa,Por 10.000 habitantes,5.6
2023,Farmaceútico/a,,Hombre,Gipuzkoa,Por 10.000 habitantes,6.3
2021,Farmaceútico/a,,Hombre,Gipuzkoa,Por 10.000 habitantes,5.9
2013,Farmaceútico/a,,Hombre,Gipuzkoa,Por 10.000 habitantes,5.7
2021,Farmaceútico/a,No jubilados/as,Hombre,Gipuzkoa,Por 10.000 habitantes,4.8
2016,Farmaceútico/a,,Hombre,Gipuzkoa,Por 10.000 habitantes,5.8
2020,Farmaceútico/a,No jubilados/as,Hombre,Gipuzkoa,Por 10.000 habitantes,5.3
2010,Farmaceútico/a,,Hombre,Gipuzkoa,Por 10.000 habitantes,5.3
2022,Farmaceútico/a,,Hombre,Gipuzkoa,Por 10.000 habitantes,6.6
2012,Farmaceútico/a,,Hombre,Gipuzkoa,Por 10.000 habitantes,5.7
