Year,Profesion,SituacLabor,Sexo,Territorio,Units,Value
2021,,,,,PER_10000_POP,173.7
2022,,EU_SIT_JUB,,,PER_10000_POP,14.8
2016,,EU_SIT_JUB,,,PER_10000_POP,8.2
2013,,EU_SIT_JUB,,,PER_10000_POP,6.2
2017,,EU_SIT_NOJUB,,,PER_10000_POP,151.9
2025,,EU_SIT_NOJUB,,,PER_10000_POP,165.5
2021,,EU_SIT_NOJUB,,,PER_10000_POP,159.5
2011,,EU_SIT_JUB,,,PER_10000_POP,5.4
2011,,,,,PER_10000_POP,146.7
2012,,EU_SIT_NOJUB,,,PER_10000_POP,142.9
2015,,,,,PER_10000_POP,156.8
2019,,EU_SIT_JUB,,,PER_10000_POP,11.7
2010,,EU_SIT_JUB,,,PER_10000_POP,4.9
2021,,EU_SIT_JUB,,,PER_10000_POP,14.0
2019,,EU_SIT_NOJUB,,,PER_10000_POP,154.2
2022,,,,,PER_10000_POP,175.6
2011,,EU_SIT_NOJUB,,,PER_10000_POP,133.7
2010,,,,,PER_10000_POP,143.1
2022,,EU_SIT_NOJUB,,,PER_10000_POP,160.7
2020,,EU_SIT_JUB,,,PER_10000_POP,12.8
2020,,,,,PER_10000_POP,170.8
2023,,,,,PER_10000_POP,186.6
2016,,EU_SIT_NOJUB,,,PER_10000_POP,150.8
2010,,EU_SIT_NOJUB,,,PER_10000_POP,138.0
2025,,EU_SIT_JUB,,,PER_10000_POP,26.2
2014,,EU_SIT_JUB,,,PER_10000_POP,6.6
2014,,,,,PER_10000_POP,154.0
2012,,,,,PER_10000_POP,149.2
2012,,EU_SIT_JUB,,,PER_10000_POP,6.0
2020,,EU_SIT_NOJUB,,,PER_10000_POP,157.8
2013,,,,,PER_10000_POP,151.2
2023,,EU_SIT_NOJUB,,,PER_10000_POP,161.7
2019,,,,,PER_10000_POP,166.1
2024,,EU_SIT_JUB,,,PER_10000_POP,24.3
2013,,EU_SIT_NOJUB,,,PER_10000_POP,144.7
2015,,EU_SIT_NOJUB,,,PER_10000_POP,149.1
2015,,EU_SIT_JUB,,,PER_10000_POP,7.4
2017,,,,,PER_10000_POP,161.3
2024,,EU_SIT_NOJUB,,,PER_10000_POP,163.1
2017,,EU_SIT_JUB,,,PER_10000_POP,9.2
2018,,EU_SIT_NOJUB,,,PER_10000_POP,153.4
2024,,,,,PER_10000_POP,187.4
2023,,EU_SIT_JUB,,,PER_10000_POP,24.9
2018,,,,,PER_10000_POP,163.7
2014,,EU_SIT_NOJUB,,,PER_10000_POP,147.2
2016,,,,,PER_10000_POP,159.2
2025,,,,,PER_10000_POP,191.7
2018,,EU_SIT_JUB,,,PER_10000_POP,10.1
2015,,EU_SIT_JUB,,ES211,PER_10000_POP,7.4
2020,,EU_SIT_NOJUB,,ES211,PER_10000_POP,160.1
2024,,EU_SIT_JUB,,ES211,PER_10000_POP,16.0
2017,,EU_SIT_NOJUB,,ES211,PER_10000_POP,157.0
2017,,EU_SIT_JUB,,ES211,PER_10000_POP,9.5
2021,,EU_SIT_NOJUB,,ES211,PER_10000_POP,161.5
2023,,EU_SIT_JUB,,ES211,PER_10000_POP,15.1
2019,,EU_SIT_JUB,,ES211,PER_10000_POP,11.2
2013,,EU_SIT_NOJUB,,ES211,PER_10000_POP,150.2
2014,,EU_SIT_NOJUB,,ES211,PER_10000_POP,153.5
2020,,,,ES211,PER_10000_POP,172.1
2016,,EU_SIT_JUB,,ES211,PER_10000_POP,8.6
2013,,EU_SIT_JUB,,ES211,PER_10000_POP,5.5
2022,,EU_SIT_NOJUB,,ES211,PER_10000_POP,161.4
2019,,,,ES211,PER_10000_POP,168.9
2014,,,,ES211,PER_10000_POP,159.4
2025,,EU_SIT_JUB,,ES211,PER_10000_POP,17.3
2021,,EU_SIT_JUB,,ES211,PER_10000_POP,12.6
2020,,EU_SIT_JUB,,ES211,PER_10000_POP,12.0
2025,,,,ES211,PER_10000_POP,182.2
2010,,EU_SIT_NOJUB,,ES211,PER_10000_POP,141.0
2016,,EU_SIT_NOJUB,,ES211,PER_10000_POP,156.0
2015,,EU_SIT_NOJUB,,ES211,PER_10000_POP,154.7
2019,,EU_SIT_NOJUB,,ES211,PER_10000_POP,157.7
2017,,,,ES211,PER_10000_POP,166.5
2021,,,,ES211,PER_10000_POP,174.2
2024,,EU_SIT_NOJUB,,ES211,PER_10000_POP,162.7
2011,,EU_SIT_JUB,,ES211,PER_10000_POP,5.5
2010,,EU_SIT_JUB,,ES211,PER_10000_POP,4.7
2016,,,,ES211,PER_10000_POP,164.6
2012,,EU_SIT_JUB,,ES211,PER_10000_POP,5.1
2014,,EU_SIT_JUB,,ES211,PER_10000_POP,5.9
2013,,,,ES211,PER_10000_POP,155.7
2025,,EU_SIT_NOJUB,,ES211,PER_10000_POP,165.0
2024,,,,ES211,PER_10000_POP,178.7
2022,,EU_SIT_JUB,,ES211,PER_10000_POP,14.1
2010,,,,ES211,PER_10000_POP,145.9
2023,,,,ES211,PER_10000_POP,176.9
2018,,EU_SIT_NOJUB,,ES211,PER_10000_POP,158.2
2011,,,,ES211,PER_10000_POP,149.6
2023,,EU_SIT_NOJUB,,ES211,PER_10000_POP,161.8
2012,,EU_SIT_NOJUB,,ES211,PER_10000_POP,148.5
2011,,EU_SIT_NOJUB,,ES211,PER_10000_POP,138.2
2018,,,,ES211,PER_10000_POP,168.3
2015,,,,ES211,PER_10000_POP,162.1
2022,,,,ES211,PER_10000_POP,175.5
2012,,,,ES211,PER_10000_POP,153.7
2018,,EU_SIT_JUB,,ES211,PER_10000_POP,10.1
2010,,EU_SIT_NOJUB,,ES213,PER_10000_POP,138.6
2022,,,,ES213,PER_10000_POP,181.0
2010,,EU_SIT_JUB,,ES213,PER_10000_POP,5.4
2017,,EU_SIT_NOJUB,,ES213,PER_10000_POP,155.6
2017,,EU_SIT_JUB,,ES213,PER_10000_POP,9.0
2013,,,,ES213,PER_10000_POP,153.3
2025,,,,ES213,PER_10000_POP,191.4
2016,,,,ES213,PER_10000_POP,162.3
2022,,EU_SIT_NOJUB,,ES213,PER_10000_POP,166.4
2023,,EU_SIT_NOJUB,,ES213,PER_10000_POP,167.5
2024,,,,ES213,PER_10000_POP,187.2
2020,,EU_SIT_NOJUB,,ES213,PER_10000_POP,162.5
2024,,EU_SIT_JUB,,ES213,PER_10000_POP,18.0
2018,,,,ES213,PER_10000_POP,168.2
2011,,EU_SIT_NOJUB,,ES213,PER_10000_POP,134.2
2018,,EU_SIT_JUB,,ES213,PER_10000_POP,9.9
2025,,EU_SIT_NOJUB,,ES213,PER_10000_POP,171.9
2022,,EU_SIT_JUB,,ES213,PER_10000_POP,14.6
2014,,EU_SIT_JUB,,ES213,PER_10000_POP,6.6
2013,,EU_SIT_JUB,,ES213,PER_10000_POP,6.3
2020,,EU_SIT_JUB,,ES213,PER_10000_POP,13.1
2025,,EU_SIT_JUB,,ES213,PER_10000_POP,19.5
2021,,EU_SIT_NOJUB,,ES213,PER_10000_POP,164.3
2021,,EU_SIT_JUB,,ES213,PER_10000_POP,14.4
2015,,EU_SIT_JUB,,ES213,PER_10000_POP,7.1
2014,,EU_SIT_NOJUB,,ES213,PER_10000_POP,148.9
2015,,EU_SIT_NOJUB,,ES213,PER_10000_POP,151.8
2011,,EU_SIT_JUB,,ES213,PER_10000_POP,5.8
2014,,,,ES213,PER_10000_POP,156.0
2020,,,,ES213,PER_10000_POP,176.0
2013,,EU_SIT_NOJUB,,ES213,PER_10000_POP,146.5
2012,,,,ES213,PER_10000_POP,150.9
2023,,EU_SIT_JUB,,ES213,PER_10000_POP,16.8
2021,,,,ES213,PER_10000_POP,179.2
2024,,EU_SIT_NOJUB,,ES213,PER_10000_POP,169.1
2019,,,,ES213,PER_10000_POP,170.8
2010,,,,ES213,PER_10000_POP,144.3
2017,,,,ES213,PER_10000_POP,165.0
2019,,EU_SIT_NOJUB,,ES213,PER_10000_POP,158.6
2012,,EU_SIT_JUB,,ES213,PER_10000_POP,6.3
2016,,EU_SIT_NOJUB,,ES213,PER_10000_POP,154.0
2023,,,,ES213,PER_10000_POP,184.4
2018,,EU_SIT_NOJUB,,ES213,PER_10000_POP,157.9
2016,,EU_SIT_JUB,,ES213,PER_10000_POP,7.9
2011,,,,ES213,PER_10000_POP,148.2
2012,,EU_SIT_NOJUB,,ES213,PER_10000_POP,144.2
2015,,,,ES213,PER_10000_POP,159.4
2019,,EU_SIT_JUB,,ES213,PER_10000_POP,11.8
2010,,EU_SIT_NOJUB,,ES212,PER_10000_POP,135.6
2023,,,,ES212,PER_10000_POP,194.7
2013,,EU_SIT_NOJUB,,ES212,PER_10000_POP,139.4
2019,,EU_SIT_JUB,,ES212,PER_10000_POP,11.7
2023,,EU_SIT_JUB,,ES212,PER_10000_POP,42.3
2012,,,,ES212,PER_10000_POP,144.3
2025,,EU_SIT_JUB,,ES212,PER_10000_POP,41.1
2015,,EU_SIT_NOJUB,,ES212,PER_10000_POP,142.2
2018,,,,ES212,PER_10000_POP,154.3
2010,,EU_SIT_JUB,,ES212,PER_10000_POP,4.4
2022,,EU_SIT_JUB,,ES212,PER_10000_POP,15.6
2018,,EU_SIT_NOJUB,,ES212,PER_10000_POP,144.0
2017,,,,ES212,PER_10000_POP,152.9
2014,,EU_SIT_NOJUB,,ES212,PER_10000_POP,141.5
2014,,EU_SIT_JUB,,ES212,PER_10000_POP,7.0
2022,,EU_SIT_NOJUB,,ES212,PER_10000_POP,151.3
2024,,EU_SIT_JUB,,ES212,PER_10000_POP,38.2
2013,,EU_SIT_JUB,,ES212,PER_10000_POP,6.4
2021,,,,ES212,PER_10000_POP,164.7
2014,,,,ES212,PER_10000_POP,148.5
2020,,,,ES212,PER_10000_POP,161.9
2025,,EU_SIT_NOJUB,,ES212,PER_10000_POP,155.5
2011,,EU_SIT_JUB,,ES212,PER_10000_POP,4.6
2016,,EU_SIT_NOJUB,,ES212,PER_10000_POP,143.3
2016,,EU_SIT_JUB,,ES212,PER_10000_POP,8.6
2015,,,,ES212,PER_10000_POP,150.2
2013,,,,ES212,PER_10000_POP,145.8
2023,,EU_SIT_NOJUB,,ES212,PER_10000_POP,152.4
2019,,,,ES212,PER_10000_POP,157.3
2018,,EU_SIT_JUB,,ES212,PER_10000_POP,10.3
2019,,EU_SIT_NOJUB,,ES212,PER_10000_POP,145.6
2020,,EU_SIT_NOJUB,,ES212,PER_10000_POP,149.1
2022,,,,ES212,PER_10000_POP,167.0
2017,,EU_SIT_NOJUB,,ES212,PER_10000_POP,143.5
2011,,EU_SIT_NOJUB,,ES212,PER_10000_POP,130.7
2012,,EU_SIT_NOJUB,,ES212,PER_10000_POP,138.3
2020,,EU_SIT_JUB,,ES212,PER_10000_POP,12.8
2016,,,,ES212,PER_10000_POP,151.8
2025,,,,ES212,PER_10000_POP,196.6
2010,,,,ES212,PER_10000_POP,140.0
2024,,,,ES212,PER_10000_POP,191.8
2021,,EU_SIT_JUB,,ES212,PER_10000_POP,14.0
2015,,EU_SIT_JUB,,ES212,PER_10000_POP,8.0
2011,,,,ES212,PER_10000_POP,142.8
2017,,EU_SIT_JUB,,ES212,PER_10000_POP,9.4
2021,,EU_SIT_NOJUB,,ES212,PER_10000_POP,150.8
2024,,EU_SIT_NOJUB,,ES212,PER_10000_POP,153.5
2012,,EU_SIT_JUB,,ES212,PER_10000_POP,6.0
2017,,EU_SIT_NOJUB,F,,PER_10000_POP,225.4
2010,,EU_SIT_JUB,F,,PER_10000_POP,2.1
2024,,EU_SIT_NOJUB,F,,PER_10000_POP,247.4
2017,,,F,,PER_10000_POP,231.4
2020,,EU_SIT_JUB,F,,PER_10000_POP,8.9
2012,,EU_SIT_JUB,F,,PER_10000_POP,2.8
2011,,EU_SIT_JUB,F,,PER_10000_POP,2.7
2020,,,F,,PER_10000_POP,245.2
2023,,,F,,PER_10000_POP,271.4
2021,,,F,,PER_10000_POP,249.8
2021,,EU_SIT_JUB,F,,PER_10000_POP,10.1
2012,,EU_SIT_NOJUB,F,,PER_10000_POP,208.1
2013,,,F,,PER_10000_POP,215.2
2021,,EU_SIT_NOJUB,F,,PER_10000_POP,239.3
2016,,EU_SIT_JUB,F,,PER_10000_POP,4.8
2022,,,F,,PER_10000_POP,252.6
2014,,,F,,PER_10000_POP,219.8
2011,,,F,,PER_10000_POP,205.6
2011,,EU_SIT_NOJUB,F,,PER_10000_POP,195.7
2018,,EU_SIT_JUB,F,,PER_10000_POP,6.6
2016,,,F,,PER_10000_POP,228.0
2022,,EU_SIT_NOJUB,F,,PER_10000_POP,241.7
2017,,EU_SIT_JUB,F,,PER_10000_POP,5.7
2023,,EU_SIT_NOJUB,F,,PER_10000_POP,244.4
2014,,EU_SIT_NOJUB,F,,PER_10000_POP,216.1
2018,,EU_SIT_NOJUB,F,,PER_10000_POP,228.0
2019,,,F,,PER_10000_POP,238.1
2013,,EU_SIT_NOJUB,F,,PER_10000_POP,211.9
2016,,EU_SIT_NOJUB,F,,PER_10000_POP,222.9
2020,,EU_SIT_NOJUB,F,,PER_10000_POP,236.0
2015,,EU_SIT_NOJUB,F,,PER_10000_POP,220.1
2015,,EU_SIT_JUB,F,,PER_10000_POP,3.9
2022,,EU_SIT_JUB,F,,PER_10000_POP,10.9
2012,,,F,,PER_10000_POP,211.3
2015,,,F,,PER_10000_POP,224.4
2018,,,F,,PER_10000_POP,234.8
2010,,EU_SIT_NOJUB,F,,PER_10000_POP,198.8
2010,,,F,,PER_10000_POP,201.2
2025,,EU_SIT_NOJUB,F,,PER_10000_POP,252.0
2025,,EU_SIT_JUB,F,,PER_10000_POP,28.3
2019,,EU_SIT_NOJUB,F,,PER_10000_POP,229.9
2013,,EU_SIT_JUB,F,,PER_10000_POP,2.9
2024,,,F,,PER_10000_POP,273.3
2014,,EU_SIT_JUB,F,,PER_10000_POP,3.2
2024,,EU_SIT_JUB,F,,PER_10000_POP,25.9
2019,,EU_SIT_JUB,F,,PER_10000_POP,7.9
2025,,,F,,PER_10000_POP,280.3
2023,,EU_SIT_JUB,F,,PER_10000_POP,27.1
2016,,EU_SIT_JUB,F,ES211,PER_10000_POP,4.8
2022,,EU_SIT_NOJUB,F,ES211,PER_10000_POP,252.6
2010,,EU_SIT_JUB,F,ES211,PER_10000_POP,2.3
2014,,EU_SIT_NOJUB,F,ES211,PER_10000_POP,236.4
2021,,EU_SIT_JUB,F,ES211,PER_10000_POP,8.3
2020,,EU_SIT_NOJUB,F,ES211,PER_10000_POP,248.3
2010,,,F,ES211,PER_10000_POP,216.1
2021,,EU_SIT_NOJUB,F,ES211,PER_10000_POP,250.6
2013,,EU_SIT_JUB,F,ES211,PER_10000_POP,2.1
2015,,EU_SIT_NOJUB,F,ES211,PER_10000_POP,238.9
2021,,,F,ES211,PER_10000_POP,258.9
2012,,,F,ES211,PER_10000_POP,229.9
2024,,,F,ES211,PER_10000_POP,267.6
2017,,,F,ES211,PER_10000_POP,248.5
2010,,EU_SIT_NOJUB,F,ES211,PER_10000_POP,213.8
2011,,EU_SIT_JUB,F,ES211,PER_10000_POP,3.8
2022,,,F,ES211,PER_10000_POP,262.2
2013,,,F,ES211,PER_10000_POP,233.0
2025,,EU_SIT_NOJUB,F,ES211,PER_10000_POP,258.4
2022,,EU_SIT_JUB,F,ES211,PER_10000_POP,9.6
2023,,EU_SIT_NOJUB,F,ES211,PER_10000_POP,253.4
2011,,EU_SIT_NOJUB,F,ES211,PER_10000_POP,212.9
2024,,EU_SIT_NOJUB,F,ES211,PER_10000_POP,254.6
2011,,,F,ES211,PER_10000_POP,222.3
2025,,EU_SIT_JUB,F,ES211,PER_10000_POP,14.7
2020,,,F,ES211,PER_10000_POP,256.1
2024,,EU_SIT_JUB,F,ES211,PER_10000_POP,13.0
2016,,EU_SIT_NOJUB,F,ES211,PER_10000_POP,241.4
2018,,EU_SIT_NOJUB,F,ES211,PER_10000_POP,245.4
2017,,EU_SIT_NOJUB,F,ES211,PER_10000_POP,243.2
2012,,EU_SIT_NOJUB,F,ES211,PER_10000_POP,227.5
2013,,EU_SIT_NOJUB,F,ES211,PER_10000_POP,230.8
2020,,EU_SIT_JUB,F,ES211,PER_10000_POP,7.8
2023,,,F,ES211,PER_10000_POP,264.4
2025,,,F,ES211,PER_10000_POP,273.0
2019,,,F,ES211,PER_10000_POP,251.0
2016,,,F,ES211,PER_10000_POP,246.1
2018,,EU_SIT_JUB,F,ES211,PER_10000_POP,5.9
2023,,EU_SIT_JUB,F,ES211,PER_10000_POP,11.0
2019,,EU_SIT_NOJUB,F,ES211,PER_10000_POP,243.8
2018,,,F,ES211,PER_10000_POP,251.2
2014,,EU_SIT_JUB,F,ES211,PER_10000_POP,2.1
2015,,,F,ES211,PER_10000_POP,242.7
2015,,EU_SIT_JUB,F,ES211,PER_10000_POP,3.9
2012,,EU_SIT_JUB,F,ES211,PER_10000_POP,2.3
2014,,,F,ES211,PER_10000_POP,238.5
2017,,EU_SIT_JUB,F,ES211,PER_10000_POP,5.4
2019,,EU_SIT_JUB,F,ES211,PER_10000_POP,7.1
2019,,EU_SIT_JUB,F,ES213,PER_10000_POP,7.7
2018,,EU_SIT_JUB,F,ES213,PER_10000_POP,6.2
2023,,EU_SIT_JUB,F,ES213,PER_10000_POP,12.1
2025,,EU_SIT_JUB,F,ES213,PER_10000_POP,14.7
2011,,,F,ES213,PER_10000_POP,202.2
2013,,EU_SIT_JUB,F,ES213,PER_10000_POP,2.8
2015,,EU_SIT_NOJUB,F,ES213,PER_10000_POP,216.9
2016,,EU_SIT_JUB,F,ES213,PER_10000_POP,4.4
2021,,,F,ES213,PER_10000_POP,249.8
2014,,EU_SIT_NOJUB,F,ES213,PER_10000_POP,211.6
2023,,,F,ES213,PER_10000_POP,257.4
2020,,,F,ES213,PER_10000_POP,245.0
2010,,EU_SIT_JUB,F,ES213,PER_10000_POP,2.1
2011,,EU_SIT_NOJUB,F,ES213,PER_10000_POP,191.9
2010,,EU_SIT_NOJUB,F,ES213,PER_10000_POP,193.2
2020,,EU_SIT_NOJUB,F,ES213,PER_10000_POP,235.6
2018,,EU_SIT_NOJUB,F,ES213,PER_10000_POP,227.4
2021,,EU_SIT_NOJUB,F,ES213,PER_10000_POP,238.9
2025,,EU_SIT_NOJUB,F,ES213,PER_10000_POP,254.2
2023,,EU_SIT_NOJUB,F,ES213,PER_10000_POP,245.3
2014,,EU_SIT_JUB,F,ES213,PER_10000_POP,3.0
2020,,EU_SIT_JUB,F,ES213,PER_10000_POP,8.7
2012,,EU_SIT_JUB,F,ES213,PER_10000_POP,2.8
2022,,,F,ES213,PER_10000_POP,252.7
2013,,EU_SIT_NOJUB,F,ES213,PER_10000_POP,207.9
2024,,EU_SIT_JUB,F,ES213,PER_10000_POP,13.2
2012,,,F,ES213,PER_10000_POP,208.3
2016,,EU_SIT_NOJUB,F,ES213,PER_10000_POP,220.5
2017,,EU_SIT_JUB,F,ES213,PER_10000_POP,5.3
2018,,,F,ES213,PER_10000_POP,234.2
2019,,EU_SIT_NOJUB,F,ES213,PER_10000_POP,229.6
2022,,EU_SIT_NOJUB,F,ES213,PER_10000_POP,242.7
2024,,,F,ES213,PER_10000_POP,262.1
2015,,,F,ES213,PER_10000_POP,221.2
2019,,,F,ES213,PER_10000_POP,238.0
2021,,EU_SIT_JUB,F,ES213,PER_10000_POP,10.2
2014,,,F,ES213,PER_10000_POP,215.4
2016,,,F,ES213,PER_10000_POP,225.6
2017,,,F,ES213,PER_10000_POP,229.7
2015,,EU_SIT_JUB,F,ES213,PER_10000_POP,3.5
2022,,EU_SIT_JUB,F,ES213,PER_10000_POP,10.0
2013,,,F,ES213,PER_10000_POP,211.4
2025,,,F,ES213,PER_10000_POP,268.9
2010,,,F,ES213,PER_10000_POP,195.9
2012,,EU_SIT_NOJUB,F,ES213,PER_10000_POP,204.9
2017,,EU_SIT_NOJUB,F,ES213,PER_10000_POP,223.8
2011,,EU_SIT_JUB,F,ES213,PER_10000_POP,2.5
2024,,EU_SIT_NOJUB,F,ES213,PER_10000_POP,249.0
2017,,EU_SIT_NOJUB,F,ES212,PER_10000_POP,219.9
2013,,EU_SIT_NOJUB,F,ES212,PER_10000_POP,210.2
2017,,,F,ES212,PER_10000_POP,226.3
2016,,EU_SIT_JUB,F,ES212,PER_10000_POP,5.4
2020,,EU_SIT_JUB,F,ES212,PER_10000_POP,9.6
2015,,EU_SIT_JUB,F,ES212,PER_10000_POP,4.7
2010,,EU_SIT_NOJUB,F,ES212,PER_10000_POP,201.3
2021,,EU_SIT_NOJUB,F,ES212,PER_10000_POP,234.7
2012,,,F,ES212,PER_10000_POP,207.9
2023,,EU_SIT_JUB,F,ES212,PER_10000_POP,58.6
2022,,EU_SIT_JUB,F,ES212,PER_10000_POP,12.9
2014,,,F,ES212,PER_10000_POP,218.5
2023,,EU_SIT_NOJUB,F,ES212,PER_10000_POP,238.7
2019,,EU_SIT_NOJUB,F,ES212,PER_10000_POP,224.0
2022,,,F,ES212,PER_10000_POP,248.2
2010,,,F,ES212,PER_10000_POP,203.3
2017,,EU_SIT_JUB,F,ES212,PER_10000_POP,6.4
2019,,EU_SIT_JUB,F,ES212,PER_10000_POP,8.6
2012,,EU_SIT_JUB,F,ES212,PER_10000_POP,3.2
2018,,,F,ES212,PER_10000_POP,228.5
2012,,EU_SIT_NOJUB,F,ES212,PER_10000_POP,204.7
2015,,EU_SIT_NOJUB,F,ES212,PER_10000_POP,216.8
2023,,,F,ES212,PER_10000_POP,297.3
2019,,,F,ES212,PER_10000_POP,232.6
2010,,EU_SIT_JUB,F,ES212,PER_10000_POP,2.0
2013,,EU_SIT_JUB,F,ES212,PER_10000_POP,3.5
2015,,,F,ES212,PER_10000_POP,221.5
2021,,,F,ES212,PER_10000_POP,245.4
2025,,,F,ES212,PER_10000_POP,302.1
2011,,,F,ES212,PER_10000_POP,203.7
2016,,,F,ES212,PER_10000_POP,223.9
2025,,EU_SIT_NOJUB,F,ES212,PER_10000_POP,245.6
2024,,EU_SIT_NOJUB,F,ES212,PER_10000_POP,241.7
2020,,EU_SIT_NOJUB,F,ES212,PER_10000_POP,231.0
2018,,EU_SIT_NOJUB,F,ES212,PER_10000_POP,221.0
2016,,EU_SIT_NOJUB,F,ES212,PER_10000_POP,218.5
2022,,EU_SIT_NOJUB,F,ES212,PER_10000_POP,235.2
2024,,EU_SIT_JUB,F,ES212,PER_10000_POP,52.4
2021,,EU_SIT_JUB,F,ES212,PER_10000_POP,10.7
2011,,EU_SIT_NOJUB,F,ES212,PER_10000_POP,194.4
2014,,EU_SIT_JUB,F,ES212,PER_10000_POP,4.0
2014,,EU_SIT_NOJUB,F,ES212,PER_10000_POP,214.5
2020,,,F,ES212,PER_10000_POP,240.6
2013,,,F,ES212,PER_10000_POP,213.6
2025,,EU_SIT_JUB,F,ES212,PER_10000_POP,56.6
2011,,EU_SIT_JUB,F,ES212,PER_10000_POP,2.4
2024,,,F,ES212,PER_10000_POP,294.0
2018,,EU_SIT_JUB,F,ES212,PER_10000_POP,7.4
2013,,EU_SIT_NOJUB,M,,PER_10000_POP,73.9
2015,,EU_SIT_NOJUB,M,,PER_10000_POP,74.0
2022,,EU_SIT_JUB,M,,PER_10000_POP,19.0
2017,,EU_SIT_JUB,M,,PER_10000_POP,12.9
2013,,EU_SIT_JUB,M,,PER_10000_POP,9.7
2020,,EU_SIT_NOJUB,M,,PER_10000_POP,74.8
2017,,,M,,PER_10000_POP,86.8
2010,,EU_SIT_JUB,M,,PER_10000_POP,7.9
2016,,EU_SIT_NOJUB,M,,PER_10000_POP,74.3
2023,,EU_SIT_JUB,M,,PER_10000_POP,22.6
2015,,EU_SIT_JUB,M,,PER_10000_POP,11.1
2025,,EU_SIT_NOJUB,M,,PER_10000_POP,73.8
2014,,EU_SIT_NOJUB,M,,PER_10000_POP,74.3
2016,,,M,,PER_10000_POP,86.3
2018,,EU_SIT_JUB,M,,PER_10000_POP,13.8
2012,,,M,,PER_10000_POP,83.9
2019,,,M,,PER_10000_POP,89.7
2019,,EU_SIT_NOJUB,M,,PER_10000_POP,73.9
2010,,,M,,PER_10000_POP,82.3
2013,,,M,,PER_10000_POP,83.6
2020,,EU_SIT_JUB,M,,PER_10000_POP,17.0
2011,,EU_SIT_JUB,M,,PER_10000_POP,8.2
2017,,EU_SIT_NOJUB,M,,PER_10000_POP,73.9
2018,,EU_SIT_NOJUB,M,,PER_10000_POP,74.3
2025,,,M,,PER_10000_POP,97.8
2014,,,M,,PER_10000_POP,84.6
2011,,,M,,PER_10000_POP,84.8
2023,,,M,,PER_10000_POP,96.6
2024,,EU_SIT_NOJUB,M,,PER_10000_POP,73.6
2016,,EU_SIT_JUB,M,,PER_10000_POP,11.9
2010,,EU_SIT_NOJUB,M,,PER_10000_POP,74.2
2025,,EU_SIT_JUB,M,,PER_10000_POP,24.0
2022,,EU_SIT_NOJUB,M,,PER_10000_POP,74.7
2021,,EU_SIT_NOJUB,M,,PER_10000_POP,74.7
2020,,,M,,PER_10000_POP,91.8
2015,,,M,,PER_10000_POP,85.2
2022,,,M,,PER_10000_POP,93.7
2019,,EU_SIT_JUB,M,,PER_10000_POP,15.7
2024,,EU_SIT_JUB,M,,PER_10000_POP,22.7
2023,,EU_SIT_NOJUB,M,,PER_10000_POP,74.0
2021,,,M,,PER_10000_POP,92.9
2012,,EU_SIT_NOJUB,M,,PER_10000_POP,74.4
2018,,,M,,PER_10000_POP,88.2
2021,,EU_SIT_JUB,M,,PER_10000_POP,18.2
2014,,EU_SIT_JUB,M,,PER_10000_POP,10.2
2024,,,M,,PER_10000_POP,96.3
2012,,EU_SIT_JUB,M,,PER_10000_POP,9.4
2011,,EU_SIT_NOJUB,M,,PER_10000_POP,68.5
2015,,EU_SIT_JUB,M,ES211,PER_10000_POP,11.0
2020,,EU_SIT_JUB,M,ES211,PER_10000_POP,16.3
2011,,,M,ES211,PER_10000_POP,76.3
2022,,,M,ES211,PER_10000_POP,85.6
2015,,EU_SIT_NOJUB,M,ES211,PER_10000_POP,68.4
2010,,,M,ES211,PER_10000_POP,75.2
2016,,EU_SIT_NOJUB,M,ES211,PER_10000_POP,68.1
2021,,,M,ES211,PER_10000_POP,86.3
2017,,EU_SIT_NOJUB,M,ES211,PER_10000_POP,68.1
2024,,EU_SIT_JUB,M,ES211,PER_10000_POP,19.2
2025,,EU_SIT_NOJUB,M,ES211,PER_10000_POP,68.1
2010,,EU_SIT_JUB,M,ES211,PER_10000_POP,7.2
2023,,,M,ES211,PER_10000_POP,86.2
2021,,EU_SIT_NOJUB,M,ES211,PER_10000_POP,69.2
2014,,,M,ES211,PER_10000_POP,78.6
2012,,EU_SIT_JUB,M,ES211,PER_10000_POP,8.0
2015,,,M,ES211,PER_10000_POP,79.4
2016,,,M,ES211,PER_10000_POP,80.6
2023,,EU_SIT_NOJUB,M,ES211,PER_10000_POP,66.8
2025,,,M,ES211,PER_10000_POP,88.0
2024,,EU_SIT_NOJUB,M,ES211,PER_10000_POP,67.3
2016,,EU_SIT_JUB,M,ES211,PER_10000_POP,12.5
2017,,EU_SIT_JUB,M,ES211,PER_10000_POP,13.7
2012,,,M,ES211,PER_10000_POP,76.3
2018,,EU_SIT_JUB,M,ES211,PER_10000_POP,14.5
2014,,EU_SIT_JUB,M,ES211,PER_10000_POP,9.7
2025,,EU_SIT_JUB,M,ES211,PER_10000_POP,20.0
2018,,EU_SIT_NOJUB,M,ES211,PER_10000_POP,68.1
2011,,EU_SIT_NOJUB,M,ES211,PER_10000_POP,62.9
2011,,EU_SIT_JUB,M,ES211,PER_10000_POP,7.2
2012,,EU_SIT_NOJUB,M,ES211,PER_10000_POP,68.3
2017,,,M,ES211,PER_10000_POP,81.8
2019,,EU_SIT_JUB,M,ES211,PER_10000_POP,15.3
2010,,EU_SIT_NOJUB,M,ES211,PER_10000_POP,67.7
2022,,EU_SIT_NOJUB,M,ES211,PER_10000_POP,66.9
2021,,EU_SIT_JUB,M,ES211,PER_10000_POP,17.1
2019,,,M,ES211,PER_10000_POP,83.9
2013,,EU_SIT_NOJUB,M,ES211,PER_10000_POP,67.9
2013,,,M,ES211,PER_10000_POP,77.0
2013,,EU_SIT_JUB,M,ES211,PER_10000_POP,9.0
2014,,EU_SIT_NOJUB,M,ES211,PER_10000_POP,68.9
2020,,EU_SIT_NOJUB,M,ES211,PER_10000_POP,68.8
2018,,,M,ES211,PER_10000_POP,82.6
2020,,,M,ES211,PER_10000_POP,85.1
2023,,EU_SIT_JUB,M,ES211,PER_10000_POP,19.4
2019,,EU_SIT_NOJUB,M,ES211,PER_10000_POP,68.6
2022,,EU_SIT_JUB,M,ES211,PER_10000_POP,18.7
2024,,,M,ES211,PER_10000_POP,86.5
2012,,EU_SIT_JUB,M,ES213,PER_10000_POP,10.1
2016,,,M,ES213,PER_10000_POP,94.2
2024,,EU_SIT_NOJUB,M,ES213,PER_10000_POP,83.4
2021,,EU_SIT_NOJUB,M,ES213,PER_10000_POP,83.9
2022,,EU_SIT_NOJUB,M,ES213,PER_10000_POP,84.2
2014,,EU_SIT_NOJUB,M,ES213,PER_10000_POP,81.5
2015,,EU_SIT_JUB,M,ES213,PER_10000_POP,10.9
2015,,EU_SIT_NOJUB,M,ES213,PER_10000_POP,81.7
2025,,EU_SIT_JUB,M,ES213,PER_10000_POP,24.6
2018,,EU_SIT_JUB,M,ES213,PER_10000_POP,14.0
2025,,,M,ES213,PER_10000_POP,108.2
2016,,EU_SIT_JUB,M,ES213,PER_10000_POP,11.7
2020,,,M,ES213,PER_10000_POP,101.6
2014,,,M,ES213,PER_10000_POP,92.2
2019,,,M,ES213,PER_10000_POP,98.5
2017,,EU_SIT_JUB,M,ES213,PER_10000_POP,12.9
2012,,EU_SIT_NOJUB,M,ES213,PER_10000_POP,79.3
2013,,EU_SIT_NOJUB,M,ES213,PER_10000_POP,80.7
2017,,,M,ES213,PER_10000_POP,95.2
2019,,EU_SIT_JUB,M,ES213,PER_10000_POP,16.3
2022,,EU_SIT_JUB,M,ES213,PER_10000_POP,19.5
2011,,EU_SIT_JUB,M,ES213,PER_10000_POP,9.3
2016,,EU_SIT_NOJUB,M,ES213,PER_10000_POP,82.3
2018,,,M,ES213,PER_10000_POP,97.1
2021,,,M,ES213,PER_10000_POP,102.9
2010,,EU_SIT_NOJUB,M,ES213,PER_10000_POP,80.3
2014,,EU_SIT_JUB,M,ES213,PER_10000_POP,10.5
2012,,,M,ES213,PER_10000_POP,89.5
2021,,EU_SIT_JUB,M,ES213,PER_10000_POP,19.0
2010,,EU_SIT_JUB,M,ES213,PER_10000_POP,8.8
2022,,,M,ES213,PER_10000_POP,103.7
2023,,,M,ES213,PER_10000_POP,105.7
2024,,EU_SIT_JUB,M,ES213,PER_10000_POP,23.2
2011,,EU_SIT_NOJUB,M,ES213,PER_10000_POP,72.6
2013,,EU_SIT_JUB,M,ES213,PER_10000_POP,10.0
2020,,EU_SIT_JUB,M,ES213,PER_10000_POP,17.7
2015,,,M,ES213,PER_10000_POP,92.9
2025,,EU_SIT_NOJUB,M,ES213,PER_10000_POP,83.6
2013,,,M,ES213,PER_10000_POP,90.9
2018,,EU_SIT_NOJUB,M,ES213,PER_10000_POP,83.0
2024,,,M,ES213,PER_10000_POP,106.6
2010,,,M,ES213,PER_10000_POP,89.3
2017,,EU_SIT_NOJUB,M,ES213,PER_10000_POP,82.1
2020,,EU_SIT_NOJUB,M,ES213,PER_10000_POP,83.8
2011,,,M,ES213,PER_10000_POP,90.5
2023,,EU_SIT_JUB,M,ES213,PER_10000_POP,21.9
2019,,EU_SIT_NOJUB,M,ES213,PER_10000_POP,82.1
2023,,EU_SIT_NOJUB,M,ES213,PER_10000_POP,83.8
2022,,EU_SIT_JUB,M,ES212,PER_10000_POP,18.4
2013,,EU_SIT_JUB,M,ES212,PER_10000_POP,9.4
2021,,EU_SIT_NOJUB,M,ES212,PER_10000_POP,62.9
2025,,EU_SIT_NOJUB,M,ES212,PER_10000_POP,61.1
2011,,EU_SIT_NOJUB,M,ES212,PER_10000_POP,64.5
2017,,,M,ES212,PER_10000_POP,76.1
2013,,,M,ES212,PER_10000_POP,75.1
2012,,EU_SIT_JUB,M,ES212,PER_10000_POP,9.0
2011,,EU_SIT_JUB,M,ES212,PER_10000_POP,6.8
2018,,EU_SIT_JUB,M,ES212,PER_10000_POP,13.3
2015,,,M,ES212,PER_10000_POP,75.8
2018,,EU_SIT_NOJUB,M,ES212,PER_10000_POP,63.4
2017,,EU_SIT_NOJUB,M,ES212,PER_10000_POP,63.5
2010,,EU_SIT_NOJUB,M,ES212,PER_10000_POP,67.4
2014,,,M,ES212,PER_10000_POP,75.5
2018,,,M,ES212,PER_10000_POP,76.7
2019,,,M,ES212,PER_10000_POP,78.5
2020,,,M,ES212,PER_10000_POP,79.6
2023,,,M,ES212,PER_10000_POP,87.1
2025,,EU_SIT_JUB,M,ES212,PER_10000_POP,24.9
2019,,EU_SIT_JUB,M,ES212,PER_10000_POP,14.9
2017,,EU_SIT_JUB,M,ES212,PER_10000_POP,12.6
2021,,,M,ES212,PER_10000_POP,80.3
2012,,,M,ES212,PER_10000_POP,78.3
2014,,EU_SIT_JUB,M,ES212,PER_10000_POP,10.0
2011,,,M,ES212,PER_10000_POP,79.5
2022,,EU_SIT_NOJUB,M,ES212,PER_10000_POP,63.3
2020,,EU_SIT_NOJUB,M,ES212,PER_10000_POP,63.4
2014,,EU_SIT_NOJUB,M,ES212,PER_10000_POP,65.4
2019,,EU_SIT_NOJUB,M,ES212,PER_10000_POP,63.6
2023,,EU_SIT_NOJUB,M,ES212,PER_10000_POP,61.9
2015,,EU_SIT_NOJUB,M,ES212,PER_10000_POP,64.3
2012,,EU_SIT_NOJUB,M,ES212,PER_10000_POP,69.4
2024,,EU_SIT_NOJUB,M,ES212,PER_10000_POP,61.2
2025,,,M,ES212,PER_10000_POP,86.0
2013,,EU_SIT_NOJUB,M,ES212,PER_10000_POP,65.7
2024,,,M,ES212,PER_10000_POP,84.6
2010,,EU_SIT_JUB,M,ES212,PER_10000_POP,6.8
2016,,,M,ES212,PER_10000_POP,76.5
2015,,EU_SIT_JUB,M,ES212,PER_10000_POP,11.5
2023,,EU_SIT_JUB,M,ES212,PER_10000_POP,25.3
2016,,EU_SIT_NOJUB,M,ES212,PER_10000_POP,64.6
2020,,EU_SIT_JUB,M,ES212,PER_10000_POP,16.2
2022,,,M,ES212,PER_10000_POP,81.7
2021,,EU_SIT_JUB,M,ES212,PER_10000_POP,17.4
2024,,EU_SIT_JUB,M,ES212,PER_10000_POP,23.4
2016,,EU_SIT_JUB,M,ES212,PER_10000_POP,11.9
2010,,,M,ES212,PER_10000_POP,74.2
2023,ISCO08_221,,,,PER_10000_POP,71.8
2020,ISCO08_221,,,,PER_10000_POP,67.1
2012,ISCO08_221,,,,PER_10000_POP,57.1
2016,ISCO08_221,EU_SIT_NOJUB,,,PER_10000_POP,53.9
2019,ISCO08_221,EU_SIT_NOJUB,,,PER_10000_POP,54.8
2017,ISCO08_221,EU_SIT_JUB,,,PER_10000_POP,7.9
2017,ISCO08_221,,,,PER_10000_POP,62.1
2023,ISCO08_221,EU_SIT_NOJUB,,,PER_10000_POP,57.1
2013,ISCO08_221,,,,PER_10000_POP,58.2
2016,ISCO08_221,EU_SIT_JUB,,,PER_10000_POP,7.1
2025,ISCO08_221,EU_SIT_NOJUB,,,PER_10000_POP,58.3
2025,ISCO08_221,EU_SIT_JUB,,,PER_10000_POP,17.0
2019,ISCO08_221,EU_SIT_JUB,,,PER_10000_POP,10.3
2014,ISCO08_221,EU_SIT_NOJUB,,,PER_10000_POP,53.6
2013,ISCO08_221,EU_SIT_NOJUB,,,PER_10000_POP,53.1
2020,ISCO08_221,EU_SIT_JUB,,,PER_10000_POP,11.3
2017,ISCO08_221,EU_SIT_NOJUB,,,PER_10000_POP,54.1
2021,ISCO08_221,EU_SIT_NOJUB,,,PER_10000_POP,56.5
2015,ISCO08_221,EU_SIT_NOJUB,,,PER_10000_POP,53.7
2014,ISCO08_221,,,,PER_10000_POP,59.3
2022,ISCO08_221,EU_SIT_JUB,,,PER_10000_POP,13.1
2015,ISCO08_221,,,,PER_10000_POP,60.0
2010,ISCO08_221,EU_SIT_NOJUB,,,PER_10000_POP,50.2
2016,ISCO08_221,,,,PER_10000_POP,61.0
2014,ISCO08_221,EU_SIT_JUB,,,PER_10000_POP,5.7
2015,ISCO08_221,EU_SIT_JUB,,,PER_10000_POP,6.3
2022,ISCO08_221,,,,PER_10000_POP,70.3
2011,ISCO08_221,,,,PER_10000_POP,55.6
2024,ISCO08_221,EU_SIT_NOJUB,,,PER_10000_POP,57.6
2018,ISCO08_221,EU_SIT_NOJUB,,,PER_10000_POP,54.6
2021,ISCO08_221,EU_SIT_JUB,,,PER_10000_POP,12.4
2023,ISCO08_221,EU_SIT_JUB,,,PER_10000_POP,14.7
2011,ISCO08_221,EU_SIT_NOJUB,,,PER_10000_POP,51.2
2013,ISCO08_221,EU_SIT_JUB,,,PER_10000_POP,5.2
2012,ISCO08_221,EU_SIT_JUB,,,PER_10000_POP,5.0
2024,ISCO08_221,EU_SIT_JUB,,,PER_10000_POP,15.7
2018,ISCO08_221,,,,PER_10000_POP,63.4
2019,ISCO08_221,,,,PER_10000_POP,65.0
2010,ISCO08_221,EU_SIT_JUB,,,PER_10000_POP,4.1
2022,ISCO08_221,EU_SIT_NOJUB,,,PER_10000_POP,57.1
2025,ISCO08_221,,,,PER_10000_POP,75.4
2018,ISCO08_221,EU_SIT_JUB,,,PER_10000_POP,8.8
2020,ISCO08_221,EU_SIT_NOJUB,,,PER_10000_POP,55.8
2021,ISCO08_221,,,,PER_10000_POP,68.9
2010,ISCO08_221,,,,PER_10000_POP,54.3
2024,ISCO08_221,,,,PER_10000_POP,73.2
2011,ISCO08_221,EU_SIT_JUB,,,PER_10000_POP,4.3
2012,ISCO08_221,EU_SIT_NOJUB,,,PER_10000_POP,52.1
2014,ISCO08_221,EU_SIT_JUB,,ES211,PER_10000_POP,5.3
2017,ISCO08_221,,,ES211,PER_10000_POP,59.1
2015,ISCO08_221,EU_SIT_JUB,,ES211,PER_10000_POP,6.3
2023,ISCO08_221,,,ES211,PER_10000_POP,64.7
2010,ISCO08_221,EU_SIT_JUB,,ES211,PER_10000_POP,3.7
2010,ISCO08_221,EU_SIT_NOJUB,,ES211,PER_10000_POP,47.9
2022,ISCO08_221,EU_SIT_JUB,,ES211,PER_10000_POP,13.0
2011,ISCO08_221,EU_SIT_NOJUB,,ES211,PER_10000_POP,49.8
2024,ISCO08_221,EU_SIT_JUB,,ES211,PER_10000_POP,14.2
2013,ISCO08_221,,,ES211,PER_10000_POP,56.5
2024,ISCO08_221,EU_SIT_NOJUB,,ES211,PER_10000_POP,51.9
2022,ISCO08_221,EU_SIT_NOJUB,,ES211,PER_10000_POP,50.5
2017,ISCO08_221,EU_SIT_JUB,,ES211,PER_10000_POP,8.4
2014,ISCO08_221,EU_SIT_NOJUB,,ES211,PER_10000_POP,52.3
2013,ISCO08_221,EU_SIT_JUB,,ES211,PER_10000_POP,4.7
2015,ISCO08_221,EU_SIT_NOJUB,,ES211,PER_10000_POP,51.7
2020,ISCO08_221,,,ES211,PER_10000_POP,61.3
2018,ISCO08_221,,,ES211,PER_10000_POP,59.2
2012,ISCO08_221,EU_SIT_NOJUB,,ES211,PER_10000_POP,51.3
2025,ISCO08_221,EU_SIT_NOJUB,,ES211,PER_10000_POP,52.6
2016,ISCO08_221,EU_SIT_NOJUB,,ES211,PER_10000_POP,51.1
2018,ISCO08_221,EU_SIT_JUB,,ES211,PER_10000_POP,9.1
2019,ISCO08_221,EU_SIT_NOJUB,,ES211,PER_10000_POP,50.1
2019,ISCO08_221,EU_SIT_JUB,,ES211,PER_10000_POP,10.2
2010,ISCO08_221,,,ES211,PER_10000_POP,51.6
2012,ISCO08_221,EU_SIT_JUB,,ES211,PER_10000_POP,4.0
2014,ISCO08_221,,,ES211,PER_10000_POP,57.6
2025,ISCO08_221,EU_SIT_JUB,,ES211,PER_10000_POP,15.9
2017,ISCO08_221,EU_SIT_NOJUB,,ES211,PER_10000_POP,50.6
2015,ISCO08_221,,,ES211,PER_10000_POP,57.9
2011,ISCO08_221,EU_SIT_JUB,,ES211,PER_10000_POP,3.7
2016,ISCO08_221,,,ES211,PER_10000_POP,58.6
2021,ISCO08_221,EU_SIT_NOJUB,,ES211,PER_10000_POP,51.1
2019,ISCO08_221,,,ES211,PER_10000_POP,60.3
2024,ISCO08_221,,,ES211,PER_10000_POP,66.1
2020,ISCO08_221,EU_SIT_NOJUB,,ES211,PER_10000_POP,50.4
2013,ISCO08_221,EU_SIT_NOJUB,,ES211,PER_10000_POP,51.8
2016,ISCO08_221,EU_SIT_JUB,,ES211,PER_10000_POP,7.5
2011,ISCO08_221,,,ES211,PER_10000_POP,53.4
2022,ISCO08_221,,,ES211,PER_10000_POP,63.5
2023,ISCO08_221,EU_SIT_NOJUB,,ES211,PER_10000_POP,50.8
2021,ISCO08_221,,,ES211,PER_10000_POP,62.6
2012,ISCO08_221,,,ES211,PER_10000_POP,55.4
2020,ISCO08_221,EU_SIT_JUB,,ES211,PER_10000_POP,10.9
2025,ISCO08_221,,,ES211,PER_10000_POP,68.5
2023,ISCO08_221,EU_SIT_JUB,,ES211,PER_10000_POP,13.8
2018,ISCO08_221,EU_SIT_NOJUB,,ES211,PER_10000_POP,50.2
2021,ISCO08_221,EU_SIT_JUB,,ES211,PER_10000_POP,11.5
2017,ISCO08_221,,,ES213,PER_10000_POP,66.2
2012,ISCO08_221,EU_SIT_JUB,,ES213,PER_10000_POP,5.4
2019,ISCO08_221,EU_SIT_NOJUB,,ES213,PER_10000_POP,59.1
2022,ISCO08_221,EU_SIT_JUB,,ES213,PER_10000_POP,13.6
2012,ISCO08_221,,,ES213,PER_10000_POP,60.1
2013,ISCO08_221,EU_SIT_NOJUB,,ES213,PER_10000_POP,56.1
2010,ISCO08_221,EU_SIT_JUB,,ES213,PER_10000_POP,4.6
2020,ISCO08_221,,,ES213,PER_10000_POP,72.5
2018,ISCO08_221,EU_SIT_NOJUB,,ES213,PER_10000_POP,59.1
2014,ISCO08_221,EU_SIT_JUB,,ES213,PER_10000_POP,5.7
2010,ISCO08_221,,,ES213,PER_10000_POP,57.2
2020,ISCO08_221,EU_SIT_NOJUB,,ES213,PER_10000_POP,60.4
2022,ISCO08_221,EU_SIT_NOJUB,,ES213,PER_10000_POP,62.4
2017,ISCO08_221,EU_SIT_JUB,,ES213,PER_10000_POP,8.0
2017,ISCO08_221,EU_SIT_NOJUB,,ES213,PER_10000_POP,58.2
2025,ISCO08_221,EU_SIT_JUB,,ES213,PER_10000_POP,18.3
2025,ISCO08_221,EU_SIT_NOJUB,,ES213,PER_10000_POP,63.5
2016,ISCO08_221,,,ES213,PER_10000_POP,64.8
2014,ISCO08_221,EU_SIT_NOJUB,,ES213,PER_10000_POP,56.8
2024,ISCO08_221,EU_SIT_NOJUB,,ES213,PER_10000_POP,62.8
2019,ISCO08_221,EU_SIT_JUB,,ES213,PER_10000_POP,10.9
2021,ISCO08_221,EU_SIT_JUB,,ES213,PER_10000_POP,13.4
2021,ISCO08_221,EU_SIT_NOJUB,,ES213,PER_10000_POP,61.1
2023,ISCO08_221,,,ES213,PER_10000_POP,78.0
2014,ISCO08_221,,,ES213,PER_10000_POP,62.6
2020,ISCO08_221,EU_SIT_JUB,,ES213,PER_10000_POP,12.1
2024,ISCO08_221,,,ES213,PER_10000_POP,79.6
2015,ISCO08_221,,,ES213,PER_10000_POP,63.6
2015,ISCO08_221,EU_SIT_JUB,,ES213,PER_10000_POP,6.3
2016,ISCO08_221,EU_SIT_JUB,,ES213,PER_10000_POP,7.0
2012,ISCO08_221,EU_SIT_NOJUB,,ES213,PER_10000_POP,54.7
2011,ISCO08_221,EU_SIT_NOJUB,,ES213,PER_10000_POP,53.6
2025,ISCO08_221,,,ES213,PER_10000_POP,81.8
2011,ISCO08_221,EU_SIT_JUB,,ES213,PER_10000_POP,4.9
2019,ISCO08_221,,,ES213,PER_10000_POP,70.0
2018,ISCO08_221,EU_SIT_JUB,,ES213,PER_10000_POP,9.0
2021,ISCO08_221,,,ES213,PER_10000_POP,74.4
2023,ISCO08_221,EU_SIT_NOJUB,,ES213,PER_10000_POP,62.3
2013,ISCO08_221,,,ES213,PER_10000_POP,61.5
2024,ISCO08_221,EU_SIT_JUB,,ES213,PER_10000_POP,16.8
2023,ISCO08_221,EU_SIT_JUB,,ES213,PER_10000_POP,15.7
2018,ISCO08_221,,,ES213,PER_10000_POP,68.1
2016,ISCO08_221,EU_SIT_NOJUB,,ES213,PER_10000_POP,57.8
2015,ISCO08_221,EU_SIT_NOJUB,,ES213,PER_10000_POP,57.3
2010,ISCO08_221,EU_SIT_NOJUB,,ES213,PER_10000_POP,52.6
2011,ISCO08_221,,,ES213,PER_10000_POP,58.5
2022,ISCO08_221,,,ES213,PER_10000_POP,75.9
2013,ISCO08_221,EU_SIT_JUB,,ES213,PER_10000_POP,5.4
2017,ISCO08_221,,,ES212,PER_10000_POP,56.9
2015,ISCO08_221,EU_SIT_JUB,,ES212,PER_10000_POP,6.5
2025,ISCO08_221,EU_SIT_JUB,,ES212,PER_10000_POP,15.6
2021,ISCO08_221,EU_SIT_JUB,,ES212,PER_10000_POP,11.3
2017,ISCO08_221,EU_SIT_JUB,,ES212,PER_10000_POP,7.6
2013,ISCO08_221,EU_SIT_JUB,,ES212,PER_10000_POP,5.0
2023,ISCO08_221,,,ES212,PER_10000_POP,65.2
2015,ISCO08_221,,,ES212,PER_10000_POP,55.3
2011,ISCO08_221,EU_SIT_JUB,,ES212,PER_10000_POP,3.7
2011,ISCO08_221,,,ES212,PER_10000_POP,51.8
2025,ISCO08_221,,,ES212,PER_10000_POP,68.3
2020,ISCO08_221,EU_SIT_NOJUB,,ES212,PER_10000_POP,51.0
2024,ISCO08_221,EU_SIT_NOJUB,,ES212,PER_10000_POP,51.9
2018,ISCO08_221,EU_SIT_NOJUB,,ES212,PER_10000_POP,49.5
2021,ISCO08_221,EU_SIT_NOJUB,,ES212,PER_10000_POP,51.7
2023,ISCO08_221,EU_SIT_NOJUB,,ES212,PER_10000_POP,51.7
2016,ISCO08_221,EU_SIT_NOJUB,,ES212,PER_10000_POP,49.0
2013,ISCO08_221,EU_SIT_NOJUB,,ES212,PER_10000_POP,48.8
2010,ISCO08_221,EU_SIT_NOJUB,,ES212,PER_10000_POP,47.3
2014,ISCO08_221,EU_SIT_NOJUB,,ES212,PER_10000_POP,49.1
2020,ISCO08_221,,,ES212,PER_10000_POP,61.2
2022,ISCO08_221,,,ES212,PER_10000_POP,64.4
2016,ISCO08_221,,,ES212,PER_10000_POP,55.9
2014,ISCO08_221,,,ES212,PER_10000_POP,54.8
2014,ISCO08_221,EU_SIT_JUB,,ES212,PER_10000_POP,5.7
2013,ISCO08_221,,,ES212,PER_10000_POP,53.8
2018,ISCO08_221,,,ES212,PER_10000_POP,57.9
2012,ISCO08_221,,,ES212,PER_10000_POP,52.9
2022,ISCO08_221,EU_SIT_JUB,,ES212,PER_10000_POP,12.5
2024,ISCO08_221,,,ES212,PER_10000_POP,66.3
2010,ISCO08_221,,,ES212,PER_10000_POP,50.9
2012,ISCO08_221,EU_SIT_JUB,,ES212,PER_10000_POP,4.7
2012,ISCO08_221,EU_SIT_NOJUB,,ES212,PER_10000_POP,48.2
2019,ISCO08_221,EU_SIT_NOJUB,,ES212,PER_10000_POP,49.9
2020,ISCO08_221,EU_SIT_JUB,,ES212,PER_10000_POP,10.3
2016,ISCO08_221,EU_SIT_JUB,,ES212,PER_10000_POP,6.9
2010,ISCO08_221,EU_SIT_JUB,,ES212,PER_10000_POP,3.5
2025,ISCO08_221,EU_SIT_NOJUB,,ES212,PER_10000_POP,52.7
2023,ISCO08_221,EU_SIT_JUB,,ES212,PER_10000_POP,13.5
2015,ISCO08_221,EU_SIT_NOJUB,,ES212,PER_10000_POP,48.9
2011,ISCO08_221,EU_SIT_NOJUB,,ES212,PER_10000_POP,47.9
2017,ISCO08_221,EU_SIT_NOJUB,,ES212,PER_10000_POP,49.3
2021,ISCO08_221,,,ES212,PER_10000_POP,63.0
2024,ISCO08_221,EU_SIT_JUB,,ES212,PER_10000_POP,14.4
2019,ISCO08_221,,,ES212,PER_10000_POP,59.3
2018,ISCO08_221,EU_SIT_JUB,,ES212,PER_10000_POP,8.3
2022,ISCO08_221,EU_SIT_NOJUB,,ES212,PER_10000_POP,51.8
2019,ISCO08_221,EU_SIT_JUB,,ES212,PER_10000_POP,9.4
2012,ISCO08_221,EU_SIT_JUB,F,,PER_10000_POP,1.8
2023,ISCO08_221,EU_SIT_NOJUB,F,,PER_10000_POP,70.1
2019,ISCO08_221,,F,,PER_10000_POP,69.4
2012,ISCO08_221,EU_SIT_NOJUB,F,,PER_10000_POP,55.0
2011,ISCO08_221,EU_SIT_JUB,F,,PER_10000_POP,1.4
2015,ISCO08_221,,F,,PER_10000_POP,61.6
2025,ISCO08_221,EU_SIT_JUB,F,,PER_10000_POP,12.8
2023,ISCO08_221,EU_SIT_JUB,F,,PER_10000_POP,10.2
2013,ISCO08_221,EU_SIT_NOJUB,F,,PER_10000_POP,56.8
2013,ISCO08_221,EU_SIT_JUB,F,,PER_10000_POP,1.8
2022,ISCO08_221,,F,,PER_10000_POP,77.7
2011,ISCO08_221,EU_SIT_NOJUB,F,,PER_10000_POP,52.9
2015,ISCO08_221,EU_SIT_JUB,F,,PER_10000_POP,2.7
2020,ISCO08_221,EU_SIT_JUB,F,,PER_10000_POP,7.0
2016,ISCO08_221,EU_SIT_JUB,F,,PER_10000_POP,3.4
2023,ISCO08_221,,F,,PER_10000_POP,80.3
2010,ISCO08_221,EU_SIT_JUB,F,,PER_10000_POP,1.1
2022,ISCO08_221,EU_SIT_JUB,F,,PER_10000_POP,8.8
2014,ISCO08_221,EU_SIT_NOJUB,F,,PER_10000_POP,57.9
2018,ISCO08_221,EU_SIT_NOJUB,F,,PER_10000_POP,61.9
2017,ISCO08_221,EU_SIT_NOJUB,F,,PER_10000_POP,60.7
2020,ISCO08_221,EU_SIT_NOJUB,F,,PER_10000_POP,65.5
2015,ISCO08_221,EU_SIT_NOJUB,F,,PER_10000_POP,58.9
2011,ISCO08_221,,F,,PER_10000_POP,54.3
2021,ISCO08_221,EU_SIT_NOJUB,F,,PER_10000_POP,67.3
2024,ISCO08_221,,F,,PER_10000_POP,82.8
2017,ISCO08_221,EU_SIT_JUB,F,,PER_10000_POP,4.2
2024,ISCO08_221,EU_SIT_JUB,F,,PER_10000_POP,11.2
2010,ISCO08_221,,F,,PER_10000_POP,52.3
2010,ISCO08_221,EU_SIT_NOJUB,F,,PER_10000_POP,51.2
2018,ISCO08_221,,F,,PER_10000_POP,66.9
2024,ISCO08_221,EU_SIT_NOJUB,F,,PER_10000_POP,71.6
2014,ISCO08_221,EU_SIT_JUB,F,,PER_10000_POP,2.2
2020,ISCO08_221,,F,,PER_10000_POP,72.5
2021,ISCO08_221,,F,,PER_10000_POP,75.4
2019,ISCO08_221,EU_SIT_NOJUB,F,,PER_10000_POP,63.2
2021,ISCO08_221,EU_SIT_JUB,F,,PER_10000_POP,8.1
2012,ISCO08_221,,F,,PER_10000_POP,56.8
2017,ISCO08_221,,F,,PER_10000_POP,64.9
2019,ISCO08_221,EU_SIT_JUB,F,,PER_10000_POP,6.3
2013,ISCO08_221,,F,,PER_10000_POP,58.6
2014,ISCO08_221,,F,,PER_10000_POP,60.1
2016,ISCO08_221,,F,,PER_10000_POP,63.1
2025,ISCO08_221,EU_SIT_NOJUB,F,,PER_10000_POP,73.4
2016,ISCO08_221,EU_SIT_NOJUB,F,,PER_10000_POP,59.7
2022,ISCO08_221,EU_SIT_NOJUB,F,,PER_10000_POP,68.9
2025,ISCO08_221,,F,,PER_10000_POP,86.1
2018,ISCO08_221,EU_SIT_JUB,F,,PER_10000_POP,4.9
2025,ISCO08_221,EU_SIT_NOJUB,F,ES211,PER_10000_POP,68.5
2021,ISCO08_221,,F,ES211,PER_10000_POP,70.3
2018,ISCO08_221,EU_SIT_NOJUB,F,ES211,PER_10000_POP,59.7
2016,ISCO08_221,EU_SIT_NOJUB,F,ES211,PER_10000_POP,60.1
2011,ISCO08_221,EU_SIT_NOJUB,F,ES211,PER_10000_POP,54.0
2018,ISCO08_221,EU_SIT_JUB,F,ES211,PER_10000_POP,4.4
2017,ISCO08_221,EU_SIT_JUB,F,ES211,PER_10000_POP,3.9
2017,ISCO08_221,,F,ES211,PER_10000_POP,63.4
2012,ISCO08_221,EU_SIT_NOJUB,F,ES211,PER_10000_POP,56.9
2014,ISCO08_221,EU_SIT_JUB,F,ES211,PER_10000_POP,1.4
2025,ISCO08_221,EU_SIT_JUB,F,ES211,PER_10000_POP,12.3
2010,ISCO08_221,EU_SIT_NOJUB,F,ES211,PER_10000_POP,51.8
2016,ISCO08_221,EU_SIT_JUB,F,ES211,PER_10000_POP,3.2
2015,ISCO08_221,EU_SIT_NOJUB,F,ES211,PER_10000_POP,59.7
2021,ISCO08_221,EU_SIT_NOJUB,F,ES211,PER_10000_POP,63.6
2016,ISCO08_221,,F,ES211,PER_10000_POP,63.3
2020,ISCO08_221,,F,ES211,PER_10000_POP,67.6
2023,ISCO08_221,,F,ES211,PER_10000_POP,74.2
2022,ISCO08_221,,F,ES211,PER_10000_POP,72.0
2012,ISCO08_221,,F,ES211,PER_10000_POP,57.5
2019,ISCO08_221,,F,ES211,PER_10000_POP,65.8
2011,ISCO08_221,,F,ES211,PER_10000_POP,54.7
2010,ISCO08_221,,F,ES211,PER_10000_POP,52.4
2018,ISCO08_221,,F,ES211,PER_10000_POP,64.0
2013,ISCO08_221,EU_SIT_JUB,F,ES211,PER_10000_POP,0.7
2022,ISCO08_221,EU_SIT_JUB,F,ES211,PER_10000_POP,8.0
2019,ISCO08_221,EU_SIT_JUB,F,ES211,PER_10000_POP,5.8
2023,ISCO08_221,EU_SIT_NOJUB,F,ES211,PER_10000_POP,65.2
2010,ISCO08_221,EU_SIT_JUB,F,ES211,PER_10000_POP,0.6
2024,ISCO08_221,EU_SIT_JUB,F,ES211,PER_10000_POP,9.9
2015,ISCO08_221,EU_SIT_JUB,F,ES211,PER_10000_POP,2.1
2023,ISCO08_221,EU_SIT_JUB,F,ES211,PER_10000_POP,9.0
2024,ISCO08_221,,F,ES211,PER_10000_POP,77.3
2012,ISCO08_221,EU_SIT_JUB,F,ES211,PER_10000_POP,0.6
2020,ISCO08_221,EU_SIT_NOJUB,F,ES211,PER_10000_POP,61.3
2013,ISCO08_221,,F,ES211,PER_10000_POP,59.5
2011,ISCO08_221,EU_SIT_JUB,F,ES211,PER_10000_POP,0.6
2013,ISCO08_221,EU_SIT_NOJUB,F,ES211,PER_10000_POP,58.8
2021,ISCO08_221,EU_SIT_JUB,F,ES211,PER_10000_POP,6.7
2022,ISCO08_221,EU_SIT_NOJUB,F,ES211,PER_10000_POP,64.0
2017,ISCO08_221,EU_SIT_NOJUB,F,ES211,PER_10000_POP,59.6
2019,ISCO08_221,EU_SIT_NOJUB,F,ES211,PER_10000_POP,60.0
2025,ISCO08_221,,F,ES211,PER_10000_POP,80.8
2020,ISCO08_221,EU_SIT_JUB,F,ES211,PER_10000_POP,6.3
2014,ISCO08_221,EU_SIT_NOJUB,F,ES211,PER_10000_POP,59.6
2015,ISCO08_221,,F,ES211,PER_10000_POP,61.9
2024,ISCO08_221,EU_SIT_NOJUB,F,ES211,PER_10000_POP,67.5
2014,ISCO08_221,,F,ES211,PER_10000_POP,61.0
2021,ISCO08_221,,F,ES213,PER_10000_POP,79.8
2024,ISCO08_221,,F,ES213,PER_10000_POP,88.0
2014,ISCO08_221,,F,ES213,PER_10000_POP,62.4
2019,ISCO08_221,,F,ES213,PER_10000_POP,73.7
2024,ISCO08_221,EU_SIT_NOJUB,F,ES213,PER_10000_POP,76.5
2016,ISCO08_221,EU_SIT_NOJUB,F,ES213,PER_10000_POP,62.9
2025,ISCO08_221,EU_SIT_JUB,F,ES213,PER_10000_POP,13.0
2022,ISCO08_221,,F,ES213,PER_10000_POP,82.3
2013,ISCO08_221,EU_SIT_NOJUB,F,ES213,PER_10000_POP,59.3
2011,ISCO08_221,,F,ES213,PER_10000_POP,56.4
2010,ISCO08_221,,F,ES213,PER_10000_POP,54.4
2012,ISCO08_221,EU_SIT_NOJUB,F,ES213,PER_10000_POP,57.4
2019,ISCO08_221,EU_SIT_JUB,F,ES213,PER_10000_POP,6.5
2020,ISCO08_221,EU_SIT_NOJUB,F,ES213,PER_10000_POP,69.6
2017,ISCO08_221,EU_SIT_NOJUB,F,ES213,PER_10000_POP,64.2
2015,ISCO08_221,EU_SIT_NOJUB,F,ES213,PER_10000_POP,61.8
2014,ISCO08_221,EU_SIT_NOJUB,F,ES213,PER_10000_POP,60.4
2023,ISCO08_221,,F,ES213,PER_10000_POP,85.3
2015,ISCO08_221,,F,ES213,PER_10000_POP,64.3
2017,ISCO08_221,,F,ES213,PER_10000_POP,68.3
2025,ISCO08_221,,F,ES213,PER_10000_POP,91.5
2013,ISCO08_221,EU_SIT_JUB,F,ES213,PER_10000_POP,1.9
2017,ISCO08_221,EU_SIT_JUB,F,ES213,PER_10000_POP,4.1
2012,ISCO08_221,EU_SIT_JUB,F,ES213,PER_10000_POP,1.8
2021,ISCO08_221,EU_SIT_JUB,F,ES213,PER_10000_POP,8.7
2014,ISCO08_221,EU_SIT_JUB,F,ES213,PER_10000_POP,2.0
2016,ISCO08_221,EU_SIT_JUB,F,ES213,PER_10000_POP,3.3
2018,ISCO08_221,EU_SIT_JUB,F,ES213,PER_10000_POP,5.0
2022,ISCO08_221,EU_SIT_JUB,F,ES213,PER_10000_POP,8.7
2024,ISCO08_221,EU_SIT_JUB,F,ES213,PER_10000_POP,11.6
2010,ISCO08_221,EU_SIT_JUB,F,ES213,PER_10000_POP,1.2
2011,ISCO08_221,EU_SIT_JUB,F,ES213,PER_10000_POP,1.5
2025,ISCO08_221,EU_SIT_NOJUB,F,ES213,PER_10000_POP,78.5
2020,ISCO08_221,EU_SIT_JUB,F,ES213,PER_10000_POP,7.5
2023,ISCO08_221,EU_SIT_JUB,F,ES213,PER_10000_POP,10.5
2023,ISCO08_221,EU_SIT_NOJUB,F,ES213,PER_10000_POP,74.8
2010,ISCO08_221,EU_SIT_NOJUB,F,ES213,PER_10000_POP,53.2
2018,ISCO08_221,EU_SIT_NOJUB,F,ES213,PER_10000_POP,65.7
2019,ISCO08_221,EU_SIT_NOJUB,F,ES213,PER_10000_POP,67.2
2011,ISCO08_221,EU_SIT_NOJUB,F,ES213,PER_10000_POP,54.9
2020,ISCO08_221,,F,ES213,PER_10000_POP,77.1
2022,ISCO08_221,EU_SIT_NOJUB,F,ES213,PER_10000_POP,73.7
2015,ISCO08_221,EU_SIT_JUB,F,ES213,PER_10000_POP,2.5
2013,ISCO08_221,,F,ES213,PER_10000_POP,61.1
2018,ISCO08_221,,F,ES213,PER_10000_POP,70.7
2012,ISCO08_221,,F,ES213,PER_10000_POP,59.2
2016,ISCO08_221,,F,ES213,PER_10000_POP,66.2
2021,ISCO08_221,EU_SIT_NOJUB,F,ES213,PER_10000_POP,71.1
2025,ISCO08_221,EU_SIT_JUB,F,ES212,PER_10000_POP,12.6
2011,ISCO08_221,,F,ES212,PER_10000_POP,50.8
2024,ISCO08_221,EU_SIT_JUB,F,ES212,PER_10000_POP,11.3
2022,ISCO08_221,EU_SIT_JUB,F,ES212,PER_10000_POP,9.3
2020,ISCO08_221,EU_SIT_JUB,F,ES212,PER_10000_POP,6.7
2019,ISCO08_221,EU_SIT_JUB,F,ES212,PER_10000_POP,6.1
2021,ISCO08_221,EU_SIT_JUB,F,ES212,PER_10000_POP,7.8
2018,ISCO08_221,EU_SIT_JUB,F,ES212,PER_10000_POP,5.2
2017,ISCO08_221,EU_SIT_JUB,F,ES212,PER_10000_POP,4.5
2023,ISCO08_221,EU_SIT_JUB,F,ES212,PER_10000_POP,10.3
2014,ISCO08_221,EU_SIT_JUB,F,ES212,PER_10000_POP,2.8
2012,ISCO08_221,EU_SIT_JUB,F,ES212,PER_10000_POP,2.2
2011,ISCO08_221,EU_SIT_JUB,F,ES212,PER_10000_POP,1.4
2024,ISCO08_221,EU_SIT_NOJUB,F,ES212,PER_10000_POP,65.5
2025,ISCO08_221,EU_SIT_NOJUB,F,ES212,PER_10000_POP,67.3
2023,ISCO08_221,EU_SIT_NOJUB,F,ES212,PER_10000_POP,64.8
2021,ISCO08_221,EU_SIT_NOJUB,F,ES212,PER_10000_POP,62.8
2017,ISCO08_221,EU_SIT_NOJUB,F,ES212,PER_10000_POP,55.6
2016,ISCO08_221,EU_SIT_NOJUB,F,ES212,PER_10000_POP,54.4
2019,ISCO08_221,EU_SIT_NOJUB,F,ES212,PER_10000_POP,58.1
2018,ISCO08_221,EU_SIT_NOJUB,F,ES212,PER_10000_POP,56.9
2020,ISCO08_221,EU_SIT_NOJUB,F,ES212,PER_10000_POP,60.7
2015,ISCO08_221,EU_SIT_NOJUB,F,ES212,PER_10000_POP,53.9
2013,ISCO08_221,EU_SIT_JUB,F,ES212,PER_10000_POP,2.3
2015,ISCO08_221,EU_SIT_JUB,F,ES212,PER_10000_POP,3.2
2010,ISCO08_221,EU_SIT_NOJUB,F,ES212,PER_10000_POP,47.7
2013,ISCO08_221,EU_SIT_NOJUB,F,ES212,PER_10000_POP,51.8
2011,ISCO08_221,EU_SIT_NOJUB,F,ES212,PER_10000_POP,49.1
2012,ISCO08_221,EU_SIT_NOJUB,F,ES212,PER_10000_POP,50.3
2016,ISCO08_221,,F,ES212,PER_10000_POP,58.1
2016,ISCO08_221,EU_SIT_JUB,F,ES212,PER_10000_POP,3.8
2022,ISCO08_221,EU_SIT_NOJUB,F,ES212,PER_10000_POP,63.6
2012,ISCO08_221,,F,ES212,PER_10000_POP,52.4
2018,ISCO08_221,,F,ES212,PER_10000_POP,62.1
2015,ISCO08_221,,F,ES212,PER_10000_POP,57.1
2017,ISCO08_221,,F,ES212,PER_10000_POP,60.1
2010,ISCO08_221,,F,ES212,PER_10000_POP,48.9
2022,ISCO08_221,,F,ES212,PER_10000_POP,72.9
2025,ISCO08_221,,F,ES212,PER_10000_POP,79.9
2019,ISCO08_221,,F,ES212,PER_10000_POP,64.2
2021,ISCO08_221,,F,ES212,PER_10000_POP,70.6
2020,ISCO08_221,,F,ES212,PER_10000_POP,67.4
2010,ISCO08_221,EU_SIT_JUB,F,ES212,PER_10000_POP,1.1
2013,ISCO08_221,,F,ES212,PER_10000_POP,54.1
2023,ISCO08_221,,F,ES212,PER_10000_POP,75.0
2014,ISCO08_221,,F,ES212,PER_10000_POP,55.7
2014,ISCO08_221,EU_SIT_NOJUB,F,ES212,PER_10000_POP,53.0
2024,ISCO08_221,,F,ES212,PER_10000_POP,76.8
2016,ISCO08_221,EU_SIT_JUB,M,,PER_10000_POP,10.9
2017,ISCO08_221,EU_SIT_NOJUB,M,,PER_10000_POP,47.1
2013,ISCO08_221,EU_SIT_JUB,M,,PER_10000_POP,8.7
2011,ISCO08_221,EU_SIT_JUB,M,,PER_10000_POP,7.5
2016,ISCO08_221,EU_SIT_NOJUB,M,,PER_10000_POP,47.8
2021,ISCO08_221,EU_SIT_JUB,M,,PER_10000_POP,17.0
2022,ISCO08_221,EU_SIT_JUB,M,,PER_10000_POP,17.8
2024,ISCO08_221,,M,,PER_10000_POP,63.1
2024,ISCO08_221,EU_SIT_NOJUB,M,,PER_10000_POP,42.7
2024,ISCO08_221,EU_SIT_JUB,M,,PER_10000_POP,20.4
2017,ISCO08_221,,M,,PER_10000_POP,59.1
2022,ISCO08_221,,M,,PER_10000_POP,62.3
2016,ISCO08_221,,M,,PER_10000_POP,58.7
2019,ISCO08_221,,M,,PER_10000_POP,60.4
2020,ISCO08_221,EU_SIT_NOJUB,M,,PER_10000_POP,45.6
2015,ISCO08_221,,M,,PER_10000_POP,58.4
2014,ISCO08_221,EU_SIT_JUB,M,,PER_10000_POP,9.3
2011,ISCO08_221,,M,,PER_10000_POP,56.9
2019,ISCO08_221,EU_SIT_NOJUB,M,,PER_10000_POP,45.8
2023,ISCO08_221,EU_SIT_NOJUB,M,,PER_10000_POP,43.3
2022,ISCO08_221,EU_SIT_NOJUB,M,,PER_10000_POP,44.6
2025,ISCO08_221,EU_SIT_NOJUB,M,,PER_10000_POP,42.4
2021,ISCO08_221,EU_SIT_NOJUB,M,,PER_10000_POP,45.0
2023,ISCO08_221,EU_SIT_JUB,M,,PER_10000_POP,19.4
2018,ISCO08_221,EU_SIT_NOJUB,M,,PER_10000_POP,46.9
2020,ISCO08_221,EU_SIT_JUB,M,,PER_10000_POP,15.8
2021,ISCO08_221,,M,,PER_10000_POP,62.0
2012,ISCO08_221,EU_SIT_JUB,M,,PER_10000_POP,8.4
2019,ISCO08_221,EU_SIT_JUB,M,,PER_10000_POP,14.6
2018,ISCO08_221,,M,,PER_10000_POP,59.7
2013,ISCO08_221,EU_SIT_NOJUB,M,,PER_10000_POP,49.2
2025,ISCO08_221,EU_SIT_JUB,M,,PER_10000_POP,21.6
2010,ISCO08_221,EU_SIT_JUB,M,,PER_10000_POP,7.3
2025,ISCO08_221,,M,,PER_10000_POP,64.0
2011,ISCO08_221,EU_SIT_NOJUB,M,,PER_10000_POP,49.4
2010,ISCO08_221,EU_SIT_NOJUB,M,,PER_10000_POP,49.2
2023,ISCO08_221,,M,,PER_10000_POP,62.7
2013,ISCO08_221,,M,,PER_10000_POP,57.9
2015,ISCO08_221,EU_SIT_JUB,M,,PER_10000_POP,10.2
2012,ISCO08_221,EU_SIT_NOJUB,M,,PER_10000_POP,49.0
2014,ISCO08_221,EU_SIT_NOJUB,M,,PER_10000_POP,49.2
2014,ISCO08_221,,M,,PER_10000_POP,58.5
2017,ISCO08_221,EU_SIT_JUB,M,,PER_10000_POP,11.9
2020,ISCO08_221,,M,,PER_10000_POP,61.4
2012,ISCO08_221,,M,,PER_10000_POP,57.4
2018,ISCO08_221,EU_SIT_JUB,M,,PER_10000_POP,12.8
2015,ISCO08_221,EU_SIT_NOJUB,M,,PER_10000_POP,48.2
2010,ISCO08_221,,M,,PER_10000_POP,56.5
2017,ISCO08_221,,M,ES211,PER_10000_POP,54.6
2018,ISCO08_221,,M,ES211,PER_10000_POP,54.3
2019,ISCO08_221,EU_SIT_NOJUB,M,ES211,PER_10000_POP,39.9
2020,ISCO08_221,EU_SIT_NOJUB,M,ES211,PER_10000_POP,39.1
2018,ISCO08_221,EU_SIT_NOJUB,M,ES211,PER_10000_POP,40.3
2010,ISCO08_221,EU_SIT_NOJUB,M,ES211,PER_10000_POP,44.0
2022,ISCO08_221,,M,ES211,PER_10000_POP,54.7
2015,ISCO08_221,,M,ES211,PER_10000_POP,53.8
2025,ISCO08_221,EU_SIT_JUB,M,ES211,PER_10000_POP,19.6
2013,ISCO08_221,EU_SIT_JUB,M,ES211,PER_10000_POP,8.6
2011,ISCO08_221,EU_SIT_JUB,M,ES211,PER_10000_POP,6.7
2016,ISCO08_221,,M,ES211,PER_10000_POP,53.8
2011,ISCO08_221,EU_SIT_NOJUB,M,ES211,PER_10000_POP,45.5
2012,ISCO08_221,,M,ES211,PER_10000_POP,53.2
2022,ISCO08_221,EU_SIT_JUB,M,ES211,PER_10000_POP,18.2
2019,ISCO08_221,,M,ES211,PER_10000_POP,54.7
2011,ISCO08_221,,M,ES211,PER_10000_POP,52.2
2025,ISCO08_221,EU_SIT_NOJUB,M,ES211,PER_10000_POP,36.1
2021,ISCO08_221,EU_SIT_JUB,M,ES211,PER_10000_POP,16.4
2025,ISCO08_221,,M,ES211,PER_10000_POP,55.7
2019,ISCO08_221,EU_SIT_JUB,M,ES211,PER_10000_POP,14.7
2013,ISCO08_221,EU_SIT_NOJUB,M,ES211,PER_10000_POP,44.8
2014,ISCO08_221,,M,ES211,PER_10000_POP,54.0
2024,ISCO08_221,,M,ES211,PER_10000_POP,54.4
2023,ISCO08_221,,M,ES211,PER_10000_POP,54.8
2021,ISCO08_221,EU_SIT_NOJUB,M,ES211,PER_10000_POP,38.2
2017,ISCO08_221,EU_SIT_NOJUB,M,ES211,PER_10000_POP,41.4
2010,ISCO08_221,EU_SIT_JUB,M,ES211,PER_10000_POP,6.9
2015,ISCO08_221,EU_SIT_NOJUB,M,ES211,PER_10000_POP,43.4
2022,ISCO08_221,EU_SIT_NOJUB,M,ES211,PER_10000_POP,36.5
2024,ISCO08_221,EU_SIT_NOJUB,M,ES211,PER_10000_POP,35.8
2014,ISCO08_221,EU_SIT_NOJUB,M,ES211,PER_10000_POP,44.7
2023,ISCO08_221,EU_SIT_NOJUB,M,ES211,PER_10000_POP,35.9
2024,ISCO08_221,EU_SIT_JUB,M,ES211,PER_10000_POP,18.6
2016,ISCO08_221,EU_SIT_JUB,M,ES211,PER_10000_POP,12.0
2012,ISCO08_221,EU_SIT_JUB,M,ES211,PER_10000_POP,7.5
2016,ISCO08_221,EU_SIT_NOJUB,M,ES211,PER_10000_POP,41.8
2023,ISCO08_221,EU_SIT_JUB,M,ES211,PER_10000_POP,18.8
2017,ISCO08_221,EU_SIT_JUB,M,ES211,PER_10000_POP,13.2
2015,ISCO08_221,EU_SIT_JUB,M,ES211,PER_10000_POP,10.5
2018,ISCO08_221,EU_SIT_JUB,M,ES211,PER_10000_POP,13.9
2014,ISCO08_221,EU_SIT_JUB,M,ES211,PER_10000_POP,9.3
2012,ISCO08_221,EU_SIT_NOJUB,M,ES211,PER_10000_POP,45.7
2020,ISCO08_221,,M,ES211,PER_10000_POP,54.8
2021,ISCO08_221,,M,ES211,PER_10000_POP,54.6
2010,ISCO08_221,,M,ES211,PER_10000_POP,50.9
2013,ISCO08_221,,M,ES211,PER_10000_POP,53.4
2020,ISCO08_221,EU_SIT_JUB,M,ES211,PER_10000_POP,15.7
2020,ISCO08_221,,M,ES213,PER_10000_POP,67.6
2010,ISCO08_221,,M,ES213,PER_10000_POP,60.2
2023,ISCO08_221,EU_SIT_JUB,M,ES213,PER_10000_POP,21.2
2019,ISCO08_221,EU_SIT_NOJUB,M,ES213,PER_10000_POP,50.4
2018,ISCO08_221,,M,ES213,PER_10000_POP,65.3
2016,ISCO08_221,,M,ES213,PER_10000_POP,63.4
2012,ISCO08_221,,M,ES213,PER_10000_POP,61.1
2017,ISCO08_221,EU_SIT_NOJUB,M,ES213,PER_10000_POP,51.7
2011,ISCO08_221,EU_SIT_NOJUB,M,ES213,PER_10000_POP,52.1
2010,ISCO08_221,EU_SIT_NOJUB,M,ES213,PER_10000_POP,52.1
2020,ISCO08_221,EU_SIT_NOJUB,M,ES213,PER_10000_POP,50.5
2016,ISCO08_221,EU_SIT_NOJUB,M,ES213,PER_10000_POP,52.4
2012,ISCO08_221,EU_SIT_NOJUB,M,ES213,PER_10000_POP,51.8
2022,ISCO08_221,EU_SIT_NOJUB,M,ES213,PER_10000_POP,50.2
2021,ISCO08_221,EU_SIT_NOJUB,M,ES213,PER_10000_POP,50.3
2025,ISCO08_221,EU_SIT_NOJUB,M,ES213,PER_10000_POP,47.4
2015,ISCO08_221,EU_SIT_NOJUB,M,ES213,PER_10000_POP,52.5
2013,ISCO08_221,EU_SIT_NOJUB,M,ES213,PER_10000_POP,52.7
2018,ISCO08_221,EU_SIT_JUB,M,ES213,PER_10000_POP,13.3
2020,ISCO08_221,EU_SIT_JUB,M,ES213,PER_10000_POP,17.1
2013,ISCO08_221,EU_SIT_JUB,M,ES213,PER_10000_POP,9.2
2016,ISCO08_221,EU_SIT_JUB,M,ES213,PER_10000_POP,11.0
2014,ISCO08_221,EU_SIT_JUB,M,ES213,PER_10000_POP,9.7
2018,ISCO08_221,EU_SIT_NOJUB,M,ES213,PER_10000_POP,52.0
2017,ISCO08_221,EU_SIT_JUB,M,ES213,PER_10000_POP,12.2
2019,ISCO08_221,EU_SIT_JUB,M,ES213,PER_10000_POP,15.6
2024,ISCO08_221,EU_SIT_NOJUB,M,ES213,PER_10000_POP,48.0
2021,ISCO08_221,EU_SIT_JUB,M,ES213,PER_10000_POP,18.3
2022,ISCO08_221,EU_SIT_JUB,M,ES213,PER_10000_POP,18.9
2023,ISCO08_221,EU_SIT_NOJUB,M,ES213,PER_10000_POP,48.8
2014,ISCO08_221,EU_SIT_NOJUB,M,ES213,PER_10000_POP,53.0
2015,ISCO08_221,EU_SIT_JUB,M,ES213,PER_10000_POP,10.3
2010,ISCO08_221,EU_SIT_JUB,M,ES213,PER_10000_POP,8.1
2011,ISCO08_221,EU_SIT_JUB,M,ES213,PER_10000_POP,8.6
2012,ISCO08_221,EU_SIT_JUB,M,ES213,PER_10000_POP,9.3
2019,ISCO08_221,,M,ES213,PER_10000_POP,66.0
2015,ISCO08_221,,M,ES213,PER_10000_POP,62.7
2025,ISCO08_221,,M,ES213,PER_10000_POP,71.3
2014,ISCO08_221,,M,ES213,PER_10000_POP,62.7
2011,ISCO08_221,,M,ES213,PER_10000_POP,60.7
2024,ISCO08_221,,M,ES213,PER_10000_POP,70.6
2025,ISCO08_221,EU_SIT_JUB,M,ES213,PER_10000_POP,23.9
2023,ISCO08_221,,M,ES213,PER_10000_POP,70.1
2024,ISCO08_221,EU_SIT_JUB,M,ES213,PER_10000_POP,22.5
2017,ISCO08_221,,M,ES213,PER_10000_POP,63.9
2013,ISCO08_221,,M,ES213,PER_10000_POP,62.0
2022,ISCO08_221,,M,ES213,PER_10000_POP,69.0
2021,ISCO08_221,,M,ES213,PER_10000_POP,68.6
2014,ISCO08_221,EU_SIT_NOJUB,M,ES212,PER_10000_POP,45.1
2021,ISCO08_221,EU_SIT_JUB,M,ES212,PER_10000_POP,15.0
2019,ISCO08_221,,M,ES212,PER_10000_POP,54.2
2011,ISCO08_221,EU_SIT_JUB,M,ES212,PER_10000_POP,6.0
2019,ISCO08_221,EU_SIT_JUB,M,ES212,PER_10000_POP,12.8
2012,ISCO08_221,EU_SIT_JUB,M,ES212,PER_10000_POP,7.3
2010,ISCO08_221,EU_SIT_JUB,M,ES212,PER_10000_POP,6.1
2015,ISCO08_221,EU_SIT_JUB,M,ES212,PER_10000_POP,9.8
2013,ISCO08_221,EU_SIT_JUB,M,ES212,PER_10000_POP,7.8
2024,ISCO08_221,EU_SIT_JUB,M,ES212,PER_10000_POP,17.8
2023,ISCO08_221,EU_SIT_NOJUB,M,ES212,PER_10000_POP,38.1
2014,ISCO08_221,EU_SIT_JUB,M,ES212,PER_10000_POP,8.7
2023,ISCO08_221,EU_SIT_JUB,M,ES212,PER_10000_POP,16.9
2022,ISCO08_221,EU_SIT_JUB,M,ES212,PER_10000_POP,15.9
2025,ISCO08_221,EU_SIT_JUB,M,ES212,PER_10000_POP,18.8
2023,ISCO08_221,,M,ES212,PER_10000_POP,55.0
2016,ISCO08_221,,M,ES212,PER_10000_POP,53.6
2024,ISCO08_221,,M,ES212,PER_10000_POP,55.4
2012,ISCO08_221,,M,ES212,PER_10000_POP,53.3
2010,ISCO08_221,,M,ES212,PER_10000_POP,53.0
2014,ISCO08_221,,M,ES212,PER_10000_POP,53.8
2013,ISCO08_221,,M,ES212,PER_10000_POP,53.4
2022,ISCO08_221,,M,ES212,PER_10000_POP,55.4
2011,ISCO08_221,,M,ES212,PER_10000_POP,52.9
2020,ISCO08_221,,M,ES212,PER_10000_POP,54.7
2017,ISCO08_221,,M,ES212,PER_10000_POP,53.6
2021,ISCO08_221,,M,ES212,PER_10000_POP,55.0
2025,ISCO08_221,,M,ES212,PER_10000_POP,56.2
2018,ISCO08_221,,M,ES212,PER_10000_POP,53.4
2015,ISCO08_221,,M,ES212,PER_10000_POP,53.5
2011,ISCO08_221,EU_SIT_NOJUB,M,ES212,PER_10000_POP,46.7
2013,ISCO08_221,EU_SIT_NOJUB,M,ES212,PER_10000_POP,45.6
2010,ISCO08_221,EU_SIT_NOJUB,M,ES212,PER_10000_POP,46.9
2012,ISCO08_221,EU_SIT_NOJUB,M,ES212,PER_10000_POP,46.0
2017,ISCO08_221,EU_SIT_NOJUB,M,ES212,PER_10000_POP,42.6
2016,ISCO08_221,EU_SIT_NOJUB,M,ES212,PER_10000_POP,43.4
2015,ISCO08_221,EU_SIT_NOJUB,M,ES212,PER_10000_POP,43.7
2016,ISCO08_221,EU_SIT_JUB,M,ES212,PER_10000_POP,10.2
2020,ISCO08_221,EU_SIT_JUB,M,ES212,PER_10000_POP,13.9
2020,ISCO08_221,EU_SIT_NOJUB,M,ES212,PER_10000_POP,40.8
2019,ISCO08_221,EU_SIT_NOJUB,M,ES212,PER_10000_POP,41.4
2017,ISCO08_221,EU_SIT_JUB,M,ES212,PER_10000_POP,10.9
2025,ISCO08_221,EU_SIT_NOJUB,M,ES212,PER_10000_POP,37.4
2024,ISCO08_221,EU_SIT_NOJUB,M,ES212,PER_10000_POP,37.6
2022,ISCO08_221,EU_SIT_NOJUB,M,ES212,PER_10000_POP,39.5
2021,ISCO08_221,EU_SIT_NOJUB,M,ES212,PER_10000_POP,40.0
2018,ISCO08_221,EU_SIT_NOJUB,M,ES212,PER_10000_POP,41.8
2018,ISCO08_221,EU_SIT_JUB,M,ES212,PER_10000_POP,11.6
2022,ISCO08_2221_3221,,,,PER_10000_POP,79.6
2023,ISCO08_2221_3221,EU_SIT_NOJUB,,,PER_10000_POP,80.8
2020,ISCO08_2221_3221,EU_SIT_JUB,,,PER_10000_POP,0.1
2024,ISCO08_2221_3221,EU_SIT_JUB,,,PER_10000_POP,6.7
2020,ISCO08_2221_3221,,,,PER_10000_POP,78.6
2021,ISCO08_2221_3221,EU_SIT_JUB,,,PER_10000_POP,0.1
2025,ISCO08_2221_3221,,,,PER_10000_POP,90.5
2016,ISCO08_2221_3221,EU_SIT_NOJUB,,,PER_10000_POP,74.5
2016,ISCO08_2221_3221,,,,PER_10000_POP,74.5
2018,ISCO08_2221_3221,,,,PER_10000_POP,75.8
2013,ISCO08_2221_3221,EU_SIT_JUB,,,PER_10000_POP,0.1
2014,ISCO08_2221_3221,EU_SIT_JUB,,,PER_10000_POP,0.0
2010,ISCO08_2221_3221,EU_SIT_NOJUB,,,PER_10000_POP,67.9
2010,ISCO08_2221_3221,EU_SIT_JUB,,,PER_10000_POP,0.1
2011,ISCO08_2221_3221,,,,PER_10000_POP,69.9
2015,ISCO08_2221_3221,,,,PER_10000_POP,73.6
2016,ISCO08_2221_3221,EU_SIT_JUB,,,PER_10000_POP,0.1
2011,ISCO08_2221_3221,EU_SIT_JUB,,,PER_10000_POP,0.2
2025,ISCO08_2221_3221,EU_SIT_NOJUB,,,PER_10000_POP,83.4
2017,ISCO08_2221_3221,EU_SIT_JUB,,,PER_10000_POP,0.0
2014,ISCO08_2221_3221,,,,PER_10000_POP,72.1
2012,ISCO08_2221_3221,,,,PER_10000_POP,70.4
2022,ISCO08_2221_3221,EU_SIT_JUB,,,PER_10000_POP,0.1
2019,ISCO08_2221_3221,,,,PER_10000_POP,76.5
2024,ISCO08_2221_3221,EU_SIT_NOJUB,,,PER_10000_POP,81.7
2015,ISCO08_2221_3221,EU_SIT_JUB,,,PER_10000_POP,0.1
2023,ISCO08_2221_3221,,,,PER_10000_POP,89.2
2013,ISCO08_2221_3221,,,,PER_10000_POP,70.7
2018,ISCO08_2221_3221,EU_SIT_JUB,,,PER_10000_POP,0.0
2021,ISCO08_2221_3221,EU_SIT_NOJUB,,,PER_10000_POP,79.3
2018,ISCO08_2221_3221,EU_SIT_NOJUB,,,PER_10000_POP,75.8
2010,ISCO08_2221_3221,,,,PER_10000_POP,68.0
2019,ISCO08_2221_3221,EU_SIT_NOJUB,,,PER_10000_POP,76.5
2023,ISCO08_2221_3221,EU_SIT_JUB,,,PER_10000_POP,8.4
2017,ISCO08_2221_3221,EU_SIT_NOJUB,,,PER_10000_POP,75.1
2022,ISCO08_2221_3221,EU_SIT_NOJUB,,,PER_10000_POP,79.5
2012,ISCO08_2221_3221,EU_SIT_JUB,,,PER_10000_POP,0.1
2013,ISCO08_2221_3221,EU_SIT_NOJUB,,,PER_10000_POP,70.7
2014,ISCO08_2221_3221,EU_SIT_NOJUB,,,PER_10000_POP,72.1
2012,ISCO08_2221_3221,EU_SIT_NOJUB,,,PER_10000_POP,70.3
2011,ISCO08_2221_3221,EU_SIT_NOJUB,,,PER_10000_POP,69.7
2024,ISCO08_2221_3221,,,,PER_10000_POP,88.5
2019,ISCO08_2221_3221,EU_SIT_JUB,,,PER_10000_POP,0.0
2025,ISCO08_2221_3221,EU_SIT_JUB,,,PER_10000_POP,7.1
2020,ISCO08_2221_3221,EU_SIT_NOJUB,,,PER_10000_POP,78.6
2021,ISCO08_2221_3221,,,,PER_10000_POP,79.4
2015,ISCO08_2221_3221,EU_SIT_NOJUB,,,PER_10000_POP,73.5
2017,ISCO08_2221_3221,,,,PER_10000_POP,75.2
2023,ISCO08_2221_3221,EU_SIT_NOJUB,,ES211,PER_10000_POP,88.5
2022,ISCO08_2221_3221,EU_SIT_NOJUB,,ES211,PER_10000_POP,88.0
2018,ISCO08_2221_3221,,,ES211,PER_10000_POP,86.8
2021,ISCO08_2221_3221,EU_SIT_NOJUB,,ES211,PER_10000_POP,88.1
2016,ISCO08_2221_3221,EU_SIT_JUB,,ES211,PER_10000_POP,0.4
2024,ISCO08_2221_3221,EU_SIT_NOJUB,,ES211,PER_10000_POP,87.7
2013,ISCO08_2221_3221,,,ES211,PER_10000_POP,78.5
2014,ISCO08_2221_3221,EU_SIT_NOJUB,,ES211,PER_10000_POP,80.6
2016,ISCO08_2221_3221,EU_SIT_NOJUB,,ES211,PER_10000_POP,83.5
2018,ISCO08_2221_3221,EU_SIT_NOJUB,,ES211,PER_10000_POP,86.5
2020,ISCO08_2221_3221,EU_SIT_NOJUB,,ES211,PER_10000_POP,87.2
2012,ISCO08_2221_3221,EU_SIT_NOJUB,,ES211,PER_10000_POP,77.4
2011,ISCO08_2221_3221,EU_SIT_NOJUB,,ES211,PER_10000_POP,75.1
2015,ISCO08_2221_3221,EU_SIT_NOJUB,,ES211,PER_10000_POP,82.0
2019,ISCO08_2221_3221,,,ES211,PER_10000_POP,85.8
2015,ISCO08_2221_3221,,,ES211,PER_10000_POP,82.6
2023,ISCO08_2221_3221,,,ES211,PER_10000_POP,88.9
2011,ISCO08_2221_3221,,,ES211,PER_10000_POP,76.5
2012,ISCO08_2221_3221,,,ES211,PER_10000_POP,78.0
2022,ISCO08_2221_3221,,,ES211,PER_10000_POP,88.4
2010,ISCO08_2221_3221,EU_SIT_JUB,,ES211,PER_10000_POP,0.6
2014,ISCO08_2221_3221,EU_SIT_JUB,,ES211,PER_10000_POP,0.1
2021,ISCO08_2221_3221,,,ES211,PER_10000_POP,88.5
2019,ISCO08_2221_3221,EU_SIT_JUB,,ES211,PER_10000_POP,0.2
2016,ISCO08_2221_3221,,,ES211,PER_10000_POP,83.9
2017,ISCO08_2221_3221,EU_SIT_NOJUB,,ES211,PER_10000_POP,85.2
2014,ISCO08_2221_3221,,,ES211,PER_10000_POP,80.7
2023,ISCO08_2221_3221,EU_SIT_JUB,,ES211,PER_10000_POP,0.4
2024,ISCO08_2221_3221,EU_SIT_JUB,,ES211,PER_10000_POP,1.0
2017,ISCO08_2221_3221,EU_SIT_JUB,,ES211,PER_10000_POP,0.2
2011,ISCO08_2221_3221,EU_SIT_JUB,,ES211,PER_10000_POP,1.4
2012,ISCO08_2221_3221,EU_SIT_JUB,,ES211,PER_10000_POP,0.6
2024,ISCO08_2221_3221,,,ES211,PER_10000_POP,88.7
2013,ISCO08_2221_3221,EU_SIT_NOJUB,,ES211,PER_10000_POP,78.1
2015,ISCO08_2221_3221,EU_SIT_JUB,,ES211,PER_10000_POP,0.5
2025,ISCO08_2221_3221,EU_SIT_NOJUB,,ES211,PER_10000_POP,89.5
2020,ISCO08_2221_3221,,,ES211,PER_10000_POP,87.5
2019,ISCO08_2221_3221,EU_SIT_NOJUB,,ES211,PER_10000_POP,85.6
2018,ISCO08_2221_3221,EU_SIT_JUB,,ES211,PER_10000_POP,0.2
2020,ISCO08_2221_3221,EU_SIT_JUB,,ES211,PER_10000_POP,0.4
2010,ISCO08_2221_3221,EU_SIT_NOJUB,,ES211,PER_10000_POP,74.4
2021,ISCO08_2221_3221,EU_SIT_JUB,,ES211,PER_10000_POP,0.4
2025,ISCO08_2221_3221,EU_SIT_JUB,,ES211,PER_10000_POP,0.3
2010,ISCO08_2221_3221,,,ES211,PER_10000_POP,75.0
2022,ISCO08_2221_3221,EU_SIT_JUB,,ES211,PER_10000_POP,0.4
2025,ISCO08_2221_3221,,,ES211,PER_10000_POP,89.8
2017,ISCO08_2221_3221,,,ES211,PER_10000_POP,85.5
2013,ISCO08_2221_3221,EU_SIT_JUB,,ES211,PER_10000_POP,0.4
2017,ISCO08_2221_3221,EU_SIT_NOJUB,,ES213,PER_10000_POP,74.1
2011,ISCO08_2221_3221,EU_SIT_NOJUB,,ES213,PER_10000_POP,67.8
2015,ISCO08_2221_3221,EU_SIT_NOJUB,,ES213,PER_10000_POP,72.1
2010,ISCO08_2221_3221,,,ES213,PER_10000_POP,65.4
2024,ISCO08_2221_3221,,,ES213,PER_10000_POP,82.0
2013,ISCO08_2221_3221,,,ES213,PER_10000_POP,69.0
2022,ISCO08_2221_3221,EU_SIT_NOJUB,,ES213,PER_10000_POP,79.3
2012,ISCO08_2221_3221,,,ES213,PER_10000_POP,68.6
2021,ISCO08_2221_3221,,,ES213,PER_10000_POP,79.0
2021,ISCO08_2221_3221,EU_SIT_NOJUB,,ES213,PER_10000_POP,79.0
2025,ISCO08_2221_3221,EU_SIT_NOJUB,,ES213,PER_10000_POP,84.0
2019,ISCO08_2221_3221,EU_SIT_NOJUB,,ES213,PER_10000_POP,75.8
2016,ISCO08_2221_3221,EU_SIT_NOJUB,,ES213,PER_10000_POP,73.2
2023,ISCO08_2221_3221,,,ES213,PER_10000_POP,80.7
2010,ISCO08_2221_3221,EU_SIT_NOJUB,,ES213,PER_10000_POP,65.4
2020,ISCO08_2221_3221,,,ES213,PER_10000_POP,78.2
2019,ISCO08_2221_3221,,,ES213,PER_10000_POP,75.8
2017,ISCO08_2221_3221,,,ES213,PER_10000_POP,74.1
2025,ISCO08_2221_3221,,,ES213,PER_10000_POP,84.0
2018,ISCO08_2221_3221,,,ES213,PER_10000_POP,75.1
2023,ISCO08_2221_3221,EU_SIT_NOJUB,,ES213,PER_10000_POP,80.7
2020,ISCO08_2221_3221,EU_SIT_NOJUB,,ES213,PER_10000_POP,78.2
2024,ISCO08_2221_3221,EU_SIT_NOJUB,,ES213,PER_10000_POP,82.0
2023,ISCO08_2221_3221,EU_SIT_JUB,,ES213,PER_10000_POP,0.0
2013,ISCO08_2221_3221,EU_SIT_NOJUB,,ES213,PER_10000_POP,69.0
2012,ISCO08_2221_3221,EU_SIT_NOJUB,,ES213,PER_10000_POP,68.6
2018,ISCO08_2221_3221,EU_SIT_NOJUB,,ES213,PER_10000_POP,75.1
2014,ISCO08_2221_3221,,,ES213,PER_10000_POP,70.3
2011,ISCO08_2221_3221,,,ES213,PER_10000_POP,67.8
2015,ISCO08_2221_3221,,,ES213,PER_10000_POP,72.1
2016,ISCO08_2221_3221,,,ES213,PER_10000_POP,73.2
2011,ISCO08_2221_3221,EU_SIT_JUB,,ES213,PER_10000_POP,0.0
2010,ISCO08_2221_3221,EU_SIT_JUB,,ES213,PER_10000_POP,0.0
2020,ISCO08_2221_3221,EU_SIT_JUB,,ES213,PER_10000_POP,0.0
2018,ISCO08_2221_3221,EU_SIT_JUB,,ES213,PER_10000_POP,0.0
2014,ISCO08_2221_3221,EU_SIT_JUB,,ES213,PER_10000_POP,0.0
2014,ISCO08_2221_3221,EU_SIT_NOJUB,,ES213,PER_10000_POP,70.3
2022,ISCO08_2221_3221,EU_SIT_JUB,,ES213,PER_10000_POP,0.0
2025,ISCO08_2221_3221,EU_SIT_JUB,,ES213,PER_10000_POP,0.0
2017,ISCO08_2221_3221,EU_SIT_JUB,,ES213,PER_10000_POP,0.0
2024,ISCO08_2221_3221,EU_SIT_JUB,,ES213,PER_10000_POP,0.0
2021,ISCO08_2221_3221,EU_SIT_JUB,,ES213,PER_10000_POP,0.0
2016,ISCO08_2221_3221,EU_SIT_JUB,,ES213,PER_10000_POP,0.0
2019,ISCO08_2221_3221,EU_SIT_JUB,,ES213,PER_10000_POP,0.0
2022,ISCO08_2221_3221,,,ES213,PER_10000_POP,79.3
2013,ISCO08_2221_3221,EU_SIT_JUB,,ES213,PER_10000_POP,0.0
2012,ISCO08_2221_3221,EU_SIT_JUB,,ES213,PER_10000_POP,0.0
2015,ISCO08_2221_3221,EU_SIT_JUB,,ES213,PER_10000_POP,0.0
2018,ISCO08_2221_3221,,,ES212,PER_10000_POP,72.0
2019,ISCO08_2221_3221,EU_SIT_JUB,,ES212,PER_10000_POP,0.0
2017,ISCO08_2221_3221,,,ES212,PER_10000_POP,72.1
2024,ISCO08_2221_3221,,,ES212,PER_10000_POP,98.6
2021,ISCO08_2221_3221,EU_SIT_NOJUB,,ES212,PER_10000_POP,75.7
2024,ISCO08_2221_3221,EU_SIT_NOJUB,,ES212,PER_10000_POP,78.4
2018,ISCO08_2221_3221,EU_SIT_NOJUB,,ES212,PER_10000_POP,72.0
2019,ISCO08_2221_3221,EU_SIT_NOJUB,,ES212,PER_10000_POP,73.4
2022,ISCO08_2221_3221,EU_SIT_NOJUB,,ES212,PER_10000_POP,76.0
2020,ISCO08_2221_3221,EU_SIT_NOJUB,,ES212,PER_10000_POP,75.2
2023,ISCO08_2221_3221,EU_SIT_NOJUB,,ES212,PER_10000_POP,77.2
2015,ISCO08_2221_3221,EU_SIT_NOJUB,,ES212,PER_10000_POP,71.9
2013,ISCO08_2221_3221,EU_SIT_NOJUB,,ES212,PER_10000_POP,69.9
2016,ISCO08_2221_3221,EU_SIT_NOJUB,,ES212,PER_10000_POP,72.4
2012,ISCO08_2221_3221,EU_SIT_NOJUB,,ES212,PER_10000_POP,69.9
2014,ISCO08_2221_3221,EU_SIT_NOJUB,,ES212,PER_10000_POP,71.2
2010,ISCO08_2221_3221,EU_SIT_NOJUB,,ES212,PER_10000_POP,69.0
2011,ISCO08_2221_3221,EU_SIT_NOJUB,,ES212,PER_10000_POP,70.5
2011,ISCO08_2221_3221,,,ES212,PER_10000_POP,70.5
2013,ISCO08_2221_3221,,,ES212,PER_10000_POP,69.9
2021,ISCO08_2221_3221,,,ES212,PER_10000_POP,75.7
2015,ISCO08_2221_3221,,,ES212,PER_10000_POP,71.9
2023,ISCO08_2221_3221,,,ES212,PER_10000_POP,102.8
2019,ISCO08_2221_3221,,,ES212,PER_10000_POP,73.4
2025,ISCO08_2221_3221,EU_SIT_NOJUB,,ES212,PER_10000_POP,79.5
2020,ISCO08_2221_3221,,,ES212,PER_10000_POP,75.2
2016,ISCO08_2221_3221,,,ES212,PER_10000_POP,72.4
2012,ISCO08_2221_3221,,,ES212,PER_10000_POP,69.9
2010,ISCO08_2221_3221,EU_SIT_JUB,,ES212,PER_10000_POP,0.0
2022,ISCO08_2221_3221,EU_SIT_JUB,,ES212,PER_10000_POP,0.0
2018,ISCO08_2221_3221,EU_SIT_JUB,,ES212,PER_10000_POP,0.0
2014,ISCO08_2221_3221,EU_SIT_JUB,,ES212,PER_10000_POP,0.0
2025,ISCO08_2221_3221,,,ES212,PER_10000_POP,101.1
2024,ISCO08_2221_3221,EU_SIT_JUB,,ES212,PER_10000_POP,20.2
2023,ISCO08_2221_3221,EU_SIT_JUB,,ES212,PER_10000_POP,25.5
2017,ISCO08_2221_3221,EU_SIT_JUB,,ES212,PER_10000_POP,0.0
2021,ISCO08_2221_3221,EU_SIT_JUB,,ES212,PER_10000_POP,0.0
2025,ISCO08_2221_3221,EU_SIT_JUB,,ES212,PER_10000_POP,21.6
2016,ISCO08_2221_3221,EU_SIT_JUB,,ES212,PER_10000_POP,0.0
2020,ISCO08_2221_3221,EU_SIT_JUB,,ES212,PER_10000_POP,0.0
2012,ISCO08_2221_3221,EU_SIT_JUB,,ES212,PER_10000_POP,0.0
2011,ISCO08_2221_3221,EU_SIT_JUB,,ES212,PER_10000_POP,0.0
2013,ISCO08_2221_3221,EU_SIT_JUB,,ES212,PER_10000_POP,0.0
2015,ISCO08_2221_3221,EU_SIT_JUB,,ES212,PER_10000_POP,0.0
2017,ISCO08_2221_3221,EU_SIT_NOJUB,,ES212,PER_10000_POP,72.1
2014,ISCO08_2221_3221,,,ES212,PER_10000_POP,71.2
2022,ISCO08_2221_3221,,,ES212,PER_10000_POP,76.0
2010,ISCO08_2221_3221,,,ES212,PER_10000_POP,69.0
2013,ISCO08_2221_3221,EU_SIT_JUB,F,,PER_10000_POP,0.1
2014,ISCO08_2221_3221,,F,,PER_10000_POP,127.3
2012,ISCO08_2221_3221,EU_SIT_JUB,F,,PER_10000_POP,0.2
2015,ISCO08_2221_3221,EU_SIT_JUB,F,,PER_10000_POP,0.1
2021,ISCO08_2221_3221,EU_SIT_JUB,F,,PER_10000_POP,0.1
2023,ISCO08_2221_3221,EU_SIT_NOJUB,F,,PER_10000_POP,139.0
2018,ISCO08_2221_3221,EU_SIT_JUB,F,,PER_10000_POP,0.1
2015,ISCO08_2221_3221,EU_SIT_NOJUB,F,,PER_10000_POP,129.5
2013,ISCO08_2221_3221,EU_SIT_NOJUB,F,,PER_10000_POP,124.8
2018,ISCO08_2221_3221,EU_SIT_NOJUB,F,,PER_10000_POP,132.6
2024,ISCO08_2221_3221,EU_SIT_NOJUB,F,,PER_10000_POP,140.6
2014,ISCO08_2221_3221,EU_SIT_JUB,F,,PER_10000_POP,0.0
2017,ISCO08_2221_3221,EU_SIT_JUB,F,,PER_10000_POP,0.1
2012,ISCO08_2221_3221,EU_SIT_NOJUB,F,,PER_10000_POP,123.3
2010,ISCO08_2221_3221,EU_SIT_NOJUB,F,,PER_10000_POP,120.7
2016,ISCO08_2221_3221,EU_SIT_NOJUB,F,,PER_10000_POP,130.8
2017,ISCO08_2221_3221,EU_SIT_NOJUB,F,,PER_10000_POP,131.7
2019,ISCO08_2221_3221,EU_SIT_NOJUB,F,,PER_10000_POP,133.2
2011,ISCO08_2221_3221,EU_SIT_NOJUB,F,,PER_10000_POP,122.4
2025,ISCO08_2221_3221,EU_SIT_NOJUB,F,,PER_10000_POP,143.1
2022,ISCO08_2221_3221,EU_SIT_NOJUB,F,,PER_10000_POP,137.3
2023,ISCO08_2221_3221,,F,,PER_10000_POP,153.7
2020,ISCO08_2221_3221,,F,,PER_10000_POP,136.2
2016,ISCO08_2221_3221,,F,,PER_10000_POP,130.9
2024,ISCO08_2221_3221,EU_SIT_JUB,F,,PER_10000_POP,12.2
2014,ISCO08_2221_3221,EU_SIT_NOJUB,F,,PER_10000_POP,127.3
2019,ISCO08_2221_3221,,F,,PER_10000_POP,133.3
2010,ISCO08_2221_3221,,F,,PER_10000_POP,120.9
2020,ISCO08_2221_3221,EU_SIT_JUB,F,,PER_10000_POP,0.1
2025,ISCO08_2221_3221,EU_SIT_JUB,F,,PER_10000_POP,12.9
2022,ISCO08_2221_3221,,F,,PER_10000_POP,137.4
2018,ISCO08_2221_3221,,F,,PER_10000_POP,132.7
2019,ISCO08_2221_3221,EU_SIT_JUB,F,,PER_10000_POP,0.1
2025,ISCO08_2221_3221,,F,,PER_10000_POP,156.0
2022,ISCO08_2221_3221,EU_SIT_JUB,F,,PER_10000_POP,0.1
2011,ISCO08_2221_3221,EU_SIT_JUB,F,,PER_10000_POP,0.4
2011,ISCO08_2221_3221,,F,,PER_10000_POP,122.8
2010,ISCO08_2221_3221,EU_SIT_JUB,F,,PER_10000_POP,0.2
2016,ISCO08_2221_3221,EU_SIT_JUB,F,,PER_10000_POP,0.1
2023,ISCO08_2221_3221,EU_SIT_JUB,F,,PER_10000_POP,14.6
2015,ISCO08_2221_3221,,F,,PER_10000_POP,129.6
2017,ISCO08_2221_3221,,F,,PER_10000_POP,131.8
2013,ISCO08_2221_3221,,F,,PER_10000_POP,125.0
2021,ISCO08_2221_3221,,F,,PER_10000_POP,137.3
2021,ISCO08_2221_3221,EU_SIT_NOJUB,F,,PER_10000_POP,137.2
2024,ISCO08_2221_3221,,F,,PER_10000_POP,152.8
2012,ISCO08_2221_3221,,F,,PER_10000_POP,123.5
2020,ISCO08_2221_3221,EU_SIT_NOJUB,F,,PER_10000_POP,136.1
2016,ISCO08_2221_3221,,F,ES211,PER_10000_POP,151.0
2024,ISCO08_2221_3221,EU_SIT_NOJUB,F,ES211,PER_10000_POP,152.4
2022,ISCO08_2221_3221,EU_SIT_JUB,F,ES211,PER_10000_POP,0.6
2012,ISCO08_2221_3221,EU_SIT_NOJUB,F,ES211,PER_10000_POP,141.5
2022,ISCO08_2221_3221,,F,ES211,PER_10000_POP,154.9
2023,ISCO08_2221_3221,EU_SIT_NOJUB,F,ES211,PER_10000_POP,154.5
2016,ISCO08_2221_3221,EU_SIT_NOJUB,F,ES211,PER_10000_POP,150.3
2019,ISCO08_2221_3221,EU_SIT_NOJUB,F,ES211,PER_10000_POP,152.0
2023,ISCO08_2221_3221,,F,ES211,PER_10000_POP,155.2
2013,ISCO08_2221_3221,,F,ES211,PER_10000_POP,143.0
2020,ISCO08_2221_3221,EU_SIT_JUB,F,ES211,PER_10000_POP,0.6
2017,ISCO08_2221_3221,,F,ES211,PER_10000_POP,153.4
2012,ISCO08_2221_3221,EU_SIT_JUB,F,ES211,PER_10000_POP,1.1
2025,ISCO08_2221_3221,,F,ES211,PER_10000_POP,156.0
2021,ISCO08_2221_3221,,F,ES211,PER_10000_POP,155.0
2019,ISCO08_2221_3221,EU_SIT_JUB,F,ES211,PER_10000_POP,0.4
2015,ISCO08_2221_3221,,F,ES211,PER_10000_POP,149.5
2014,ISCO08_2221_3221,,F,ES211,PER_10000_POP,146.3
2011,ISCO08_2221_3221,,F,ES211,PER_10000_POP,140.3
2018,ISCO08_2221_3221,,F,ES211,PER_10000_POP,155.1
2011,ISCO08_2221_3221,EU_SIT_NOJUB,F,ES211,PER_10000_POP,137.6
2010,ISCO08_2221_3221,,F,ES211,PER_10000_POP,137.3
2010,ISCO08_2221_3221,EU_SIT_NOJUB,F,ES211,PER_10000_POP,136.2
2017,ISCO08_2221_3221,EU_SIT_NOJUB,F,ES211,PER_10000_POP,152.9
2018,ISCO08_2221_3221,EU_SIT_NOJUB,F,ES211,PER_10000_POP,154.6
2020,ISCO08_2221_3221,,F,ES211,PER_10000_POP,154.7
2012,ISCO08_2221_3221,,F,ES211,PER_10000_POP,142.7
2024,ISCO08_2221_3221,,F,ES211,PER_10000_POP,154.2
2010,ISCO08_2221_3221,EU_SIT_JUB,F,ES211,PER_10000_POP,1.1
2018,ISCO08_2221_3221,EU_SIT_JUB,F,ES211,PER_10000_POP,0.5
2014,ISCO08_2221_3221,EU_SIT_JUB,F,ES211,PER_10000_POP,0.2
2024,ISCO08_2221_3221,EU_SIT_JUB,F,ES211,PER_10000_POP,1.7
2019,ISCO08_2221_3221,,F,ES211,PER_10000_POP,152.3
2021,ISCO08_2221_3221,EU_SIT_JUB,F,ES211,PER_10000_POP,0.6
2025,ISCO08_2221_3221,EU_SIT_JUB,F,ES211,PER_10000_POP,0.6
2017,ISCO08_2221_3221,EU_SIT_JUB,F,ES211,PER_10000_POP,0.5
2016,ISCO08_2221_3221,EU_SIT_JUB,F,ES211,PER_10000_POP,0.7
2011,ISCO08_2221_3221,EU_SIT_JUB,F,ES211,PER_10000_POP,2.7
2025,ISCO08_2221_3221,EU_SIT_NOJUB,F,ES211,PER_10000_POP,155.3
2014,ISCO08_2221_3221,EU_SIT_NOJUB,F,ES211,PER_10000_POP,146.1
2021,ISCO08_2221_3221,EU_SIT_NOJUB,F,ES211,PER_10000_POP,154.4
2015,ISCO08_2221_3221,EU_SIT_NOJUB,F,ES211,PER_10000_POP,148.5
2013,ISCO08_2221_3221,EU_SIT_NOJUB,F,ES211,PER_10000_POP,142.2
2020,ISCO08_2221_3221,EU_SIT_NOJUB,F,ES211,PER_10000_POP,154.1
2013,ISCO08_2221_3221,EU_SIT_JUB,F,ES211,PER_10000_POP,0.8
2015,ISCO08_2221_3221,EU_SIT_JUB,F,ES211,PER_10000_POP,1.0
2022,ISCO08_2221_3221,EU_SIT_NOJUB,F,ES211,PER_10000_POP,154.2
2023,ISCO08_2221_3221,EU_SIT_JUB,F,ES211,PER_10000_POP,0.7
2019,ISCO08_2221_3221,EU_SIT_JUB,F,ES213,PER_10000_POP,0.0
2021,ISCO08_2221_3221,EU_SIT_JUB,F,ES213,PER_10000_POP,0.0
2023,ISCO08_2221_3221,EU_SIT_JUB,F,ES213,PER_10000_POP,0.0
2016,ISCO08_2221_3221,EU_SIT_NOJUB,F,ES213,PER_10000_POP,124.8
2022,ISCO08_2221_3221,EU_SIT_JUB,F,ES213,PER_10000_POP,0.0
2012,ISCO08_2221_3221,,F,ES213,PER_10000_POP,117.6
2016,ISCO08_2221_3221,,F,ES213,PER_10000_POP,124.8
2010,ISCO08_2221_3221,EU_SIT_JUB,F,ES213,PER_10000_POP,0.0
2015,ISCO08_2221_3221,,F,ES213,PER_10000_POP,123.2
2014,ISCO08_2221_3221,EU_SIT_JUB,F,ES213,PER_10000_POP,0.0
2023,ISCO08_2221_3221,EU_SIT_NOJUB,F,ES213,PER_10000_POP,135.0
2023,ISCO08_2221_3221,,F,ES213,PER_10000_POP,135.0
2011,ISCO08_2221_3221,,F,ES213,PER_10000_POP,116.4
2019,ISCO08_2221_3221,,F,ES213,PER_10000_POP,128.3
2022,ISCO08_2221_3221,,F,ES213,PER_10000_POP,132.8
2010,ISCO08_2221_3221,,F,ES213,PER_10000_POP,112.4
2018,ISCO08_2221_3221,EU_SIT_NOJUB,F,ES213,PER_10000_POP,127.7
2012,ISCO08_2221_3221,EU_SIT_JUB,F,ES213,PER_10000_POP,0.0
2024,ISCO08_2221_3221,,F,ES213,PER_10000_POP,137.0
2018,ISCO08_2221_3221,EU_SIT_JUB,F,ES213,PER_10000_POP,0.0
2015,ISCO08_2221_3221,EU_SIT_JUB,F,ES213,PER_10000_POP,0.0
2016,ISCO08_2221_3221,EU_SIT_JUB,F,ES213,PER_10000_POP,0.0
2013,ISCO08_2221_3221,EU_SIT_JUB,F,ES213,PER_10000_POP,0.0
2011,ISCO08_2221_3221,EU_SIT_JUB,F,ES213,PER_10000_POP,0.0
2017,ISCO08_2221_3221,EU_SIT_JUB,F,ES213,PER_10000_POP,0.0
2024,ISCO08_2221_3221,EU_SIT_JUB,F,ES213,PER_10000_POP,0.0
2020,ISCO08_2221_3221,EU_SIT_JUB,F,ES213,PER_10000_POP,0.0
2025,ISCO08_2221_3221,EU_SIT_JUB,F,ES213,PER_10000_POP,0.0
2019,ISCO08_2221_3221,EU_SIT_NOJUB,F,ES213,PER_10000_POP,128.3
2015,ISCO08_2221_3221,EU_SIT_NOJUB,F,ES213,PER_10000_POP,123.2
2014,ISCO08_2221_3221,EU_SIT_NOJUB,F,ES213,PER_10000_POP,120.3
2012,ISCO08_2221_3221,EU_SIT_NOJUB,F,ES213,PER_10000_POP,117.6
2010,ISCO08_2221_3221,EU_SIT_NOJUB,F,ES213,PER_10000_POP,112.4
2021,ISCO08_2221_3221,EU_SIT_NOJUB,F,ES213,PER_10000_POP,132.8
2024,ISCO08_2221_3221,EU_SIT_NOJUB,F,ES213,PER_10000_POP,137.0
2022,ISCO08_2221_3221,EU_SIT_NOJUB,F,ES213,PER_10000_POP,132.8
2020,ISCO08_2221_3221,EU_SIT_NOJUB,F,ES213,PER_10000_POP,131.5
2025,ISCO08_2221_3221,EU_SIT_NOJUB,F,ES213,PER_10000_POP,139.8
2017,ISCO08_2221_3221,EU_SIT_NOJUB,F,ES213,PER_10000_POP,126.3
2011,ISCO08_2221_3221,EU_SIT_NOJUB,F,ES213,PER_10000_POP,116.4
2018,ISCO08_2221_3221,,F,ES213,PER_10000_POP,127.7
2017,ISCO08_2221_3221,,F,ES213,PER_10000_POP,126.3
2020,ISCO08_2221_3221,,F,ES213,PER_10000_POP,131.5
2025,ISCO08_2221_3221,,F,ES213,PER_10000_POP,139.8
2013,ISCO08_2221_3221,,F,ES213,PER_10000_POP,118.2
2014,ISCO08_2221_3221,,F,ES213,PER_10000_POP,120.3
2013,ISCO08_2221_3221,EU_SIT_NOJUB,F,ES213,PER_10000_POP,118.2
2021,ISCO08_2221_3221,,F,ES213,PER_10000_POP,132.8
2010,ISCO08_2221_3221,EU_SIT_NOJUB,F,ES212,PER_10000_POP,127.6
2010,ISCO08_2221_3221,EU_SIT_JUB,F,ES212,PER_10000_POP,0.0
2022,ISCO08_2221_3221,EU_SIT_JUB,F,ES212,PER_10000_POP,0.0
2018,ISCO08_2221_3221,EU_SIT_JUB,F,ES212,PER_10000_POP,0.0
2015,ISCO08_2221_3221,EU_SIT_NOJUB,F,ES212,PER_10000_POP,131.2
2016,ISCO08_2221_3221,EU_SIT_JUB,F,ES212,PER_10000_POP,0.0
2013,ISCO08_2221_3221,EU_SIT_JUB,F,ES212,PER_10000_POP,0.0
2011,ISCO08_2221_3221,EU_SIT_JUB,F,ES212,PER_10000_POP,0.0
2021,ISCO08_2221_3221,EU_SIT_JUB,F,ES212,PER_10000_POP,0.0
2024,ISCO08_2221_3221,EU_SIT_JUB,F,ES212,PER_10000_POP,36.9
2019,ISCO08_2221_3221,EU_SIT_JUB,F,ES212,PER_10000_POP,0.0
2025,ISCO08_2221_3221,EU_SIT_JUB,F,ES212,PER_10000_POP,39.6
2017,ISCO08_2221_3221,EU_SIT_NOJUB,F,ES212,PER_10000_POP,131.0
2019,ISCO08_2221_3221,EU_SIT_NOJUB,F,ES212,PER_10000_POP,132.8
2011,ISCO08_2221_3221,EU_SIT_NOJUB,F,ES212,PER_10000_POP,125.6
2016,ISCO08_2221_3221,EU_SIT_NOJUB,F,ES212,PER_10000_POP,131.7
2020,ISCO08_2221_3221,EU_SIT_NOJUB,F,ES212,PER_10000_POP,135.5
2014,ISCO08_2221_3221,EU_SIT_NOJUB,F,ES212,PER_10000_POP,130.3
2013,ISCO08_2221_3221,EU_SIT_NOJUB,F,ES212,PER_10000_POP,128.0
2022,ISCO08_2221_3221,EU_SIT_NOJUB,F,ES212,PER_10000_POP,136.6
2025,ISCO08_2221_3221,EU_SIT_NOJUB,F,ES212,PER_10000_POP,142.6
2021,ISCO08_2221_3221,EU_SIT_NOJUB,F,ES212,PER_10000_POP,136.4
2020,ISCO08_2221_3221,EU_SIT_JUB,F,ES212,PER_10000_POP,0.0
2025,ISCO08_2221_3221,,F,ES212,PER_10000_POP,182.2
2016,ISCO08_2221_3221,,F,ES212,PER_10000_POP,131.7
2017,ISCO08_2221_3221,,F,ES212,PER_10000_POP,131.0
2018,ISCO08_2221_3221,,F,ES212,PER_10000_POP,130.5
2021,ISCO08_2221_3221,,F,ES212,PER_10000_POP,136.4
2023,ISCO08_2221_3221,EU_SIT_NOJUB,F,ES212,PER_10000_POP,138.4
2023,ISCO08_2221_3221,EU_SIT_JUB,F,ES212,PER_10000_POP,44.6
2014,ISCO08_2221_3221,EU_SIT_JUB,F,ES212,PER_10000_POP,0.0
2020,ISCO08_2221_3221,,F,ES212,PER_10000_POP,135.5
2024,ISCO08_2221_3221,EU_SIT_NOJUB,F,ES212,PER_10000_POP,141.0
2018,ISCO08_2221_3221,EU_SIT_NOJUB,F,ES212,PER_10000_POP,130.5
2012,ISCO08_2221_3221,EU_SIT_JUB,F,ES212,PER_10000_POP,0.0
2010,ISCO08_2221_3221,,F,ES212,PER_10000_POP,127.6
2017,ISCO08_2221_3221,EU_SIT_JUB,F,ES212,PER_10000_POP,0.0
2012,ISCO08_2221_3221,EU_SIT_NOJUB,F,ES212,PER_10000_POP,124.7
2024,ISCO08_2221_3221,,F,ES212,PER_10000_POP,177.8
2011,ISCO08_2221_3221,,F,ES212,PER_10000_POP,125.6
2019,ISCO08_2221_3221,,F,ES212,PER_10000_POP,132.8
2023,ISCO08_2221_3221,,F,ES212,PER_10000_POP,183.0
2022,ISCO08_2221_3221,,F,ES212,PER_10000_POP,136.6
2014,ISCO08_2221_3221,,F,ES212,PER_10000_POP,130.3
2015,ISCO08_2221_3221,,F,ES212,PER_10000_POP,131.2
2015,ISCO08_2221_3221,EU_SIT_JUB,F,ES212,PER_10000_POP,0.0
2012,ISCO08_2221_3221,,F,ES212,PER_10000_POP,124.7
2013,ISCO08_2221_3221,,F,ES212,PER_10000_POP,128.0
2024,ISCO08_2221_3221,EU_SIT_NOJUB,M,,PER_10000_POP,19.3
2014,ISCO08_2221_3221,EU_SIT_NOJUB,M,,PER_10000_POP,13.9
2020,ISCO08_2221_3221,EU_SIT_NOJUB,M,,PER_10000_POP,17.5
2018,ISCO08_2221_3221,EU_SIT_JUB,M,,PER_10000_POP,0.0
2022,ISCO08_2221_3221,,M,,PER_10000_POP,18.2
2014,ISCO08_2221_3221,EU_SIT_JUB,M,,PER_10000_POP,0.0
2011,ISCO08_2221_3221,,M,,PER_10000_POP,14.4
2013,ISCO08_2221_3221,,M,,PER_10000_POP,13.5
2021,ISCO08_2221_3221,EU_SIT_NOJUB,M,,PER_10000_POP,17.9
2010,ISCO08_2221_3221,,M,,PER_10000_POP,12.5
2019,ISCO08_2221_3221,,M,,PER_10000_POP,16.3
2018,ISCO08_2221_3221,,M,,PER_10000_POP,15.5
2025,ISCO08_2221_3221,EU_SIT_JUB,M,,PER_10000_POP,0.9
2017,ISCO08_2221_3221,EU_SIT_JUB,M,,PER_10000_POP,0.0
2025,ISCO08_2221_3221,EU_SIT_NOJUB,M,,PER_10000_POP,20.1
2015,ISCO08_2221_3221,,M,,PER_10000_POP,14.3
2013,ISCO08_2221_3221,EU_SIT_JUB,M,,PER_10000_POP,0.0
2012,ISCO08_2221_3221,EU_SIT_JUB,M,,PER_10000_POP,0.0
2020,ISCO08_2221_3221,EU_SIT_JUB,M,,PER_10000_POP,0.0
2010,ISCO08_2221_3221,EU_SIT_JUB,M,,PER_10000_POP,0.0
2011,ISCO08_2221_3221,EU_SIT_JUB,M,,PER_10000_POP,0.0
2015,ISCO08_2221_3221,EU_SIT_NOJUB,M,,PER_10000_POP,14.3
2024,ISCO08_2221_3221,EU_SIT_JUB,M,,PER_10000_POP,0.9
2023,ISCO08_2221_3221,EU_SIT_NOJUB,M,,PER_10000_POP,18.9
2021,ISCO08_2221_3221,,M,,PER_10000_POP,17.9
2012,ISCO08_2221_3221,,M,,PER_10000_POP,14.5
2015,ISCO08_2221_3221,EU_SIT_JUB,M,,PER_10000_POP,0.0
2020,ISCO08_2221_3221,,M,,PER_10000_POP,17.5
2023,ISCO08_2221_3221,EU_SIT_JUB,M,,PER_10000_POP,1.8
2021,ISCO08_2221_3221,EU_SIT_JUB,M,,PER_10000_POP,0.0
2013,ISCO08_2221_3221,EU_SIT_NOJUB,M,,PER_10000_POP,13.5
2017,ISCO08_2221_3221,EU_SIT_NOJUB,M,,PER_10000_POP,15.1
2014,ISCO08_2221_3221,,M,,PER_10000_POP,13.9
2017,ISCO08_2221_3221,,M,,PER_10000_POP,15.1
2025,ISCO08_2221_3221,,M,,PER_10000_POP,21.0
2022,ISCO08_2221_3221,EU_SIT_NOJUB,M,,PER_10000_POP,18.2
2024,ISCO08_2221_3221,,M,,PER_10000_POP,20.2
2019,ISCO08_2221_3221,EU_SIT_JUB,M,,PER_10000_POP,0.0
2012,ISCO08_2221_3221,EU_SIT_NOJUB,M,,PER_10000_POP,14.5
2023,ISCO08_2221_3221,,M,,PER_10000_POP,20.8
2022,ISCO08_2221_3221,EU_SIT_JUB,M,,PER_10000_POP,0.0
2010,ISCO08_2221_3221,EU_SIT_NOJUB,M,,PER_10000_POP,12.5
2016,ISCO08_2221_3221,EU_SIT_JUB,M,,PER_10000_POP,0.0
2016,ISCO08_2221_3221,,M,,PER_10000_POP,14.8
2016,ISCO08_2221_3221,EU_SIT_NOJUB,M,,PER_10000_POP,14.8
2011,ISCO08_2221_3221,EU_SIT_NOJUB,M,,PER_10000_POP,14.4
2018,ISCO08_2221_3221,EU_SIT_NOJUB,M,,PER_10000_POP,15.5
2019,ISCO08_2221_3221,EU_SIT_NOJUB,M,,PER_10000_POP,16.3
2020,ISCO08_2221_3221,EU_SIT_JUB,M,ES211,PER_10000_POP,0.1
2010,ISCO08_2221_3221,EU_SIT_JUB,M,ES211,PER_10000_POP,0.0
2012,ISCO08_2221_3221,EU_SIT_JUB,M,ES211,PER_10000_POP,0.1
2014,ISCO08_2221_3221,EU_SIT_JUB,M,ES211,PER_10000_POP,0.1
2022,ISCO08_2221_3221,EU_SIT_JUB,M,ES211,PER_10000_POP,0.1
2020,ISCO08_2221_3221,,M,ES211,PER_10000_POP,18.0
2013,ISCO08_2221_3221,,M,ES211,PER_10000_POP,12.7
2022,ISCO08_2221_3221,EU_SIT_NOJUB,M,ES211,PER_10000_POP,19.4
2021,ISCO08_2221_3221,EU_SIT_JUB,M,ES211,PER_10000_POP,0.1
2025,ISCO08_2221_3221,,M,ES211,PER_10000_POP,21.2
2015,ISCO08_2221_3221,,M,ES211,PER_10000_POP,13.9
2023,ISCO08_2221_3221,,M,ES211,PER_10000_POP,20.1
2015,ISCO08_2221_3221,EU_SIT_JUB,M,ES211,PER_10000_POP,0.1
2016,ISCO08_2221_3221,EU_SIT_JUB,M,ES211,PER_10000_POP,0.1
2011,ISCO08_2221_3221,EU_SIT_JUB,M,ES211,PER_10000_POP,0.1
2010,ISCO08_2221_3221,,M,ES211,PER_10000_POP,12.2
2022,ISCO08_2221_3221,,M,ES211,PER_10000_POP,19.5
2012,ISCO08_2221_3221,,M,ES211,PER_10000_POP,12.5
2018,ISCO08_2221_3221,,M,ES211,PER_10000_POP,16.2
2021,ISCO08_2221_3221,,M,ES211,PER_10000_POP,19.5
2016,ISCO08_2221_3221,,M,ES211,PER_10000_POP,14.8
2014,ISCO08_2221_3221,,M,ES211,PER_10000_POP,13.6
2017,ISCO08_2221_3221,,M,ES211,PER_10000_POP,15.4
2018,ISCO08_2221_3221,EU_SIT_JUB,M,ES211,PER_10000_POP,0.0
2011,ISCO08_2221_3221,,M,ES211,PER_10000_POP,12.2
2010,ISCO08_2221_3221,EU_SIT_NOJUB,M,ES211,PER_10000_POP,12.2
2025,ISCO08_2221_3221,EU_SIT_NOJUB,M,ES211,PER_10000_POP,21.2
2020,ISCO08_2221_3221,EU_SIT_NOJUB,M,ES211,PER_10000_POP,17.9
2016,ISCO08_2221_3221,EU_SIT_NOJUB,M,ES211,PER_10000_POP,14.7
2021,ISCO08_2221_3221,EU_SIT_NOJUB,M,ES211,PER_10000_POP,19.4
2018,ISCO08_2221_3221,EU_SIT_NOJUB,M,ES211,PER_10000_POP,16.2
2013,ISCO08_2221_3221,EU_SIT_NOJUB,M,ES211,PER_10000_POP,12.7
2014,ISCO08_2221_3221,EU_SIT_NOJUB,M,ES211,PER_10000_POP,13.6
2019,ISCO08_2221_3221,EU_SIT_NOJUB,M,ES211,PER_10000_POP,16.9
2024,ISCO08_2221_3221,,M,ES211,PER_10000_POP,20.8
2012,ISCO08_2221_3221,EU_SIT_NOJUB,M,ES211,PER_10000_POP,12.4
2011,ISCO08_2221_3221,EU_SIT_NOJUB,M,ES211,PER_10000_POP,12.0
2025,ISCO08_2221_3221,EU_SIT_JUB,M,ES211,PER_10000_POP,0.0
2013,ISCO08_2221_3221,EU_SIT_JUB,M,ES211,PER_10000_POP,0.0
2024,ISCO08_2221_3221,EU_SIT_NOJUB,M,ES211,PER_10000_POP,20.6
2015,ISCO08_2221_3221,EU_SIT_NOJUB,M,ES211,PER_10000_POP,13.8
2017,ISCO08_2221_3221,EU_SIT_JUB,M,ES211,PER_10000_POP,0.0
2017,ISCO08_2221_3221,EU_SIT_NOJUB,M,ES211,PER_10000_POP,15.4
2023,ISCO08_2221_3221,EU_SIT_JUB,M,ES211,PER_10000_POP,0.1
2019,ISCO08_2221_3221,EU_SIT_JUB,M,ES211,PER_10000_POP,0.1
2019,ISCO08_2221_3221,,M,ES211,PER_10000_POP,17.0
2024,ISCO08_2221_3221,EU_SIT_JUB,M,ES211,PER_10000_POP,0.2
2023,ISCO08_2221_3221,EU_SIT_NOJUB,M,ES211,PER_10000_POP,19.9
2019,ISCO08_2221_3221,EU_SIT_NOJUB,M,ES213,PER_10000_POP,19.3
2021,ISCO08_2221_3221,EU_SIT_NOJUB,M,ES213,PER_10000_POP,21.1
2016,ISCO08_2221_3221,,M,ES213,PER_10000_POP,17.7
2025,ISCO08_2221_3221,EU_SIT_NOJUB,M,ES213,PER_10000_POP,24.1
2022,ISCO08_2221_3221,EU_SIT_NOJUB,M,ES213,PER_10000_POP,21.5
2023,ISCO08_2221_3221,EU_SIT_NOJUB,M,ES213,PER_10000_POP,22.4
2018,ISCO08_2221_3221,EU_SIT_NOJUB,M,ES213,PER_10000_POP,18.4
2024,ISCO08_2221_3221,EU_SIT_NOJUB,M,ES213,PER_10000_POP,23.0
2012,ISCO08_2221_3221,EU_SIT_NOJUB,M,ES213,PER_10000_POP,16.2
2013,ISCO08_2221_3221,EU_SIT_NOJUB,M,ES213,PER_10000_POP,16.3
2015,ISCO08_2221_3221,EU_SIT_NOJUB,M,ES213,PER_10000_POP,17.1
2010,ISCO08_2221_3221,EU_SIT_NOJUB,M,ES213,PER_10000_POP,15.2
2011,ISCO08_2221_3221,EU_SIT_JUB,M,ES213,PER_10000_POP,0.0
2011,ISCO08_2221_3221,EU_SIT_NOJUB,M,ES213,PER_10000_POP,15.9
2021,ISCO08_2221_3221,EU_SIT_JUB,M,ES213,PER_10000_POP,0.0
2017,ISCO08_2221_3221,EU_SIT_JUB,M,ES213,PER_10000_POP,0.0
2013,ISCO08_2221_3221,EU_SIT_JUB,M,ES213,PER_10000_POP,0.0
2023,ISCO08_2221_3221,EU_SIT_JUB,M,ES213,PER_10000_POP,0.0
2016,ISCO08_2221_3221,EU_SIT_JUB,M,ES213,PER_10000_POP,0.0
2015,ISCO08_2221_3221,EU_SIT_JUB,M,ES213,PER_10000_POP,0.0
2022,ISCO08_2221_3221,,M,ES213,PER_10000_POP,21.5
2024,ISCO08_2221_3221,EU_SIT_JUB,M,ES213,PER_10000_POP,0.0
2014,ISCO08_2221_3221,EU_SIT_JUB,M,ES213,PER_10000_POP,0.0
2020,ISCO08_2221_3221,EU_SIT_JUB,M,ES213,PER_10000_POP,0.0
2010,ISCO08_2221_3221,EU_SIT_JUB,M,ES213,PER_10000_POP,0.0
2018,ISCO08_2221_3221,EU_SIT_JUB,M,ES213,PER_10000_POP,0.0
2012,ISCO08_2221_3221,EU_SIT_JUB,M,ES213,PER_10000_POP,0.0
2022,ISCO08_2221_3221,EU_SIT_JUB,M,ES213,PER_10000_POP,0.0
2016,ISCO08_2221_3221,EU_SIT_NOJUB,M,ES213,PER_10000_POP,17.7
2014,ISCO08_2221_3221,EU_SIT_NOJUB,M,ES213,PER_10000_POP,16.6
2015,ISCO08_2221_3221,,M,ES213,PER_10000_POP,17.1
2014,ISCO08_2221_3221,,M,ES213,PER_10000_POP,16.6
2010,ISCO08_2221_3221,,M,ES213,PER_10000_POP,15.2
2018,ISCO08_2221_3221,,M,ES213,PER_10000_POP,18.4
2021,ISCO08_2221_3221,,M,ES213,PER_10000_POP,21.1
2023,ISCO08_2221_3221,,M,ES213,PER_10000_POP,22.4
2013,ISCO08_2221_3221,,M,ES213,PER_10000_POP,16.3
2012,ISCO08_2221_3221,,M,ES213,PER_10000_POP,16.2
2017,ISCO08_2221_3221,EU_SIT_NOJUB,M,ES213,PER_10000_POP,17.9
2017,ISCO08_2221_3221,,M,ES213,PER_10000_POP,17.9
2020,ISCO08_2221_3221,,M,ES213,PER_10000_POP,20.9
2024,ISCO08_2221_3221,,M,ES213,PER_10000_POP,23.0
2019,ISCO08_2221_3221,,M,ES213,PER_10000_POP,19.3
2011,ISCO08_2221_3221,,M,ES213,PER_10000_POP,15.9
2025,ISCO08_2221_3221,,M,ES213,PER_10000_POP,24.1
2019,ISCO08_2221_3221,EU_SIT_JUB,M,ES213,PER_10000_POP,0.0
2025,ISCO08_2221_3221,EU_SIT_JUB,M,ES213,PER_10000_POP,0.0
2020,ISCO08_2221_3221,EU_SIT_NOJUB,M,ES213,PER_10000_POP,20.9
2011,ISCO08_2221_3221,EU_SIT_JUB,M,ES212,PER_10000_POP,0.0
2017,ISCO08_2221_3221,EU_SIT_JUB,M,ES212,PER_10000_POP,0.0
2015,ISCO08_2221_3221,EU_SIT_JUB,M,ES212,PER_10000_POP,0.0
2013,ISCO08_2221_3221,EU_SIT_JUB,M,ES212,PER_10000_POP,0.0
2023,ISCO08_2221_3221,EU_SIT_JUB,M,ES212,PER_10000_POP,5.5
2019,ISCO08_2221_3221,EU_SIT_JUB,M,ES212,PER_10000_POP,0.0
2021,ISCO08_2221_3221,EU_SIT_JUB,M,ES212,PER_10000_POP,0.0
2024,ISCO08_2221_3221,EU_SIT_JUB,M,ES212,PER_10000_POP,2.7
2025,ISCO08_2221_3221,EU_SIT_JUB,M,ES212,PER_10000_POP,2.8
2016,ISCO08_2221_3221,EU_SIT_JUB,M,ES212,PER_10000_POP,0.0
2010,ISCO08_2221_3221,EU_SIT_JUB,M,ES212,PER_10000_POP,0.0
2022,ISCO08_2221_3221,EU_SIT_JUB,M,ES212,PER_10000_POP,0.0
2012,ISCO08_2221_3221,EU_SIT_JUB,M,ES212,PER_10000_POP,0.0
2020,ISCO08_2221_3221,EU_SIT_JUB,M,ES212,PER_10000_POP,0.0
2018,ISCO08_2221_3221,EU_SIT_JUB,M,ES212,PER_10000_POP,0.0
2014,ISCO08_2221_3221,EU_SIT_JUB,M,ES212,PER_10000_POP,0.0
2023,ISCO08_2221_3221,,M,ES212,PER_10000_POP,18.6
2015,ISCO08_2221_3221,,M,ES212,PER_10000_POP,10.1
2012,ISCO08_2221_3221,,M,ES212,PER_10000_POP,12.8
2016,ISCO08_2221_3221,,M,ES212,PER_10000_POP,10.4
2018,ISCO08_2221_3221,,M,ES212,PER_10000_POP,10.7
2021,ISCO08_2221_3221,,M,ES212,PER_10000_POP,12.2
2013,ISCO08_2221_3221,,M,ES212,PER_10000_POP,9.4
2020,ISCO08_2221_3221,,M,ES212,PER_10000_POP,12.1
2024,ISCO08_2221_3221,,M,ES212,PER_10000_POP,15.6
2017,ISCO08_2221_3221,,M,ES212,PER_10000_POP,10.4
2014,ISCO08_2221_3221,,M,ES212,PER_10000_POP,9.7
2022,ISCO08_2221_3221,,M,ES212,PER_10000_POP,12.5
2019,ISCO08_2221_3221,,M,ES212,PER_10000_POP,11.2
2025,ISCO08_2221_3221,,M,ES212,PER_10000_POP,16.2
2011,ISCO08_2221_3221,,M,ES212,PER_10000_POP,13.2
2010,ISCO08_2221_3221,,M,ES212,PER_10000_POP,8.1
2023,ISCO08_2221_3221,EU_SIT_NOJUB,M,ES212,PER_10000_POP,13.1
2015,ISCO08_2221_3221,EU_SIT_NOJUB,M,ES212,PER_10000_POP,10.1
2018,ISCO08_2221_3221,EU_SIT_NOJUB,M,ES212,PER_10000_POP,10.7
2013,ISCO08_2221_3221,EU_SIT_NOJUB,M,ES212,PER_10000_POP,9.4
2012,ISCO08_2221_3221,EU_SIT_NOJUB,M,ES212,PER_10000_POP,12.8
2017,ISCO08_2221_3221,EU_SIT_NOJUB,M,ES212,PER_10000_POP,10.4
2019,ISCO08_2221_3221,EU_SIT_NOJUB,M,ES212,PER_10000_POP,11.2
2016,ISCO08_2221_3221,EU_SIT_NOJUB,M,ES212,PER_10000_POP,10.4
2011,ISCO08_2221_3221,EU_SIT_NOJUB,M,ES212,PER_10000_POP,13.2
2014,ISCO08_2221_3221,EU_SIT_NOJUB,M,ES212,PER_10000_POP,9.7
2020,ISCO08_2221_3221,EU_SIT_NOJUB,M,ES212,PER_10000_POP,12.1
2010,ISCO08_2221_3221,EU_SIT_NOJUB,M,ES212,PER_10000_POP,8.1
2025,ISCO08_2221_3221,EU_SIT_NOJUB,M,ES212,PER_10000_POP,13.4
2024,ISCO08_2221_3221,EU_SIT_NOJUB,M,ES212,PER_10000_POP,12.9
2022,ISCO08_2221_3221,EU_SIT_NOJUB,M,ES212,PER_10000_POP,12.5
2021,ISCO08_2221_3221,EU_SIT_NOJUB,M,ES212,PER_10000_POP,12.2
2025,ISCO08_2261,,,,PER_10000_POP,9.1
2023,ISCO08_2261,EU_SIT_NOJUB,,,PER_10000_POP,8.7
2019,ISCO08_2261,EU_SIT_NOJUB,,,PER_10000_POP,8.4
2013,ISCO08_2261,EU_SIT_NOJUB,,,PER_10000_POP,7.7
2021,ISCO08_2261,EU_SIT_NOJUB,,,PER_10000_POP,8.8
2010,ISCO08_2261,EU_SIT_NOJUB,,,PER_10000_POP,7.3
2022,ISCO08_2261,EU_SIT_NOJUB,,,PER_10000_POP,8.7
2016,ISCO08_2261,EU_SIT_NOJUB,,,PER_10000_POP,8.2
2010,ISCO08_2261,EU_SIT_JUB,,,PER_10000_POP,0.0
2020,ISCO08_2261,EU_SIT_NOJUB,,,PER_10000_POP,8.5
2024,ISCO08_2261,,,,PER_10000_POP,9.1
2017,ISCO08_2261,EU_SIT_NOJUB,,,PER_10000_POP,8.3
2011,ISCO08_2261,,,,PER_10000_POP,7.4
2013,ISCO08_2261,,,,PER_10000_POP,7.8
2014,ISCO08_2261,EU_SIT_JUB,,,PER_10000_POP,0.1
2017,ISCO08_2261,EU_SIT_JUB,,,PER_10000_POP,0.1
2015,ISCO08_2261,EU_SIT_NOJUB,,,PER_10000_POP,8.1
2014,ISCO08_2261,,,,PER_10000_POP,7.9
2024,ISCO08_2261,EU_SIT_NOJUB,,,PER_10000_POP,8.7
2012,ISCO08_2261,EU_SIT_NOJUB,,,PER_10000_POP,7.5
2017,ISCO08_2261,,,,PER_10000_POP,8.4
2016,ISCO08_2261,,,,PER_10000_POP,8.3
2023,ISCO08_2261,EU_SIT_JUB,,,PER_10000_POP,0.3
2015,ISCO08_2261,,,,PER_10000_POP,8.2
2023,ISCO08_2261,,,,PER_10000_POP,9.0
2025,ISCO08_2261,EU_SIT_NOJUB,,,PER_10000_POP,8.6
2018,ISCO08_2261,EU_SIT_NOJUB,,,PER_10000_POP,8.4
2022,ISCO08_2261,EU_SIT_JUB,,,PER_10000_POP,0.3
2019,ISCO08_2261,EU_SIT_JUB,,,PER_10000_POP,0.2
2013,ISCO08_2261,EU_SIT_JUB,,,PER_10000_POP,0.1
2014,ISCO08_2261,EU_SIT_NOJUB,,,PER_10000_POP,7.8
2019,ISCO08_2261,,,,PER_10000_POP,8.6
2016,ISCO08_2261,EU_SIT_JUB,,,PER_10000_POP,0.1
2012,ISCO08_2261,EU_SIT_JUB,,,PER_10000_POP,0.2
2012,ISCO08_2261,,,,PER_10000_POP,7.6
2020,ISCO08_2261,EU_SIT_JUB,,,PER_10000_POP,0.2
2024,ISCO08_2261,EU_SIT_JUB,,,PER_10000_POP,0.4
2022,ISCO08_2261,,,,PER_10000_POP,9.0
2018,ISCO08_2261,,,,PER_10000_POP,8.6
2025,ISCO08_2261,EU_SIT_JUB,,,PER_10000_POP,0.4
2020,ISCO08_2261,,,,PER_10000_POP,8.8
2010,ISCO08_2261,,,,PER_10000_POP,7.3
2021,ISCO08_2261,EU_SIT_JUB,,,PER_10000_POP,0.3
2015,ISCO08_2261,EU_SIT_JUB,,,PER_10000_POP,0.1
2021,ISCO08_2261,,,,PER_10000_POP,9.0
2018,ISCO08_2261,EU_SIT_JUB,,,PER_10000_POP,0.1
2024,ISCO08_2261,EU_SIT_JUB,,ES211,PER_10000_POP,0.0
2023,ISCO08_2261,,,ES211,PER_10000_POP,6.4
2018,ISCO08_2261,EU_SIT_JUB,,ES211,PER_10000_POP,0.0
2017,ISCO08_2261,,,ES211,PER_10000_POP,6.3
2010,ISCO08_2261,EU_SIT_JUB,,ES211,PER_10000_POP,0.0
2025,ISCO08_2261,,,ES211,PER_10000_POP,6.5
2016,ISCO08_2261,EU_SIT_NOJUB,,ES211,PER_10000_POP,6.5
2017,ISCO08_2261,EU_SIT_JUB,,ES211,PER_10000_POP,0.0
2023,ISCO08_2261,EU_SIT_JUB,,ES211,PER_10000_POP,0.0
2010,ISCO08_2261,,,ES211,PER_10000_POP,5.6
2015,ISCO08_2261,,,ES211,PER_10000_POP,6.5
2023,ISCO08_2261,EU_SIT_NOJUB,,ES211,PER_10000_POP,6.4
2020,ISCO08_2261,EU_SIT_NOJUB,,ES211,PER_10000_POP,6.7
2019,ISCO08_2261,EU_SIT_NOJUB,,ES211,PER_10000_POP,6.7
2017,ISCO08_2261,EU_SIT_NOJUB,,ES211,PER_10000_POP,6.3
2014,ISCO08_2261,EU_SIT_NOJUB,,ES211,PER_10000_POP,6.2
2012,ISCO08_2261,EU_SIT_NOJUB,,ES211,PER_10000_POP,5.7
2010,ISCO08_2261,EU_SIT_NOJUB,,ES211,PER_10000_POP,5.6
2013,ISCO08_2261,EU_SIT_NOJUB,,ES211,PER_10000_POP,6.0
2021,ISCO08_2261,EU_SIT_JUB,,ES211,PER_10000_POP,0.0
2016,ISCO08_2261,EU_SIT_JUB,,ES211,PER_10000_POP,0.0
2014,ISCO08_2261,EU_SIT_JUB,,ES211,PER_10000_POP,0.0
2012,ISCO08_2261,EU_SIT_JUB,,ES211,PER_10000_POP,0.0
2020,ISCO08_2261,EU_SIT_JUB,,ES211,PER_10000_POP,0.0
2014,ISCO08_2261,,,ES211,PER_10000_POP,6.2
2018,ISCO08_2261,EU_SIT_NOJUB,,ES211,PER_10000_POP,6.4
2015,ISCO08_2261,EU_SIT_NOJUB,,ES211,PER_10000_POP,6.5
2011,ISCO08_2261,,,ES211,PER_10000_POP,5.7
2022,ISCO08_2261,,,ES211,PER_10000_POP,6.4
2020,ISCO08_2261,,,ES211,PER_10000_POP,6.7
2021,ISCO08_2261,,,ES211,PER_10000_POP,6.6
2013,ISCO08_2261,,,ES211,PER_10000_POP,6.0
2019,ISCO08_2261,,,ES211,PER_10000_POP,6.7
2018,ISCO08_2261,,,ES211,PER_10000_POP,6.4
2024,ISCO08_2261,,,ES211,PER_10000_POP,6.7
2012,ISCO08_2261,,,ES211,PER_10000_POP,5.7
2021,ISCO08_2261,EU_SIT_NOJUB,,ES211,PER_10000_POP,6.6
2024,ISCO08_2261,EU_SIT_NOJUB,,ES211,PER_10000_POP,6.7
2022,ISCO08_2261,EU_SIT_NOJUB,,ES211,PER_10000_POP,6.4
2025,ISCO08_2261,EU_SIT_NOJUB,,ES211,PER_10000_POP,6.5
2016,ISCO08_2261,,,ES211,PER_10000_POP,6.5
2025,ISCO08_2261,EU_SIT_JUB,,ES211,PER_10000_POP,0.0
2019,ISCO08_2261,EU_SIT_JUB,,ES211,PER_10000_POP,0.0
2015,ISCO08_2261,EU_SIT_JUB,,ES211,PER_10000_POP,0.0
2022,ISCO08_2261,EU_SIT_JUB,,ES211,PER_10000_POP,0.0
2013,ISCO08_2261,EU_SIT_JUB,,ES211,PER_10000_POP,0.0
2014,ISCO08_2261,EU_SIT_JUB,,ES213,PER_10000_POP,0.0
2024,ISCO08_2261,,,ES213,PER_10000_POP,9.1
2013,ISCO08_2261,,,ES213,PER_10000_POP,8.1
2023,ISCO08_2261,,,ES213,PER_10000_POP,9.2
2017,ISCO08_2261,,,ES213,PER_10000_POP,8.9
2018,ISCO08_2261,EU_SIT_JUB,,ES213,PER_10000_POP,0.0
2020,ISCO08_2261,,,ES213,PER_10000_POP,9.1
2016,ISCO08_2261,EU_SIT_JUB,,ES213,PER_10000_POP,0.0
2022,ISCO08_2261,EU_SIT_JUB,,ES213,PER_10000_POP,0.0
2018,ISCO08_2261,,,ES213,PER_10000_POP,9.0
2023,ISCO08_2261,EU_SIT_JUB,,ES213,PER_10000_POP,0.0
2014,ISCO08_2261,,,ES213,PER_10000_POP,8.3
2021,ISCO08_2261,EU_SIT_JUB,,ES213,PER_10000_POP,0.0
2019,ISCO08_2261,EU_SIT_JUB,,ES213,PER_10000_POP,0.0
2024,ISCO08_2261,EU_SIT_JUB,,ES213,PER_10000_POP,0.0
2016,ISCO08_2261,,,ES213,PER_10000_POP,8.7
2010,ISCO08_2261,,,ES213,PER_10000_POP,7.7
2017,ISCO08_2261,EU_SIT_JUB,,ES213,PER_10000_POP,0.0
2020,ISCO08_2261,EU_SIT_JUB,,ES213,PER_10000_POP,0.0
2025,ISCO08_2261,EU_SIT_JUB,,ES213,PER_10000_POP,0.0
2010,ISCO08_2261,EU_SIT_JUB,,ES213,PER_10000_POP,0.0
2012,ISCO08_2261,,,ES213,PER_10000_POP,7.9
2013,ISCO08_2261,EU_SIT_JUB,,ES213,PER_10000_POP,0.0
2012,ISCO08_2261,EU_SIT_JUB,,ES213,PER_10000_POP,0.0
2022,ISCO08_2261,,,ES213,PER_10000_POP,9.3
2015,ISCO08_2261,EU_SIT_JUB,,ES213,PER_10000_POP,0.0
2015,ISCO08_2261,,,ES213,PER_10000_POP,8.5
2011,ISCO08_2261,,,ES213,PER_10000_POP,7.9
2025,ISCO08_2261,,,ES213,PER_10000_POP,9.1
2021,ISCO08_2261,,,ES213,PER_10000_POP,9.3
2019,ISCO08_2261,,,ES213,PER_10000_POP,9.1
2021,ISCO08_2261,EU_SIT_NOJUB,,ES213,PER_10000_POP,9.3
2022,ISCO08_2261,EU_SIT_NOJUB,,ES213,PER_10000_POP,9.3
2024,ISCO08_2261,EU_SIT_NOJUB,,ES213,PER_10000_POP,9.1
2018,ISCO08_2261,EU_SIT_NOJUB,,ES213,PER_10000_POP,9.0
2025,ISCO08_2261,EU_SIT_NOJUB,,ES213,PER_10000_POP,9.1
2020,ISCO08_2261,EU_SIT_NOJUB,,ES213,PER_10000_POP,9.1
2023,ISCO08_2261,EU_SIT_NOJUB,,ES213,PER_10000_POP,9.2
2019,ISCO08_2261,EU_SIT_NOJUB,,ES213,PER_10000_POP,9.1
2014,ISCO08_2261,EU_SIT_NOJUB,,ES213,PER_10000_POP,8.3
2010,ISCO08_2261,EU_SIT_NOJUB,,ES213,PER_10000_POP,7.7
2013,ISCO08_2261,EU_SIT_NOJUB,,ES213,PER_10000_POP,8.1
2015,ISCO08_2261,EU_SIT_NOJUB,,ES213,PER_10000_POP,8.5
2017,ISCO08_2261,EU_SIT_NOJUB,,ES213,PER_10000_POP,8.9
2016,ISCO08_2261,EU_SIT_NOJUB,,ES213,PER_10000_POP,8.7
2012,ISCO08_2261,EU_SIT_NOJUB,,ES213,PER_10000_POP,7.9
2021,ISCO08_2261,EU_SIT_JUB,,ES212,PER_10000_POP,0.8
2017,ISCO08_2261,EU_SIT_JUB,,ES212,PER_10000_POP,0.4
2019,ISCO08_2261,,,ES212,PER_10000_POP,8.8
2011,ISCO08_2261,,,ES212,PER_10000_POP,7.3
2025,ISCO08_2261,,,ES212,PER_10000_POP,10.2
2022,ISCO08_2261,,,ES212,PER_10000_POP,9.8
2017,ISCO08_2261,,,ES212,PER_10000_POP,8.7
2021,ISCO08_2261,,,ES212,PER_10000_POP,9.7
2018,ISCO08_2261,,,ES212,PER_10000_POP,8.8
2020,ISCO08_2261,,,ES212,PER_10000_POP,9.2
2012,ISCO08_2261,,,ES212,PER_10000_POP,8.0
2016,ISCO08_2261,EU_SIT_NOJUB,,ES212,PER_10000_POP,8.2
2014,ISCO08_2261,,,ES212,PER_10000_POP,8.0
2024,ISCO08_2261,EU_SIT_JUB,,ES212,PER_10000_POP,1.2
2019,ISCO08_2261,EU_SIT_JUB,,ES212,PER_10000_POP,0.6
2023,ISCO08_2261,EU_SIT_JUB,,ES212,PER_10000_POP,1.1
2018,ISCO08_2261,EU_SIT_JUB,,ES212,PER_10000_POP,0.4
2025,ISCO08_2261,EU_SIT_JUB,,ES212,PER_10000_POP,1.4
2015,ISCO08_2261,EU_SIT_JUB,,ES212,PER_10000_POP,0.4
2010,ISCO08_2261,,,ES212,PER_10000_POP,7.3
2012,ISCO08_2261,EU_SIT_JUB,,ES212,PER_10000_POP,0.5
2014,ISCO08_2261,EU_SIT_JUB,,ES212,PER_10000_POP,0.3
2022,ISCO08_2261,EU_SIT_JUB,,ES212,PER_10000_POP,1.0
2013,ISCO08_2261,,,ES212,PER_10000_POP,8.1
2016,ISCO08_2261,,,ES212,PER_10000_POP,8.7
2010,ISCO08_2261,EU_SIT_JUB,,ES212,PER_10000_POP,0.0
2015,ISCO08_2261,,,ES212,PER_10000_POP,8.5
2023,ISCO08_2261,,,ES212,PER_10000_POP,10.0
2024,ISCO08_2261,,,ES212,PER_10000_POP,10.0
2013,ISCO08_2261,EU_SIT_JUB,,ES212,PER_10000_POP,0.4
2025,ISCO08_2261,EU_SIT_NOJUB,,ES212,PER_10000_POP,8.8
2023,ISCO08_2261,EU_SIT_NOJUB,,ES212,PER_10000_POP,8.9
2024,ISCO08_2261,EU_SIT_NOJUB,,ES212,PER_10000_POP,8.9
2021,ISCO08_2261,EU_SIT_NOJUB,,ES212,PER_10000_POP,8.9
2019,ISCO08_2261,EU_SIT_NOJUB,,ES212,PER_10000_POP,8.2
2015,ISCO08_2261,EU_SIT_NOJUB,,ES212,PER_10000_POP,8.1
2018,ISCO08_2261,EU_SIT_NOJUB,,ES212,PER_10000_POP,8.4
2022,ISCO08_2261,EU_SIT_NOJUB,,ES212,PER_10000_POP,8.8
2020,ISCO08_2261,EU_SIT_NOJUB,,ES212,PER_10000_POP,8.5
2014,ISCO08_2261,EU_SIT_NOJUB,,ES212,PER_10000_POP,7.7
2017,ISCO08_2261,EU_SIT_NOJUB,,ES212,PER_10000_POP,8.3
2010,ISCO08_2261,EU_SIT_NOJUB,,ES212,PER_10000_POP,7.3
2012,ISCO08_2261,EU_SIT_NOJUB,,ES212,PER_10000_POP,7.5
2013,ISCO08_2261,EU_SIT_NOJUB,,ES212,PER_10000_POP,7.7
2016,ISCO08_2261,EU_SIT_JUB,,ES212,PER_10000_POP,0.4
2020,ISCO08_2261,EU_SIT_JUB,,ES212,PER_10000_POP,0.7
2020,ISCO08_2261,,F,,PER_10000_POP,11.1
2022,ISCO08_2261,,F,,PER_10000_POP,11.4
2016,ISCO08_2261,EU_SIT_JUB,F,,PER_10000_POP,0.0
2017,ISCO08_2261,,F,,PER_10000_POP,10.4
2021,ISCO08_2261,EU_SIT_NOJUB,F,,PER_10000_POP,11.3
2023,ISCO08_2261,,F,,PER_10000_POP,11.5
2016,ISCO08_2261,EU_SIT_NOJUB,F,,PER_10000_POP,10.1
2015,ISCO08_2261,EU_SIT_NOJUB,F,,PER_10000_POP,9.9
2017,ISCO08_2261,EU_SIT_NOJUB,F,,PER_10000_POP,10.3
2017,ISCO08_2261,EU_SIT_JUB,F,,PER_10000_POP,0.0
2025,ISCO08_2261,,F,,PER_10000_POP,11.8
2022,ISCO08_2261,EU_SIT_JUB,F,,PER_10000_POP,0.2
2021,ISCO08_2261,EU_SIT_JUB,F,,PER_10000_POP,0.1
2014,ISCO08_2261,EU_SIT_JUB,F,,PER_10000_POP,0.0
2016,ISCO08_2261,,F,,PER_10000_POP,10.2
2025,ISCO08_2261,EU_SIT_NOJUB,F,,PER_10000_POP,11.6
2021,ISCO08_2261,,F,,PER_10000_POP,11.4
2020,ISCO08_2261,EU_SIT_JUB,F,,PER_10000_POP,0.1
2015,ISCO08_2261,EU_SIT_JUB,F,,PER_10000_POP,0.0
2024,ISCO08_2261,EU_SIT_NOJUB,F,,PER_10000_POP,11.5
2012,ISCO08_2261,EU_SIT_JUB,F,,PER_10000_POP,0.0
2013,ISCO08_2261,EU_SIT_JUB,F,,PER_10000_POP,0.0
2012,ISCO08_2261,EU_SIT_NOJUB,F,,PER_10000_POP,9.0
2010,ISCO08_2261,EU_SIT_JUB,F,,PER_10000_POP,0.0
2025,ISCO08_2261,EU_SIT_JUB,F,,PER_10000_POP,0.3
2012,ISCO08_2261,,F,,PER_10000_POP,9.1
2010,ISCO08_2261,EU_SIT_NOJUB,F,,PER_10000_POP,6.7
2010,ISCO08_2261,,F,,PER_10000_POP,6.7
2014,ISCO08_2261,,F,,PER_10000_POP,9.5
2019,ISCO08_2261,,F,,PER_10000_POP,10.6
2011,ISCO08_2261,,F,,PER_10000_POP,6.8
2020,ISCO08_2261,EU_SIT_NOJUB,F,,PER_10000_POP,11.1
2018,ISCO08_2261,EU_SIT_NOJUB,F,,PER_10000_POP,10.6
2023,ISCO08_2261,EU_SIT_NOJUB,F,,PER_10000_POP,11.3
2014,ISCO08_2261,EU_SIT_NOJUB,F,,PER_10000_POP,9.5
2013,ISCO08_2261,EU_SIT_NOJUB,F,,PER_10000_POP,9.2
2023,ISCO08_2261,EU_SIT_JUB,F,,PER_10000_POP,0.2
2018,ISCO08_2261,,F,,PER_10000_POP,10.6
2013,ISCO08_2261,,F,,PER_10000_POP,9.3
2019,ISCO08_2261,EU_SIT_JUB,F,,PER_10000_POP,0.1
2015,ISCO08_2261,,F,,PER_10000_POP,9.9
2024,ISCO08_2261,EU_SIT_JUB,F,,PER_10000_POP,0.2
2024,ISCO08_2261,,F,,PER_10000_POP,11.7
2019,ISCO08_2261,EU_SIT_NOJUB,F,,PER_10000_POP,10.5
2018,ISCO08_2261,EU_SIT_JUB,F,,PER_10000_POP,0.0
2022,ISCO08_2261,EU_SIT_NOJUB,F,,PER_10000_POP,11.2
2019,ISCO08_2261,EU_SIT_JUB,F,ES211,PER_10000_POP,0.0
2021,ISCO08_2261,EU_SIT_JUB,F,ES211,PER_10000_POP,0.0
2017,ISCO08_2261,EU_SIT_JUB,F,ES211,PER_10000_POP,0.0
2013,ISCO08_2261,EU_SIT_JUB,F,ES211,PER_10000_POP,0.0
2016,ISCO08_2261,EU_SIT_NOJUB,F,ES211,PER_10000_POP,8.2
2010,ISCO08_2261,,F,ES211,PER_10000_POP,5.3
2023,ISCO08_2261,EU_SIT_NOJUB,F,ES211,PER_10000_POP,8.1
2025,ISCO08_2261,,F,ES211,PER_10000_POP,8.3
2019,ISCO08_2261,EU_SIT_NOJUB,F,ES211,PER_10000_POP,8.4
2019,ISCO08_2261,,F,ES211,PER_10000_POP,8.4
2018,ISCO08_2261,,F,ES211,PER_10000_POP,8.0
2012,ISCO08_2261,,F,ES211,PER_10000_POP,7.2
2024,ISCO08_2261,,F,ES211,PER_10000_POP,8.6
2010,ISCO08_2261,EU_SIT_NOJUB,F,ES211,PER_10000_POP,5.3
2011,ISCO08_2261,,F,ES211,PER_10000_POP,5.5
2023,ISCO08_2261,,F,ES211,PER_10000_POP,8.1
2014,ISCO08_2261,EU_SIT_NOJUB,F,ES211,PER_10000_POP,7.9
2013,ISCO08_2261,EU_SIT_NOJUB,F,ES211,PER_10000_POP,7.7
2023,ISCO08_2261,EU_SIT_JUB,F,ES211,PER_10000_POP,0.0
2015,ISCO08_2261,EU_SIT_NOJUB,F,ES211,PER_10000_POP,8.2
2018,ISCO08_2261,EU_SIT_NOJUB,F,ES211,PER_10000_POP,8.0
2017,ISCO08_2261,,F,ES211,PER_10000_POP,7.9
2021,ISCO08_2261,EU_SIT_NOJUB,F,ES211,PER_10000_POP,8.2
2020,ISCO08_2261,,F,ES211,PER_10000_POP,8.5
2016,ISCO08_2261,,F,ES211,PER_10000_POP,8.2
2022,ISCO08_2261,EU_SIT_NOJUB,F,ES211,PER_10000_POP,8.0
2025,ISCO08_2261,EU_SIT_NOJUB,F,ES211,PER_10000_POP,8.3
2021,ISCO08_2261,,F,ES211,PER_10000_POP,8.2
2015,ISCO08_2261,,F,ES211,PER_10000_POP,8.2
2013,ISCO08_2261,,F,ES211,PER_10000_POP,7.7
2022,ISCO08_2261,,F,ES211,PER_10000_POP,8.0
2018,ISCO08_2261,EU_SIT_JUB,F,ES211,PER_10000_POP,0.0
2015,ISCO08_2261,EU_SIT_JUB,F,ES211,PER_10000_POP,0.0
2014,ISCO08_2261,EU_SIT_JUB,F,ES211,PER_10000_POP,0.0
2025,ISCO08_2261,EU_SIT_JUB,F,ES211,PER_10000_POP,0.0
2022,ISCO08_2261,EU_SIT_JUB,F,ES211,PER_10000_POP,0.0
2024,ISCO08_2261,EU_SIT_JUB,F,ES211,PER_10000_POP,0.0
2012,ISCO08_2261,EU_SIT_JUB,F,ES211,PER_10000_POP,0.0
2012,ISCO08_2261,EU_SIT_NOJUB,F,ES211,PER_10000_POP,7.2
2016,ISCO08_2261,EU_SIT_JUB,F,ES211,PER_10000_POP,0.0
2014,ISCO08_2261,,F,ES211,PER_10000_POP,7.9
2020,ISCO08_2261,EU_SIT_NOJUB,F,ES211,PER_10000_POP,8.5
2010,ISCO08_2261,EU_SIT_JUB,F,ES211,PER_10000_POP,0.0
2024,ISCO08_2261,EU_SIT_NOJUB,F,ES211,PER_10000_POP,8.6
2020,ISCO08_2261,EU_SIT_JUB,F,ES211,PER_10000_POP,0.0
2017,ISCO08_2261,EU_SIT_NOJUB,F,ES211,PER_10000_POP,7.9
2020,ISCO08_2261,,F,ES213,PER_10000_POP,11.5
2018,ISCO08_2261,,F,ES213,PER_10000_POP,11.1
2015,ISCO08_2261,,F,ES213,PER_10000_POP,10.1
2012,ISCO08_2261,,F,ES213,PER_10000_POP,9.3
2016,ISCO08_2261,,F,ES213,PER_10000_POP,10.4
2024,ISCO08_2261,,F,ES213,PER_10000_POP,11.9
2019,ISCO08_2261,,F,ES213,PER_10000_POP,11.3
2023,ISCO08_2261,,F,ES213,PER_10000_POP,11.9
2013,ISCO08_2261,EU_SIT_NOJUB,F,ES213,PER_10000_POP,9.5
2016,ISCO08_2261,EU_SIT_NOJUB,F,ES213,PER_10000_POP,10.4
2025,ISCO08_2261,,F,ES213,PER_10000_POP,12.1
2017,ISCO08_2261,,F,ES213,PER_10000_POP,10.8
2019,ISCO08_2261,EU_SIT_JUB,F,ES213,PER_10000_POP,0.0
2021,ISCO08_2261,EU_SIT_JUB,F,ES213,PER_10000_POP,0.0
2016,ISCO08_2261,EU_SIT_JUB,F,ES213,PER_10000_POP,0.0
2010,ISCO08_2261,EU_SIT_JUB,F,ES213,PER_10000_POP,0.0
2017,ISCO08_2261,EU_SIT_JUB,F,ES213,PER_10000_POP,0.0
2013,ISCO08_2261,EU_SIT_JUB,F,ES213,PER_10000_POP,0.0
2022,ISCO08_2261,EU_SIT_JUB,F,ES213,PER_10000_POP,0.0
2015,ISCO08_2261,EU_SIT_JUB,F,ES213,PER_10000_POP,0.0
2025,ISCO08_2261,EU_SIT_JUB,F,ES213,PER_10000_POP,0.0
2023,ISCO08_2261,EU_SIT_JUB,F,ES213,PER_10000_POP,0.0
2020,ISCO08_2261,EU_SIT_JUB,F,ES213,PER_10000_POP,0.0
2024,ISCO08_2261,EU_SIT_JUB,F,ES213,PER_10000_POP,0.0
2014,ISCO08_2261,EU_SIT_JUB,F,ES213,PER_10000_POP,0.0
2012,ISCO08_2261,EU_SIT_JUB,F,ES213,PER_10000_POP,0.0
2018,ISCO08_2261,EU_SIT_JUB,F,ES213,PER_10000_POP,0.0
2011,ISCO08_2261,,F,ES213,PER_10000_POP,7.3
2014,ISCO08_2261,EU_SIT_NOJUB,F,ES213,PER_10000_POP,9.7
2018,ISCO08_2261,EU_SIT_NOJUB,F,ES213,PER_10000_POP,11.1
2022,ISCO08_2261,EU_SIT_NOJUB,F,ES213,PER_10000_POP,11.8
2024,ISCO08_2261,EU_SIT_NOJUB,F,ES213,PER_10000_POP,11.9
2020,ISCO08_2261,EU_SIT_NOJUB,F,ES213,PER_10000_POP,11.5
2025,ISCO08_2261,EU_SIT_NOJUB,F,ES213,PER_10000_POP,12.1
2023,ISCO08_2261,EU_SIT_NOJUB,F,ES213,PER_10000_POP,11.9
2021,ISCO08_2261,EU_SIT_NOJUB,F,ES213,PER_10000_POP,11.8
2017,ISCO08_2261,EU_SIT_NOJUB,F,ES213,PER_10000_POP,10.8
2015,ISCO08_2261,EU_SIT_NOJUB,F,ES213,PER_10000_POP,10.1
2019,ISCO08_2261,EU_SIT_NOJUB,F,ES213,PER_10000_POP,11.3
2012,ISCO08_2261,EU_SIT_NOJUB,F,ES213,PER_10000_POP,9.3
2010,ISCO08_2261,EU_SIT_NOJUB,F,ES213,PER_10000_POP,7.2
2010,ISCO08_2261,,F,ES213,PER_10000_POP,7.2
2021,ISCO08_2261,,F,ES213,PER_10000_POP,11.8
2014,ISCO08_2261,,F,ES213,PER_10000_POP,9.7
2022,ISCO08_2261,,F,ES213,PER_10000_POP,11.8
2013,ISCO08_2261,,F,ES213,PER_10000_POP,9.5
2023,ISCO08_2261,EU_SIT_JUB,F,ES212,PER_10000_POP,0.6
2021,ISCO08_2261,EU_SIT_JUB,F,ES212,PER_10000_POP,0.3
2022,ISCO08_2261,EU_SIT_JUB,F,ES212,PER_10000_POP,0.5
2024,ISCO08_2261,EU_SIT_JUB,F,ES212,PER_10000_POP,0.7
2016,ISCO08_2261,EU_SIT_JUB,F,ES212,PER_10000_POP,0.1
2019,ISCO08_2261,EU_SIT_JUB,F,ES212,PER_10000_POP,0.2
2015,ISCO08_2261,EU_SIT_JUB,F,ES212,PER_10000_POP,0.1
2018,ISCO08_2261,EU_SIT_JUB,F,ES212,PER_10000_POP,0.1
2014,ISCO08_2261,EU_SIT_JUB,F,ES212,PER_10000_POP,0.1
2020,ISCO08_2261,EU_SIT_JUB,F,ES212,PER_10000_POP,0.2
2012,ISCO08_2261,EU_SIT_JUB,F,ES212,PER_10000_POP,0.1
2010,ISCO08_2261,EU_SIT_JUB,F,ES212,PER_10000_POP,0.0
2022,ISCO08_2261,,F,ES212,PER_10000_POP,12.1
2017,ISCO08_2261,EU_SIT_JUB,F,ES212,PER_10000_POP,0.1
2025,ISCO08_2261,EU_SIT_JUB,F,ES212,PER_10000_POP,0.8
2013,ISCO08_2261,EU_SIT_JUB,F,ES212,PER_10000_POP,0.1
2013,ISCO08_2261,EU_SIT_NOJUB,F,ES212,PER_10000_POP,9.5
2019,ISCO08_2261,EU_SIT_NOJUB,F,ES212,PER_10000_POP,10.4
2017,ISCO08_2261,EU_SIT_NOJUB,F,ES212,PER_10000_POP,10.7
2015,ISCO08_2261,EU_SIT_NOJUB,F,ES212,PER_10000_POP,10.2
2018,ISCO08_2261,EU_SIT_NOJUB,F,ES212,PER_10000_POP,10.9
2012,ISCO08_2261,EU_SIT_NOJUB,F,ES212,PER_10000_POP,9.3
2016,ISCO08_2261,EU_SIT_NOJUB,F,ES212,PER_10000_POP,10.5
2010,ISCO08_2261,EU_SIT_NOJUB,F,ES212,PER_10000_POP,6.6
2023,ISCO08_2261,EU_SIT_NOJUB,F,ES212,PER_10000_POP,11.9
2010,ISCO08_2261,,F,ES212,PER_10000_POP,6.6
2014,ISCO08_2261,,F,ES212,PER_10000_POP,9.8
2023,ISCO08_2261,,F,ES212,PER_10000_POP,12.6
2022,ISCO08_2261,EU_SIT_NOJUB,F,ES212,PER_10000_POP,11.6
2017,ISCO08_2261,,F,ES212,PER_10000_POP,10.8
2014,ISCO08_2261,EU_SIT_NOJUB,F,ES212,PER_10000_POP,9.8
2018,ISCO08_2261,,F,ES212,PER_10000_POP,11.0
2025,ISCO08_2261,,F,ES212,PER_10000_POP,13.1
2016,ISCO08_2261,,F,ES212,PER_10000_POP,10.6
2020,ISCO08_2261,,F,ES212,PER_10000_POP,11.8
2024,ISCO08_2261,,F,ES212,PER_10000_POP,12.8
2012,ISCO08_2261,,F,ES212,PER_10000_POP,9.4
2021,ISCO08_2261,,F,ES212,PER_10000_POP,12.1
2011,ISCO08_2261,,F,ES212,PER_10000_POP,6.7
2015,ISCO08_2261,,F,ES212,PER_10000_POP,10.3
2020,ISCO08_2261,EU_SIT_NOJUB,F,ES212,PER_10000_POP,11.6
2024,ISCO08_2261,EU_SIT_NOJUB,F,ES212,PER_10000_POP,12.1
2021,ISCO08_2261,EU_SIT_NOJUB,F,ES212,PER_10000_POP,11.8
2025,ISCO08_2261,EU_SIT_NOJUB,F,ES212,PER_10000_POP,12.3
2013,ISCO08_2261,,F,ES212,PER_10000_POP,9.6
2019,ISCO08_2261,,F,ES212,PER_10000_POP,10.5
2024,ISCO08_2261,,M,,PER_10000_POP,6.3
2025,ISCO08_2261,EU_SIT_JUB,M,,PER_10000_POP,0.7
2017,ISCO08_2261,EU_SIT_NOJUB,M,,PER_10000_POP,6.1
2023,ISCO08_2261,EU_SIT_NOJUB,M,,PER_10000_POP,5.9
2021,ISCO08_2261,EU_SIT_NOJUB,M,,PER_10000_POP,6.1
2024,ISCO08_2261,EU_SIT_JUB,M,,PER_10000_POP,0.5
2018,ISCO08_2261,EU_SIT_JUB,M,,PER_10000_POP,0.2
2025,ISCO08_2261,,M,,PER_10000_POP,6.1
2022,ISCO08_2261,,M,,PER_10000_POP,6.5
2019,ISCO08_2261,EU_SIT_JUB,M,,PER_10000_POP,0.3
2013,ISCO08_2261,EU_SIT_JUB,M,,PER_10000_POP,0.3
2020,ISCO08_2261,,M,,PER_10000_POP,6.2
2021,ISCO08_2261,,M,,PER_10000_POP,6.5
2023,ISCO08_2261,,M,,PER_10000_POP,6.4
2021,ISCO08_2261,EU_SIT_JUB,M,,PER_10000_POP,0.4
2016,ISCO08_2261,EU_SIT_JUB,M,,PER_10000_POP,0.3
2014,ISCO08_2261,EU_SIT_JUB,M,,PER_10000_POP,0.2
2020,ISCO08_2261,EU_SIT_JUB,M,,PER_10000_POP,0.4
2011,ISCO08_2261,,M,,PER_10000_POP,7.9
2022,ISCO08_2261,EU_SIT_JUB,M,,PER_10000_POP,0.5
2012,ISCO08_2261,EU_SIT_JUB,M,,PER_10000_POP,0.3
2014,ISCO08_2261,,M,,PER_10000_POP,6.2
2017,ISCO08_2261,EU_SIT_JUB,M,,PER_10000_POP,0.3
2010,ISCO08_2261,EU_SIT_NOJUB,M,,PER_10000_POP,7.8
2023,ISCO08_2261,EU_SIT_JUB,M,,PER_10000_POP,0.5
2018,ISCO08_2261,,M,,PER_10000_POP,6.4
2015,ISCO08_2261,,M,,PER_10000_POP,6.4
2019,ISCO08_2261,,M,,PER_10000_POP,6.5
2014,ISCO08_2261,EU_SIT_NOJUB,M,,PER_10000_POP,6.0
2010,ISCO08_2261,,M,,PER_10000_POP,7.8
2017,ISCO08_2261,,M,,PER_10000_POP,6.4
2012,ISCO08_2261,EU_SIT_NOJUB,M,,PER_10000_POP,5.8
2018,ISCO08_2261,EU_SIT_NOJUB,M,,PER_10000_POP,6.1
2020,ISCO08_2261,EU_SIT_NOJUB,M,,PER_10000_POP,5.9
2015,ISCO08_2261,EU_SIT_JUB,M,,PER_10000_POP,0.3
2019,ISCO08_2261,EU_SIT_NOJUB,M,,PER_10000_POP,6.2
2025,ISCO08_2261,EU_SIT_NOJUB,M,,PER_10000_POP,5.5
2024,ISCO08_2261,EU_SIT_NOJUB,M,,PER_10000_POP,5.7
2013,ISCO08_2261,,M,,PER_10000_POP,6.3
2012,ISCO08_2261,,M,,PER_10000_POP,6.1
2022,ISCO08_2261,EU_SIT_NOJUB,M,,PER_10000_POP,6.0
2010,ISCO08_2261,EU_SIT_JUB,M,,PER_10000_POP,0.0
2015,ISCO08_2261,EU_SIT_NOJUB,M,,PER_10000_POP,6.2
2013,ISCO08_2261,EU_SIT_NOJUB,M,,PER_10000_POP,6.0
2016,ISCO08_2261,EU_SIT_NOJUB,M,,PER_10000_POP,6.1
2016,ISCO08_2261,,M,,PER_10000_POP,6.4
2012,ISCO08_2261,EU_SIT_JUB,M,ES211,PER_10000_POP,0.0
2010,ISCO08_2261,,M,ES211,PER_10000_POP,5.9
2020,ISCO08_2261,EU_SIT_NOJUB,M,ES211,PER_10000_POP,4.9
2022,ISCO08_2261,EU_SIT_JUB,M,ES211,PER_10000_POP,0.0
2019,ISCO08_2261,EU_SIT_JUB,M,ES211,PER_10000_POP,0.0
2017,ISCO08_2261,EU_SIT_JUB,M,ES211,PER_10000_POP,0.0
2025,ISCO08_2261,EU_SIT_JUB,M,ES211,PER_10000_POP,0.0
2015,ISCO08_2261,EU_SIT_JUB,M,ES211,PER_10000_POP,0.0
2021,ISCO08_2261,EU_SIT_JUB,M,ES211,PER_10000_POP,0.0
2013,ISCO08_2261,EU_SIT_JUB,M,ES211,PER_10000_POP,0.0
2018,ISCO08_2261,EU_SIT_JUB,M,ES211,PER_10000_POP,0.0
2014,ISCO08_2261,EU_SIT_JUB,M,ES211,PER_10000_POP,0.0
2022,ISCO08_2261,,M,ES211,PER_10000_POP,4.7
2014,ISCO08_2261,,M,ES211,PER_10000_POP,4.5
2015,ISCO08_2261,,M,ES211,PER_10000_POP,4.7
2011,ISCO08_2261,,M,ES211,PER_10000_POP,6.0
2013,ISCO08_2261,,M,ES211,PER_10000_POP,4.4
2023,ISCO08_2261,EU_SIT_JUB,M,ES211,PER_10000_POP,0.0
2025,ISCO08_2261,,M,ES211,PER_10000_POP,4.6
2019,ISCO08_2261,,M,ES211,PER_10000_POP,4.9
2023,ISCO08_2261,,M,ES211,PER_10000_POP,4.6
2018,ISCO08_2261,,M,ES211,PER_10000_POP,4.7
2017,ISCO08_2261,,M,ES211,PER_10000_POP,4.6
2010,ISCO08_2261,EU_SIT_JUB,M,ES211,PER_10000_POP,0.0
2018,ISCO08_2261,EU_SIT_NOJUB,M,ES211,PER_10000_POP,4.7
2020,ISCO08_2261,EU_SIT_JUB,M,ES211,PER_10000_POP,0.0
2016,ISCO08_2261,EU_SIT_NOJUB,M,ES211,PER_10000_POP,4.7
2014,ISCO08_2261,EU_SIT_NOJUB,M,ES211,PER_10000_POP,4.5
2023,ISCO08_2261,EU_SIT_NOJUB,M,ES211,PER_10000_POP,4.6
2024,ISCO08_2261,EU_SIT_NOJUB,M,ES211,PER_10000_POP,4.7
2025,ISCO08_2261,EU_SIT_NOJUB,M,ES211,PER_10000_POP,4.6
2017,ISCO08_2261,EU_SIT_NOJUB,M,ES211,PER_10000_POP,4.6
2021,ISCO08_2261,EU_SIT_NOJUB,M,ES211,PER_10000_POP,5.0
2013,ISCO08_2261,EU_SIT_NOJUB,M,ES211,PER_10000_POP,4.4
2015,ISCO08_2261,EU_SIT_NOJUB,M,ES211,PER_10000_POP,4.7
2012,ISCO08_2261,EU_SIT_NOJUB,M,ES211,PER_10000_POP,4.3
2010,ISCO08_2261,EU_SIT_NOJUB,M,ES211,PER_10000_POP,5.9
2024,ISCO08_2261,,M,ES211,PER_10000_POP,4.7
2021,ISCO08_2261,,M,ES211,PER_10000_POP,5.0
2012,ISCO08_2261,,M,ES211,PER_10000_POP,4.3
2020,ISCO08_2261,,M,ES211,PER_10000_POP,4.9
2016,ISCO08_2261,,M,ES211,PER_10000_POP,4.7
2024,ISCO08_2261,EU_SIT_JUB,M,ES211,PER_10000_POP,0.0
2019,ISCO08_2261,EU_SIT_NOJUB,M,ES211,PER_10000_POP,4.9
2022,ISCO08_2261,EU_SIT_NOJUB,M,ES211,PER_10000_POP,4.7
2016,ISCO08_2261,EU_SIT_JUB,M,ES211,PER_10000_POP,0.0
2014,ISCO08_2261,EU_SIT_NOJUB,M,ES213,PER_10000_POP,6.7
2015,ISCO08_2261,EU_SIT_NOJUB,M,ES213,PER_10000_POP,6.8
2012,ISCO08_2261,EU_SIT_NOJUB,M,ES213,PER_10000_POP,6.4
2013,ISCO08_2261,EU_SIT_NOJUB,M,ES213,PER_10000_POP,6.6
2010,ISCO08_2261,EU_SIT_NOJUB,M,ES213,PER_10000_POP,8.3
2022,ISCO08_2261,EU_SIT_NOJUB,M,ES213,PER_10000_POP,6.5
2021,ISCO08_2261,EU_SIT_NOJUB,M,ES213,PER_10000_POP,6.6
2023,ISCO08_2261,EU_SIT_NOJUB,M,ES213,PER_10000_POP,6.4
2016,ISCO08_2261,EU_SIT_NOJUB,M,ES213,PER_10000_POP,6.8
2019,ISCO08_2261,EU_SIT_NOJUB,M,ES213,PER_10000_POP,6.7
2017,ISCO08_2261,EU_SIT_NOJUB,M,ES213,PER_10000_POP,6.9
2020,ISCO08_2261,EU_SIT_NOJUB,M,ES213,PER_10000_POP,6.5
2025,ISCO08_2261,EU_SIT_NOJUB,M,ES213,PER_10000_POP,5.9
2024,ISCO08_2261,EU_SIT_NOJUB,M,ES213,PER_10000_POP,6.1
2016,ISCO08_2261,,M,ES213,PER_10000_POP,6.8
2019,ISCO08_2261,,M,ES213,PER_10000_POP,6.7
2018,ISCO08_2261,EU_SIT_NOJUB,M,ES213,PER_10000_POP,6.8
2022,ISCO08_2261,EU_SIT_JUB,M,ES213,PER_10000_POP,0.0
2014,ISCO08_2261,EU_SIT_JUB,M,ES213,PER_10000_POP,0.0
2024,ISCO08_2261,EU_SIT_JUB,M,ES213,PER_10000_POP,0.0
2019,ISCO08_2261,EU_SIT_JUB,M,ES213,PER_10000_POP,0.0
2023,ISCO08_2261,EU_SIT_JUB,M,ES213,PER_10000_POP,0.0
2025,ISCO08_2261,EU_SIT_JUB,M,ES213,PER_10000_POP,0.0
2020,ISCO08_2261,EU_SIT_JUB,M,ES213,PER_10000_POP,0.0
2015,ISCO08_2261,EU_SIT_JUB,M,ES213,PER_10000_POP,0.0
2016,ISCO08_2261,EU_SIT_JUB,M,ES213,PER_10000_POP,0.0
2018,ISCO08_2261,EU_SIT_JUB,M,ES213,PER_10000_POP,0.0
2021,ISCO08_2261,EU_SIT_JUB,M,ES213,PER_10000_POP,0.0
2012,ISCO08_2261,EU_SIT_JUB,M,ES213,PER_10000_POP,0.0
2010,ISCO08_2261,EU_SIT_JUB,M,ES213,PER_10000_POP,0.0
2013,ISCO08_2261,EU_SIT_JUB,M,ES213,PER_10000_POP,0.0
2014,ISCO08_2261,,M,ES213,PER_10000_POP,6.7
2022,ISCO08_2261,,M,ES213,PER_10000_POP,6.5
2012,ISCO08_2261,,M,ES213,PER_10000_POP,6.4
2021,ISCO08_2261,,M,ES213,PER_10000_POP,6.6
2013,ISCO08_2261,,M,ES213,PER_10000_POP,6.6
2025,ISCO08_2261,,M,ES213,PER_10000_POP,5.9
2017,ISCO08_2261,,M,ES213,PER_10000_POP,6.9
2024,ISCO08_2261,,M,ES213,PER_10000_POP,6.1
2018,ISCO08_2261,,M,ES213,PER_10000_POP,6.8
2015,ISCO08_2261,,M,ES213,PER_10000_POP,6.8
2011,ISCO08_2261,,M,ES213,PER_10000_POP,8.4
2017,ISCO08_2261,EU_SIT_JUB,M,ES213,PER_10000_POP,0.0
2020,ISCO08_2261,,M,ES213,PER_10000_POP,6.5
2023,ISCO08_2261,,M,ES213,PER_10000_POP,6.4
2010,ISCO08_2261,,M,ES213,PER_10000_POP,8.3
2018,ISCO08_2261,EU_SIT_NOJUB,M,ES212,PER_10000_POP,5.8
2019,ISCO08_2261,EU_SIT_NOJUB,M,ES212,PER_10000_POP,6.0
2016,ISCO08_2261,EU_SIT_NOJUB,M,ES212,PER_10000_POP,5.8
2014,ISCO08_2261,EU_SIT_NOJUB,M,ES212,PER_10000_POP,5.6
2017,ISCO08_2261,EU_SIT_NOJUB,M,ES212,PER_10000_POP,5.7
2010,ISCO08_2261,EU_SIT_NOJUB,M,ES212,PER_10000_POP,7.9
2015,ISCO08_2261,EU_SIT_NOJUB,M,ES212,PER_10000_POP,5.8
2024,ISCO08_2261,EU_SIT_NOJUB,M,ES212,PER_10000_POP,5.6
2023,ISCO08_2261,EU_SIT_NOJUB,M,ES212,PER_10000_POP,5.7
2025,ISCO08_2261,EU_SIT_NOJUB,M,ES212,PER_10000_POP,5.2
2021,ISCO08_2261,EU_SIT_NOJUB,M,ES212,PER_10000_POP,5.9
2022,ISCO08_2261,EU_SIT_NOJUB,M,ES212,PER_10000_POP,5.9
2024,ISCO08_2261,,M,ES212,PER_10000_POP,7.2
2016,ISCO08_2261,,M,ES212,PER_10000_POP,6.6
2013,ISCO08_2261,,M,ES212,PER_10000_POP,6.5
2023,ISCO08_2261,,M,ES212,PER_10000_POP,7.3
2020,ISCO08_2261,,M,ES212,PER_10000_POP,6.4
2012,ISCO08_2261,EU_SIT_NOJUB,M,ES212,PER_10000_POP,5.6
2025,ISCO08_2261,EU_SIT_JUB,M,ES212,PER_10000_POP,2.0
2020,ISCO08_2261,EU_SIT_NOJUB,M,ES212,PER_10000_POP,5.2
2013,ISCO08_2261,EU_SIT_JUB,M,ES212,PER_10000_POP,0.8
2017,ISCO08_2261,EU_SIT_JUB,M,ES212,PER_10000_POP,0.8
2013,ISCO08_2261,EU_SIT_NOJUB,M,ES212,PER_10000_POP,5.8
2021,ISCO08_2261,EU_SIT_JUB,M,ES212,PER_10000_POP,1.3
2010,ISCO08_2261,EU_SIT_JUB,M,ES212,PER_10000_POP,0.0
2024,ISCO08_2261,EU_SIT_JUB,M,ES212,PER_10000_POP,1.6
2022,ISCO08_2261,EU_SIT_JUB,M,ES212,PER_10000_POP,1.4
2019,ISCO08_2261,EU_SIT_JUB,M,ES212,PER_10000_POP,1.1
2020,ISCO08_2261,EU_SIT_JUB,M,ES212,PER_10000_POP,1.1
2018,ISCO08_2261,EU_SIT_JUB,M,ES212,PER_10000_POP,0.7
2023,ISCO08_2261,EU_SIT_JUB,M,ES212,PER_10000_POP,1.5
2015,ISCO08_2261,EU_SIT_JUB,M,ES212,PER_10000_POP,0.8
2012,ISCO08_2261,EU_SIT_JUB,M,ES212,PER_10000_POP,0.9
2014,ISCO08_2261,EU_SIT_JUB,M,ES212,PER_10000_POP,0.5
2016,ISCO08_2261,EU_SIT_JUB,M,ES212,PER_10000_POP,0.8
2014,ISCO08_2261,,M,ES212,PER_10000_POP,6.1
2022,ISCO08_2261,,M,ES212,PER_10000_POP,7.3
2017,ISCO08_2261,,M,ES212,PER_10000_POP,6.5
2019,ISCO08_2261,,M,ES212,PER_10000_POP,7.0
2021,ISCO08_2261,,M,ES212,PER_10000_POP,7.2
2012,ISCO08_2261,,M,ES212,PER_10000_POP,6.5
2011,ISCO08_2261,,M,ES212,PER_10000_POP,8.0
2018,ISCO08_2261,,M,ES212,PER_10000_POP,6.5
2015,ISCO08_2261,,M,ES212,PER_10000_POP,6.6
2025,ISCO08_2261,,M,ES212,PER_10000_POP,7.2
2010,ISCO08_2261,,M,ES212,PER_10000_POP,7.9
2011,ISCO08_2262,EU_SIT_NOJUB,,,PER_10000_POP,12.8
2022,ISCO08_2262,EU_SIT_NOJUB,,,PER_10000_POP,15.4
2019,ISCO08_2262,EU_SIT_NOJUB,,,PER_10000_POP,14.5
2012,ISCO08_2262,EU_SIT_NOJUB,,,PER_10000_POP,13.1
2015,ISCO08_2262,EU_SIT_NOJUB,,,PER_10000_POP,13.8
2024,ISCO08_2262,EU_SIT_JUB,,,PER_10000_POP,1.6
2017,ISCO08_2262,EU_SIT_NOJUB,,,PER_10000_POP,14.3
2013,ISCO08_2262,EU_SIT_NOJUB,,,PER_10000_POP,13.3
2019,ISCO08_2262,,,,PER_10000_POP,15.9
2023,ISCO08_2262,,,,PER_10000_POP,16.6
2019,ISCO08_2262,EU_SIT_JUB,,,PER_10000_POP,1.2
2011,ISCO08_2262,,,,PER_10000_POP,13.8
2025,ISCO08_2262,EU_SIT_JUB,,,PER_10000_POP,1.6
2015,ISCO08_2262,EU_SIT_JUB,,,PER_10000_POP,0.9
2020,ISCO08_2262,,,,PER_10000_POP,16.3
2020,ISCO08_2262,EU_SIT_NOJUB,,,PER_10000_POP,14.8
2012,ISCO08_2262,EU_SIT_JUB,,,PER_10000_POP,0.8
2016,ISCO08_2262,EU_SIT_JUB,,,PER_10000_POP,1.0
2011,ISCO08_2262,EU_SIT_JUB,,,PER_10000_POP,0.8
2013,ISCO08_2262,EU_SIT_JUB,,,PER_10000_POP,0.8
2024,ISCO08_2262,EU_SIT_NOJUB,,,PER_10000_POP,15.1
2023,ISCO08_2262,EU_SIT_JUB,,,PER_10000_POP,1.5
2025,ISCO08_2262,EU_SIT_NOJUB,,,PER_10000_POP,15.1
2021,ISCO08_2262,EU_SIT_JUB,,,PER_10000_POP,1.3
2022,ISCO08_2262,EU_SIT_JUB,,,PER_10000_POP,1.3
2016,ISCO08_2262,EU_SIT_NOJUB,,,PER_10000_POP,14.2
2023,ISCO08_2262,EU_SIT_NOJUB,,,PER_10000_POP,15.1
2020,ISCO08_2262,EU_SIT_JUB,,,PER_10000_POP,1.2
2010,ISCO08_2262,,,,PER_10000_POP,13.6
2025,ISCO08_2262,,,,PER_10000_POP,16.8
2022,ISCO08_2262,,,,PER_10000_POP,16.7
2021,ISCO08_2262,EU_SIT_NOJUB,,,PER_10000_POP,14.9
2017,ISCO08_2262,EU_SIT_JUB,,,PER_10000_POP,1.1
2010,ISCO08_2262,EU_SIT_NOJUB,,,PER_10000_POP,12.6
2014,ISCO08_2262,,,,PER_10000_POP,14.7
2014,ISCO08_2262,EU_SIT_NOJUB,,,PER_10000_POP,13.6
2014,ISCO08_2262,EU_SIT_JUB,,,PER_10000_POP,0.9
2010,ISCO08_2262,EU_SIT_JUB,,,PER_10000_POP,0.7
2021,ISCO08_2262,,,,PER_10000_POP,16.4
2013,ISCO08_2262,,,,PER_10000_POP,14.4
2015,ISCO08_2262,,,,PER_10000_POP,15.0
2018,ISCO08_2262,EU_SIT_NOJUB,,,PER_10000_POP,14.5
2012,ISCO08_2262,,,,PER_10000_POP,14.1
2024,ISCO08_2262,,,,PER_10000_POP,16.7
2018,ISCO08_2262,,,,PER_10000_POP,15.9
2016,ISCO08_2262,,,,PER_10000_POP,15.4
2017,ISCO08_2262,,,,PER_10000_POP,15.6
2018,ISCO08_2262,EU_SIT_JUB,,,PER_10000_POP,1.1
2021,ISCO08_2262,EU_SIT_JUB,,ES211,PER_10000_POP,0.8
2023,ISCO08_2262,EU_SIT_JUB,,ES211,PER_10000_POP,0.8
2019,ISCO08_2262,EU_SIT_JUB,,ES211,PER_10000_POP,0.8
2019,ISCO08_2262,,,ES211,PER_10000_POP,16.1
2022,ISCO08_2262,,,ES211,PER_10000_POP,17.2
2013,ISCO08_2262,EU_SIT_NOJUB,,ES211,PER_10000_POP,14.2
2014,ISCO08_2262,EU_SIT_NOJUB,,ES211,PER_10000_POP,14.5
2018,ISCO08_2262,EU_SIT_NOJUB,,ES211,PER_10000_POP,15.1
2012,ISCO08_2262,EU_SIT_JUB,,ES211,PER_10000_POP,0.5
2017,ISCO08_2262,EU_SIT_NOJUB,,ES211,PER_10000_POP,14.9
2021,ISCO08_2262,EU_SIT_NOJUB,,ES211,PER_10000_POP,15.7
2019,ISCO08_2262,EU_SIT_NOJUB,,ES211,PER_10000_POP,15.3
2022,ISCO08_2262,EU_SIT_NOJUB,,ES211,PER_10000_POP,16.5
2015,ISCO08_2262,EU_SIT_NOJUB,,ES211,PER_10000_POP,14.6
2018,ISCO08_2262,EU_SIT_JUB,,ES211,PER_10000_POP,0.8
2024,ISCO08_2262,EU_SIT_JUB,,ES211,PER_10000_POP,0.9
2025,ISCO08_2262,,,ES211,PER_10000_POP,17.5
2025,ISCO08_2262,EU_SIT_JUB,,ES211,PER_10000_POP,1.0
2013,ISCO08_2262,EU_SIT_JUB,,ES211,PER_10000_POP,0.5
2015,ISCO08_2262,EU_SIT_JUB,,ES211,PER_10000_POP,0.6
2014,ISCO08_2262,EU_SIT_JUB,,ES211,PER_10000_POP,0.5
2011,ISCO08_2262,EU_SIT_JUB,,ES211,PER_10000_POP,0.5
2010,ISCO08_2262,EU_SIT_JUB,,ES211,PER_10000_POP,0.4
2016,ISCO08_2262,,,ES211,PER_10000_POP,15.6
2016,ISCO08_2262,EU_SIT_JUB,,ES211,PER_10000_POP,0.7
2017,ISCO08_2262,EU_SIT_JUB,,ES211,PER_10000_POP,0.8
2011,ISCO08_2262,,,ES211,PER_10000_POP,13.9
2014,ISCO08_2262,,,ES211,PER_10000_POP,14.9
2024,ISCO08_2262,,,ES211,PER_10000_POP,17.2
2020,ISCO08_2262,EU_SIT_JUB,,ES211,PER_10000_POP,0.8
2018,ISCO08_2262,,,ES211,PER_10000_POP,15.9
2015,ISCO08_2262,,,ES211,PER_10000_POP,15.1
2022,ISCO08_2262,EU_SIT_JUB,,ES211,PER_10000_POP,0.7
2010,ISCO08_2262,,,ES211,PER_10000_POP,13.7
2012,ISCO08_2262,,,ES211,PER_10000_POP,14.5
2023,ISCO08_2262,,,ES211,PER_10000_POP,17.0
2017,ISCO08_2262,,,ES211,PER_10000_POP,15.7
2013,ISCO08_2262,,,ES211,PER_10000_POP,14.7
2020,ISCO08_2262,,,ES211,PER_10000_POP,16.5
2021,ISCO08_2262,,,ES211,PER_10000_POP,16.5
2020,ISCO08_2262,EU_SIT_NOJUB,,ES211,PER_10000_POP,15.8
2010,ISCO08_2262,EU_SIT_NOJUB,,ES211,PER_10000_POP,13.1
2023,ISCO08_2262,EU_SIT_NOJUB,,ES211,PER_10000_POP,16.1
2025,ISCO08_2262,EU_SIT_NOJUB,,ES211,PER_10000_POP,16.4
2011,ISCO08_2262,EU_SIT_NOJUB,,ES211,PER_10000_POP,13.4
2012,ISCO08_2262,EU_SIT_NOJUB,,ES211,PER_10000_POP,14.0
2016,ISCO08_2262,EU_SIT_NOJUB,,ES211,PER_10000_POP,14.9
2024,ISCO08_2262,EU_SIT_NOJUB,,ES211,PER_10000_POP,16.3
2017,ISCO08_2262,,,ES213,PER_10000_POP,15.8
2018,ISCO08_2262,,,ES213,PER_10000_POP,16.0
2010,ISCO08_2262,EU_SIT_NOJUB,,ES213,PER_10000_POP,12.8
2014,ISCO08_2262,EU_SIT_NOJUB,,ES213,PER_10000_POP,13.5
2022,ISCO08_2262,EU_SIT_NOJUB,,ES213,PER_10000_POP,15.5
2018,ISCO08_2262,EU_SIT_NOJUB,,ES213,PER_10000_POP,14.6
2024,ISCO08_2262,EU_SIT_NOJUB,,ES213,PER_10000_POP,15.2
2020,ISCO08_2262,EU_SIT_NOJUB,,ES213,PER_10000_POP,14.8
2017,ISCO08_2262,EU_SIT_NOJUB,,ES213,PER_10000_POP,14.4
2019,ISCO08_2262,EU_SIT_NOJUB,,ES213,PER_10000_POP,14.6
2025,ISCO08_2262,EU_SIT_NOJUB,,ES213,PER_10000_POP,15.2
2016,ISCO08_2262,EU_SIT_NOJUB,,ES213,PER_10000_POP,14.3
2021,ISCO08_2262,EU_SIT_NOJUB,,ES213,PER_10000_POP,15.0
2013,ISCO08_2262,EU_SIT_NOJUB,,ES213,PER_10000_POP,13.3
2015,ISCO08_2262,EU_SIT_NOJUB,,ES213,PER_10000_POP,13.9
2023,ISCO08_2262,EU_SIT_NOJUB,,ES213,PER_10000_POP,15.3
2011,ISCO08_2262,EU_SIT_NOJUB,,ES213,PER_10000_POP,12.9
2012,ISCO08_2262,EU_SIT_NOJUB,,ES213,PER_10000_POP,13.0
2024,ISCO08_2262,EU_SIT_JUB,,ES213,PER_10000_POP,1.2
2021,ISCO08_2262,EU_SIT_JUB,,ES213,PER_10000_POP,1.1
2020,ISCO08_2262,EU_SIT_JUB,,ES213,PER_10000_POP,1.0
2025,ISCO08_2262,EU_SIT_JUB,,ES213,PER_10000_POP,1.2
2017,ISCO08_2262,EU_SIT_JUB,,ES213,PER_10000_POP,0.9
2023,ISCO08_2262,EU_SIT_JUB,,ES213,PER_10000_POP,1.2
2019,ISCO08_2262,EU_SIT_JUB,,ES213,PER_10000_POP,0.9
2011,ISCO08_2262,EU_SIT_JUB,,ES213,PER_10000_POP,0.9
2013,ISCO08_2262,EU_SIT_JUB,,ES213,PER_10000_POP,0.9
2025,ISCO08_2262,,,ES213,PER_10000_POP,16.5
2012,ISCO08_2262,EU_SIT_JUB,,ES213,PER_10000_POP,0.9
2015,ISCO08_2262,EU_SIT_JUB,,ES213,PER_10000_POP,0.8
2022,ISCO08_2262,,,ES213,PER_10000_POP,16.5
2010,ISCO08_2262,,,ES213,PER_10000_POP,14.0
2024,ISCO08_2262,,,ES213,PER_10000_POP,16.4
2014,ISCO08_2262,EU_SIT_JUB,,ES213,PER_10000_POP,0.9
2010,ISCO08_2262,EU_SIT_JUB,,ES213,PER_10000_POP,0.8
2018,ISCO08_2262,EU_SIT_JUB,,ES213,PER_10000_POP,1.0
2016,ISCO08_2262,EU_SIT_JUB,,ES213,PER_10000_POP,0.9
2022,ISCO08_2262,EU_SIT_JUB,,ES213,PER_10000_POP,1.0
2023,ISCO08_2262,,,ES213,PER_10000_POP,16.4
2020,ISCO08_2262,,,ES213,PER_10000_POP,16.2
2015,ISCO08_2262,,,ES213,PER_10000_POP,15.2
2014,ISCO08_2262,,,ES213,PER_10000_POP,14.8
2019,ISCO08_2262,,,ES213,PER_10000_POP,15.9
2011,ISCO08_2262,,,ES213,PER_10000_POP,14.1
2021,ISCO08_2262,,,ES213,PER_10000_POP,16.5
2012,ISCO08_2262,,,ES213,PER_10000_POP,14.3
2013,ISCO08_2262,,,ES213,PER_10000_POP,14.6
2016,ISCO08_2262,,,ES213,PER_10000_POP,15.6
2011,ISCO08_2262,,,ES212,PER_10000_POP,13.2
2013,ISCO08_2262,,,ES212,PER_10000_POP,14.0
2022,ISCO08_2262,,,ES212,PER_10000_POP,16.8
2018,ISCO08_2262,EU_SIT_NOJUB,,ES212,PER_10000_POP,14.1
2016,ISCO08_2262,EU_SIT_NOJUB,,ES212,PER_10000_POP,13.6
2012,ISCO08_2262,EU_SIT_NOJUB,,ES212,PER_10000_POP,12.8
2014,ISCO08_2262,EU_SIT_NOJUB,,ES212,PER_10000_POP,13.4
2010,ISCO08_2262,EU_SIT_NOJUB,,ES212,PER_10000_POP,12.0
2011,ISCO08_2262,EU_SIT_NOJUB,,ES212,PER_10000_POP,12.3
2015,ISCO08_2262,EU_SIT_NOJUB,,ES212,PER_10000_POP,13.3
2013,ISCO08_2262,EU_SIT_NOJUB,,ES212,PER_10000_POP,13.0
2024,ISCO08_2262,,,ES212,PER_10000_POP,16.8
2018,ISCO08_2262,,,ES212,PER_10000_POP,15.7
2020,ISCO08_2262,,,ES212,PER_10000_POP,16.3
2024,ISCO08_2262,EU_SIT_NOJUB,,ES212,PER_10000_POP,14.3
2022,ISCO08_2262,EU_SIT_NOJUB,,ES212,PER_10000_POP,14.6
2017,ISCO08_2262,EU_SIT_NOJUB,,ES212,PER_10000_POP,13.9
2021,ISCO08_2262,EU_SIT_NOJUB,,ES212,PER_10000_POP,14.5
2019,ISCO08_2262,EU_SIT_NOJUB,,ES212,PER_10000_POP,14.1
2023,ISCO08_2262,EU_SIT_NOJUB,,ES212,PER_10000_POP,14.5
2025,ISCO08_2262,EU_SIT_NOJUB,,ES212,PER_10000_POP,14.4
2020,ISCO08_2262,EU_SIT_NOJUB,,ES212,PER_10000_POP,14.5
2021,ISCO08_2262,EU_SIT_JUB,,ES212,PER_10000_POP,1.9
2023,ISCO08_2262,EU_SIT_JUB,,ES212,PER_10000_POP,2.2
2017,ISCO08_2262,EU_SIT_JUB,,ES212,PER_10000_POP,1.3
2025,ISCO08_2262,EU_SIT_JUB,,ES212,PER_10000_POP,2.6
2019,ISCO08_2262,EU_SIT_JUB,,ES212,PER_10000_POP,1.7
2020,ISCO08_2262,EU_SIT_JUB,,ES212,PER_10000_POP,1.9
2013,ISCO08_2262,EU_SIT_JUB,,ES212,PER_10000_POP,0.9
2011,ISCO08_2262,EU_SIT_JUB,,ES212,PER_10000_POP,0.9
2015,ISCO08_2262,EU_SIT_JUB,,ES212,PER_10000_POP,1.1
2012,ISCO08_2262,EU_SIT_JUB,,ES212,PER_10000_POP,0.9
2010,ISCO08_2262,EU_SIT_JUB,,ES212,PER_10000_POP,0.9
2014,ISCO08_2262,EU_SIT_JUB,,ES212,PER_10000_POP,1.0
2018,ISCO08_2262,EU_SIT_JUB,,ES212,PER_10000_POP,1.5
2016,ISCO08_2262,EU_SIT_JUB,,ES212,PER_10000_POP,1.2
2022,ISCO08_2262,EU_SIT_JUB,,ES212,PER_10000_POP,2.1
2024,ISCO08_2262,EU_SIT_JUB,,ES212,PER_10000_POP,2.5
2012,ISCO08_2262,,,ES212,PER_10000_POP,13.6
2014,ISCO08_2262,,,ES212,PER_10000_POP,14.5
2019,ISCO08_2262,,,ES212,PER_10000_POP,15.8
2010,ISCO08_2262,,,ES212,PER_10000_POP,12.9
2023,ISCO08_2262,,,ES212,PER_10000_POP,16.7
2015,ISCO08_2262,,,ES212,PER_10000_POP,14.5
2025,ISCO08_2262,,,ES212,PER_10000_POP,16.9
2021,ISCO08_2262,,,ES212,PER_10000_POP,16.4
2017,ISCO08_2262,,,ES212,PER_10000_POP,15.2
2016,ISCO08_2262,,,ES212,PER_10000_POP,14.8
2022,ISCO08_2262,EU_SIT_NOJUB,F,,PER_10000_POP,24.3
2023,ISCO08_2262,,F,,PER_10000_POP,25.9
2014,ISCO08_2262,EU_SIT_NOJUB,F,,PER_10000_POP,21.5
2025,ISCO08_2262,,F,,PER_10000_POP,26.3
2020,ISCO08_2262,EU_SIT_NOJUB,F,,PER_10000_POP,23.3
2015,ISCO08_2262,,F,,PER_10000_POP,23.3
2016,ISCO08_2262,,F,,PER_10000_POP,23.9
2022,ISCO08_2262,EU_SIT_JUB,F,,PER_10000_POP,1.9
2020,ISCO08_2262,EU_SIT_JUB,F,,PER_10000_POP,1.7
2025,ISCO08_2262,EU_SIT_JUB,F,,PER_10000_POP,2.3
2019,ISCO08_2262,EU_SIT_NOJUB,F,,PER_10000_POP,22.9
2018,ISCO08_2262,EU_SIT_JUB,F,,PER_10000_POP,1.5
2012,ISCO08_2262,EU_SIT_JUB,F,,PER_10000_POP,0.9
2017,ISCO08_2262,EU_SIT_JUB,F,,PER_10000_POP,1.4
2019,ISCO08_2262,EU_SIT_JUB,F,,PER_10000_POP,1.5
2010,ISCO08_2262,EU_SIT_JUB,F,,PER_10000_POP,0.8
2013,ISCO08_2262,EU_SIT_JUB,F,,PER_10000_POP,0.9
2011,ISCO08_2262,EU_SIT_JUB,F,,PER_10000_POP,0.9
2016,ISCO08_2262,EU_SIT_JUB,F,,PER_10000_POP,1.2
2024,ISCO08_2262,EU_SIT_JUB,F,,PER_10000_POP,2.2
2017,ISCO08_2262,EU_SIT_NOJUB,F,,PER_10000_POP,22.6
2013,ISCO08_2262,EU_SIT_NOJUB,F,,PER_10000_POP,21.1
2021,ISCO08_2262,EU_SIT_NOJUB,F,,PER_10000_POP,23.6
2018,ISCO08_2262,EU_SIT_NOJUB,F,,PER_10000_POP,22.8
2011,ISCO08_2262,EU_SIT_NOJUB,F,,PER_10000_POP,20.4
2023,ISCO08_2262,EU_SIT_NOJUB,F,,PER_10000_POP,23.9
2012,ISCO08_2262,EU_SIT_NOJUB,F,,PER_10000_POP,20.7
2015,ISCO08_2262,EU_SIT_NOJUB,F,,PER_10000_POP,21.8
2024,ISCO08_2262,EU_SIT_NOJUB,F,,PER_10000_POP,23.8
2019,ISCO08_2262,,F,,PER_10000_POP,24.8
2020,ISCO08_2262,,F,,PER_10000_POP,25.3
2012,ISCO08_2262,,F,,PER_10000_POP,21.9
2018,ISCO08_2262,,F,,PER_10000_POP,24.7
2010,ISCO08_2262,,F,,PER_10000_POP,21.2
2017,ISCO08_2262,,F,,PER_10000_POP,24.3
2015,ISCO08_2262,EU_SIT_JUB,F,,PER_10000_POP,1.1
2023,ISCO08_2262,EU_SIT_JUB,F,,PER_10000_POP,2.0
2016,ISCO08_2262,EU_SIT_NOJUB,F,,PER_10000_POP,22.3
2021,ISCO08_2262,EU_SIT_JUB,F,,PER_10000_POP,1.8
2021,ISCO08_2262,,F,,PER_10000_POP,25.8
2022,ISCO08_2262,,F,,PER_10000_POP,26.2
2014,ISCO08_2262,EU_SIT_JUB,F,,PER_10000_POP,1.0
2014,ISCO08_2262,,F,,PER_10000_POP,22.9
2010,ISCO08_2262,EU_SIT_NOJUB,F,,PER_10000_POP,20.1
2013,ISCO08_2262,,F,,PER_10000_POP,22.4
2011,ISCO08_2262,,F,,PER_10000_POP,21.6
2025,ISCO08_2262,EU_SIT_NOJUB,F,,PER_10000_POP,24.0
2024,ISCO08_2262,,F,,PER_10000_POP,26.0
2019,ISCO08_2262,,F,ES211,PER_10000_POP,24.5
2019,ISCO08_2262,EU_SIT_NOJUB,F,ES211,PER_10000_POP,23.5
2010,ISCO08_2262,EU_SIT_NOJUB,F,ES211,PER_10000_POP,20.6
2017,ISCO08_2262,EU_SIT_JUB,F,ES211,PER_10000_POP,1.0
2011,ISCO08_2262,EU_SIT_NOJUB,F,ES211,PER_10000_POP,21.3
2023,ISCO08_2262,,F,ES211,PER_10000_POP,26.8
2014,ISCO08_2262,EU_SIT_NOJUB,F,ES211,PER_10000_POP,22.7
2014,ISCO08_2262,EU_SIT_JUB,F,ES211,PER_10000_POP,0.6
2012,ISCO08_2262,EU_SIT_JUB,F,ES211,PER_10000_POP,0.6
2020,ISCO08_2262,EU_SIT_JUB,F,ES211,PER_10000_POP,1.0
2014,ISCO08_2262,,F,ES211,PER_10000_POP,23.2
2020,ISCO08_2262,,F,ES211,PER_10000_POP,25.4
2018,ISCO08_2262,,F,ES211,PER_10000_POP,24.1
2024,ISCO08_2262,EU_SIT_JUB,F,ES211,PER_10000_POP,1.3
2013,ISCO08_2262,,F,ES211,PER_10000_POP,22.8
2016,ISCO08_2262,,F,ES211,PER_10000_POP,23.6
2015,ISCO08_2262,,F,ES211,PER_10000_POP,23.2
2021,ISCO08_2262,EU_SIT_JUB,F,ES211,PER_10000_POP,1.0
2017,ISCO08_2262,,F,ES211,PER_10000_POP,23.9
2022,ISCO08_2262,,F,ES211,PER_10000_POP,27.3
2021,ISCO08_2262,,F,ES211,PER_10000_POP,25.4
2012,ISCO08_2262,,F,ES211,PER_10000_POP,22.5
2024,ISCO08_2262,,F,ES211,PER_10000_POP,27.4
2013,ISCO08_2262,EU_SIT_NOJUB,F,ES211,PER_10000_POP,22.2
2011,ISCO08_2262,EU_SIT_JUB,F,ES211,PER_10000_POP,0.6
2022,ISCO08_2262,EU_SIT_JUB,F,ES211,PER_10000_POP,1.0
2010,ISCO08_2262,EU_SIT_JUB,F,ES211,PER_10000_POP,0.5
2018,ISCO08_2262,EU_SIT_JUB,F,ES211,PER_10000_POP,1.0
2010,ISCO08_2262,,F,ES211,PER_10000_POP,21.1
2011,ISCO08_2262,,F,ES211,PER_10000_POP,21.9
2023,ISCO08_2262,EU_SIT_JUB,F,ES211,PER_10000_POP,1.2
2020,ISCO08_2262,EU_SIT_NOJUB,F,ES211,PER_10000_POP,24.4
2015,ISCO08_2262,EU_SIT_JUB,F,ES211,PER_10000_POP,0.7
2025,ISCO08_2262,EU_SIT_JUB,F,ES211,PER_10000_POP,1.7
2013,ISCO08_2262,EU_SIT_JUB,F,ES211,PER_10000_POP,0.6
2022,ISCO08_2262,EU_SIT_NOJUB,F,ES211,PER_10000_POP,26.3
2016,ISCO08_2262,EU_SIT_NOJUB,F,ES211,PER_10000_POP,22.7
2025,ISCO08_2262,,F,ES211,PER_10000_POP,28.0
2021,ISCO08_2262,EU_SIT_NOJUB,F,ES211,PER_10000_POP,24.4
2023,ISCO08_2262,EU_SIT_NOJUB,F,ES211,PER_10000_POP,25.6
2015,ISCO08_2262,EU_SIT_NOJUB,F,ES211,PER_10000_POP,22.4
2018,ISCO08_2262,EU_SIT_NOJUB,F,ES211,PER_10000_POP,23.1
2012,ISCO08_2262,EU_SIT_NOJUB,F,ES211,PER_10000_POP,21.9
2017,ISCO08_2262,EU_SIT_NOJUB,F,ES211,PER_10000_POP,22.9
2024,ISCO08_2262,EU_SIT_NOJUB,F,ES211,PER_10000_POP,26.1
2019,ISCO08_2262,EU_SIT_JUB,F,ES211,PER_10000_POP,1.0
2016,ISCO08_2262,EU_SIT_JUB,F,ES211,PER_10000_POP,0.9
2025,ISCO08_2262,EU_SIT_NOJUB,F,ES211,PER_10000_POP,26.3
2021,ISCO08_2262,,F,ES213,PER_10000_POP,25.5
2020,ISCO08_2262,,F,ES213,PER_10000_POP,25.0
2018,ISCO08_2262,,F,ES213,PER_10000_POP,24.7
2016,ISCO08_2262,,F,ES213,PER_10000_POP,24.2
2014,ISCO08_2262,,F,ES213,PER_10000_POP,22.9
2023,ISCO08_2262,,F,ES213,PER_10000_POP,25.2
2013,ISCO08_2262,,F,ES213,PER_10000_POP,22.6
2015,ISCO08_2262,,F,ES213,PER_10000_POP,23.5
2022,ISCO08_2262,,F,ES213,PER_10000_POP,25.7
2023,ISCO08_2262,EU_SIT_JUB,F,ES213,PER_10000_POP,1.6
2012,ISCO08_2262,EU_SIT_JUB,F,ES213,PER_10000_POP,1.0
2018,ISCO08_2262,EU_SIT_JUB,F,ES213,PER_10000_POP,1.2
2016,ISCO08_2262,EU_SIT_JUB,F,ES213,PER_10000_POP,1.1
2020,ISCO08_2262,EU_SIT_JUB,F,ES213,PER_10000_POP,1.3
2014,ISCO08_2262,EU_SIT_JUB,F,ES213,PER_10000_POP,1.0
2011,ISCO08_2262,EU_SIT_JUB,F,ES213,PER_10000_POP,1.0
2010,ISCO08_2262,EU_SIT_JUB,F,ES213,PER_10000_POP,0.8
2021,ISCO08_2262,EU_SIT_JUB,F,ES213,PER_10000_POP,1.5
2025,ISCO08_2262,EU_SIT_JUB,F,ES213,PER_10000_POP,1.7
2013,ISCO08_2262,EU_SIT_JUB,F,ES213,PER_10000_POP,1.0
2017,ISCO08_2262,EU_SIT_JUB,F,ES213,PER_10000_POP,1.2
2015,ISCO08_2262,EU_SIT_JUB,F,ES213,PER_10000_POP,0.9
2024,ISCO08_2262,EU_SIT_JUB,F,ES213,PER_10000_POP,1.6
2019,ISCO08_2262,EU_SIT_JUB,F,ES213,PER_10000_POP,1.2
2022,ISCO08_2262,EU_SIT_JUB,F,ES213,PER_10000_POP,1.4
2014,ISCO08_2262,EU_SIT_NOJUB,F,ES213,PER_10000_POP,21.2
2016,ISCO08_2262,EU_SIT_NOJUB,F,ES213,PER_10000_POP,22.5
2015,ISCO08_2262,EU_SIT_NOJUB,F,ES213,PER_10000_POP,21.8
2013,ISCO08_2262,EU_SIT_NOJUB,F,ES213,PER_10000_POP,21.0
2010,ISCO08_2262,EU_SIT_NOJUB,F,ES213,PER_10000_POP,20.5
2012,ISCO08_2262,EU_SIT_NOJUB,F,ES213,PER_10000_POP,20.6
2011,ISCO08_2262,EU_SIT_NOJUB,F,ES213,PER_10000_POP,20.6
2022,ISCO08_2262,EU_SIT_NOJUB,F,ES213,PER_10000_POP,24.3
2025,ISCO08_2262,EU_SIT_NOJUB,F,ES213,PER_10000_POP,23.7
2021,ISCO08_2262,EU_SIT_NOJUB,F,ES213,PER_10000_POP,23.3
2019,ISCO08_2262,EU_SIT_NOJUB,F,ES213,PER_10000_POP,22.8
2023,ISCO08_2262,EU_SIT_NOJUB,F,ES213,PER_10000_POP,23.6
2017,ISCO08_2262,EU_SIT_NOJUB,F,ES213,PER_10000_POP,22.5
2018,ISCO08_2262,EU_SIT_NOJUB,F,ES213,PER_10000_POP,22.8
2020,ISCO08_2262,EU_SIT_NOJUB,F,ES213,PER_10000_POP,23.1
2024,ISCO08_2262,EU_SIT_NOJUB,F,ES213,PER_10000_POP,23.6
2011,ISCO08_2262,,F,ES213,PER_10000_POP,22.1
2010,ISCO08_2262,,F,ES213,PER_10000_POP,21.8
2025,ISCO08_2262,,F,ES213,PER_10000_POP,25.4
2012,ISCO08_2262,,F,ES213,PER_10000_POP,22.1
2024,ISCO08_2262,,F,ES213,PER_10000_POP,25.2
2017,ISCO08_2262,,F,ES213,PER_10000_POP,24.4
2019,ISCO08_2262,,F,ES213,PER_10000_POP,24.7
2010,ISCO08_2262,EU_SIT_JUB,F,ES212,PER_10000_POP,0.9
2019,ISCO08_2262,EU_SIT_JUB,F,ES212,PER_10000_POP,2.4
2012,ISCO08_2262,EU_SIT_JUB,F,ES212,PER_10000_POP,0.9
2020,ISCO08_2262,EU_SIT_JUB,F,ES212,PER_10000_POP,2.6
2017,ISCO08_2262,EU_SIT_JUB,F,ES212,PER_10000_POP,1.8
2022,ISCO08_2262,EU_SIT_JUB,F,ES212,PER_10000_POP,3.1
2014,ISCO08_2262,EU_SIT_JUB,F,ES212,PER_10000_POP,1.2
2011,ISCO08_2262,EU_SIT_JUB,F,ES212,PER_10000_POP,1.0
2025,ISCO08_2262,EU_SIT_JUB,F,ES212,PER_10000_POP,3.6
2024,ISCO08_2262,EU_SIT_JUB,F,ES212,PER_10000_POP,3.5
2023,ISCO08_2262,EU_SIT_JUB,F,ES212,PER_10000_POP,3.1
2021,ISCO08_2262,EU_SIT_JUB,F,ES212,PER_10000_POP,2.6
2013,ISCO08_2262,EU_SIT_JUB,F,ES212,PER_10000_POP,1.1
2016,ISCO08_2262,EU_SIT_JUB,F,ES212,PER_10000_POP,1.5
2018,ISCO08_2262,EU_SIT_JUB,F,ES212,PER_10000_POP,2.1
2021,ISCO08_2262,EU_SIT_NOJUB,F,ES212,PER_10000_POP,23.7
2015,ISCO08_2262,,F,ES212,PER_10000_POP,23.0
2014,ISCO08_2262,EU_SIT_NOJUB,F,ES212,PER_10000_POP,21.5
2012,ISCO08_2262,EU_SIT_NOJUB,F,ES212,PER_10000_POP,20.3
2017,ISCO08_2262,EU_SIT_NOJUB,F,ES212,PER_10000_POP,22.6
2025,ISCO08_2262,,F,ES212,PER_10000_POP,27.0
2025,ISCO08_2262,EU_SIT_NOJUB,F,ES212,PER_10000_POP,23.3
2024,ISCO08_2262,EU_SIT_NOJUB,F,ES212,PER_10000_POP,23.2
2022,ISCO08_2262,EU_SIT_NOJUB,F,ES212,PER_10000_POP,23.4
2023,ISCO08_2262,EU_SIT_NOJUB,F,ES212,PER_10000_POP,23.5
2018,ISCO08_2262,EU_SIT_NOJUB,F,ES212,PER_10000_POP,22.7
2020,ISCO08_2262,EU_SIT_NOJUB,F,ES212,PER_10000_POP,23.2
2016,ISCO08_2262,EU_SIT_NOJUB,F,ES212,PER_10000_POP,21.9
2011,ISCO08_2262,EU_SIT_NOJUB,F,ES212,PER_10000_POP,19.7
2019,ISCO08_2262,EU_SIT_NOJUB,F,ES212,PER_10000_POP,22.7
2013,ISCO08_2262,EU_SIT_NOJUB,F,ES212,PER_10000_POP,20.8
2015,ISCO08_2262,EU_SIT_NOJUB,F,ES212,PER_10000_POP,21.6
2010,ISCO08_2262,EU_SIT_NOJUB,F,ES212,PER_10000_POP,19.3
2015,ISCO08_2262,EU_SIT_JUB,F,ES212,PER_10000_POP,1.4
2011,ISCO08_2262,,F,ES212,PER_10000_POP,20.7
2017,ISCO08_2262,,F,ES212,PER_10000_POP,24.4
2020,ISCO08_2262,,F,ES212,PER_10000_POP,25.8
2022,ISCO08_2262,,F,ES212,PER_10000_POP,26.5
2014,ISCO08_2262,,F,ES212,PER_10000_POP,22.7
2019,ISCO08_2262,,F,ES212,PER_10000_POP,25.1
2010,ISCO08_2262,,F,ES212,PER_10000_POP,20.2
2018,ISCO08_2262,,F,ES212,PER_10000_POP,24.8
2016,ISCO08_2262,,F,ES212,PER_10000_POP,23.4
2023,ISCO08_2262,,F,ES212,PER_10000_POP,26.7
2013,ISCO08_2262,,F,ES212,PER_10000_POP,21.9
2021,ISCO08_2262,,F,ES212,PER_10000_POP,26.4
2024,ISCO08_2262,,F,ES212,PER_10000_POP,26.7
2012,ISCO08_2262,,F,ES212,PER_10000_POP,21.3
2024,ISCO08_2262,,M,,PER_10000_POP,6.7
2016,ISCO08_2262,,M,,PER_10000_POP,6.3
2015,ISCO08_2262,EU_SIT_JUB,M,,PER_10000_POP,0.7
2017,ISCO08_2262,EU_SIT_JUB,M,,PER_10000_POP,0.7
2024,ISCO08_2262,EU_SIT_JUB,M,,PER_10000_POP,0.9
2023,ISCO08_2262,EU_SIT_JUB,M,,PER_10000_POP,0.8
2020,ISCO08_2262,EU_SIT_JUB,M,,PER_10000_POP,0.8
2025,ISCO08_2262,EU_SIT_JUB,M,,PER_10000_POP,0.9
2021,ISCO08_2262,,M,,PER_10000_POP,6.5
2016,ISCO08_2262,EU_SIT_JUB,M,,PER_10000_POP,0.7
2022,ISCO08_2262,EU_SIT_NOJUB,M,,PER_10000_POP,5.9
2018,ISCO08_2262,EU_SIT_JUB,M,,PER_10000_POP,0.8
2022,ISCO08_2262,EU_SIT_JUB,M,,PER_10000_POP,0.8
2023,ISCO08_2262,,M,,PER_10000_POP,6.7
2012,ISCO08_2262,EU_SIT_NOJUB,M,,PER_10000_POP,5.1
2018,ISCO08_2262,EU_SIT_NOJUB,M,,PER_10000_POP,5.7
2020,ISCO08_2262,,M,,PER_10000_POP,6.7
2025,ISCO08_2262,EU_SIT_NOJUB,M,,PER_10000_POP,5.8
2021,ISCO08_2262,EU_SIT_JUB,M,,PER_10000_POP,0.8
2024,ISCO08_2262,EU_SIT_NOJUB,M,,PER_10000_POP,5.8
2022,ISCO08_2262,,M,,PER_10000_POP,6.7
2014,ISCO08_2262,EU_SIT_NOJUB,M,,PER_10000_POP,5.3
2017,ISCO08_2262,EU_SIT_NOJUB,M,,PER_10000_POP,5.5
2010,ISCO08_2262,EU_SIT_NOJUB,M,,PER_10000_POP,4.8
2019,ISCO08_2262,EU_SIT_NOJUB,M,,PER_10000_POP,5.7
2013,ISCO08_2262,EU_SIT_NOJUB,M,,PER_10000_POP,5.2
2017,ISCO08_2262,,M,,PER_10000_POP,6.3
2011,ISCO08_2262,EU_SIT_JUB,M,,PER_10000_POP,0.7
2023,ISCO08_2262,EU_SIT_NOJUB,M,,PER_10000_POP,5.9
2013,ISCO08_2262,,M,,PER_10000_POP,6.0
2010,ISCO08_2262,EU_SIT_JUB,M,,PER_10000_POP,0.7
2014,ISCO08_2262,EU_SIT_JUB,M,,PER_10000_POP,0.7
2012,ISCO08_2262,EU_SIT_JUB,M,,PER_10000_POP,0.7
2019,ISCO08_2262,,M,,PER_10000_POP,6.5
2018,ISCO08_2262,,M,,PER_10000_POP,6.5
2014,ISCO08_2262,,M,,PER_10000_POP,6.1
2010,ISCO08_2262,,M,,PER_10000_POP,5.6
2019,ISCO08_2262,EU_SIT_JUB,M,,PER_10000_POP,0.7
2011,ISCO08_2262,EU_SIT_NOJUB,M,,PER_10000_POP,4.7
2016,ISCO08_2262,EU_SIT_NOJUB,M,,PER_10000_POP,5.5
2021,ISCO08_2262,EU_SIT_NOJUB,M,,PER_10000_POP,5.7
2012,ISCO08_2262,,M,,PER_10000_POP,5.9
2020,ISCO08_2262,EU_SIT_NOJUB,M,,PER_10000_POP,5.8
2025,ISCO08_2262,,M,,PER_10000_POP,6.7
2015,ISCO08_2262,,M,,PER_10000_POP,6.1
2015,ISCO08_2262,EU_SIT_NOJUB,M,,PER_10000_POP,5.3
2013,ISCO08_2262,EU_SIT_JUB,M,,PER_10000_POP,0.7
2011,ISCO08_2262,,M,,PER_10000_POP,5.6
2013,ISCO08_2262,EU_SIT_JUB,M,ES211,PER_10000_POP,0.4
2017,ISCO08_2262,EU_SIT_JUB,M,ES211,PER_10000_POP,0.6
2022,ISCO08_2262,EU_SIT_NOJUB,M,ES211,PER_10000_POP,6.4
2012,ISCO08_2262,EU_SIT_JUB,M,ES211,PER_10000_POP,0.4
2024,ISCO08_2262,EU_SIT_JUB,M,ES211,PER_10000_POP,0.4
2014,ISCO08_2262,EU_SIT_JUB,M,ES211,PER_10000_POP,0.4
2011,ISCO08_2262,EU_SIT_JUB,M,ES211,PER_10000_POP,0.4
2018,ISCO08_2262,EU_SIT_JUB,M,ES211,PER_10000_POP,0.6
2022,ISCO08_2262,EU_SIT_JUB,M,ES211,PER_10000_POP,0.4
2010,ISCO08_2262,EU_SIT_JUB,M,ES211,PER_10000_POP,0.3
2022,ISCO08_2262,,M,ES211,PER_10000_POP,6.8
2012,ISCO08_2262,,M,ES211,PER_10000_POP,6.4
2024,ISCO08_2262,,M,ES211,PER_10000_POP,6.6
2011,ISCO08_2262,,M,ES211,PER_10000_POP,5.9
2021,ISCO08_2262,,M,ES211,PER_10000_POP,7.2
2013,ISCO08_2262,,M,ES211,PER_10000_POP,6.5
2020,ISCO08_2262,,M,ES211,PER_10000_POP,7.4
2025,ISCO08_2262,,M,ES211,PER_10000_POP,6.6
2016,ISCO08_2262,,M,ES211,PER_10000_POP,7.3
2023,ISCO08_2262,,M,ES211,PER_10000_POP,6.7
2010,ISCO08_2262,,M,ES211,PER_10000_POP,6.3
2019,ISCO08_2262,EU_SIT_JUB,M,ES211,PER_10000_POP,0.6
2019,ISCO08_2262,,M,ES211,PER_10000_POP,7.3
2015,ISCO08_2262,,M,ES211,PER_10000_POP,6.9
2016,ISCO08_2262,EU_SIT_JUB,M,ES211,PER_10000_POP,0.4
2020,ISCO08_2262,EU_SIT_JUB,M,ES211,PER_10000_POP,0.6
2014,ISCO08_2262,,M,ES211,PER_10000_POP,6.4
2016,ISCO08_2262,EU_SIT_NOJUB,M,ES211,PER_10000_POP,6.9
2011,ISCO08_2262,EU_SIT_NOJUB,M,ES211,PER_10000_POP,5.4
2018,ISCO08_2262,EU_SIT_NOJUB,M,ES211,PER_10000_POP,6.8
2015,ISCO08_2262,EU_SIT_NOJUB,M,ES211,PER_10000_POP,6.5
2010,ISCO08_2262,EU_SIT_NOJUB,M,ES211,PER_10000_POP,5.7
2017,ISCO08_2262,EU_SIT_NOJUB,M,ES211,PER_10000_POP,6.6
2012,ISCO08_2262,EU_SIT_NOJUB,M,ES211,PER_10000_POP,5.9
2019,ISCO08_2262,EU_SIT_NOJUB,M,ES211,PER_10000_POP,6.8
2014,ISCO08_2262,EU_SIT_NOJUB,M,ES211,PER_10000_POP,6.0
2013,ISCO08_2262,EU_SIT_NOJUB,M,ES211,PER_10000_POP,6.1
2025,ISCO08_2262,EU_SIT_NOJUB,M,ES211,PER_10000_POP,6.2
2024,ISCO08_2262,EU_SIT_NOJUB,M,ES211,PER_10000_POP,6.2
2020,ISCO08_2262,EU_SIT_NOJUB,M,ES211,PER_10000_POP,6.8
2021,ISCO08_2262,EU_SIT_NOJUB,M,ES211,PER_10000_POP,6.7
2023,ISCO08_2262,EU_SIT_NOJUB,M,ES211,PER_10000_POP,6.3
2018,ISCO08_2262,,M,ES211,PER_10000_POP,7.4
2017,ISCO08_2262,,M,ES211,PER_10000_POP,7.2
2023,ISCO08_2262,EU_SIT_JUB,M,ES211,PER_10000_POP,0.4
2025,ISCO08_2262,EU_SIT_JUB,M,ES211,PER_10000_POP,0.4
2021,ISCO08_2262,EU_SIT_JUB,M,ES211,PER_10000_POP,0.6
2015,ISCO08_2262,EU_SIT_JUB,M,ES211,PER_10000_POP,0.4
2011,ISCO08_2262,EU_SIT_JUB,M,ES213,PER_10000_POP,0.8
2012,ISCO08_2262,EU_SIT_NOJUB,M,ES213,PER_10000_POP,4.9
2010,ISCO08_2262,EU_SIT_NOJUB,M,ES213,PER_10000_POP,4.7
2014,ISCO08_2262,EU_SIT_NOJUB,M,ES213,PER_10000_POP,5.2
2011,ISCO08_2262,EU_SIT_NOJUB,M,ES213,PER_10000_POP,4.6
2013,ISCO08_2262,EU_SIT_NOJUB,M,ES213,PER_10000_POP,5.1
2015,ISCO08_2262,EU_SIT_NOJUB,M,ES213,PER_10000_POP,5.4
2024,ISCO08_2262,EU_SIT_NOJUB,M,ES213,PER_10000_POP,6.2
2021,ISCO08_2262,EU_SIT_NOJUB,M,ES213,PER_10000_POP,6.0
2020,ISCO08_2262,EU_SIT_NOJUB,M,ES213,PER_10000_POP,5.8
2025,ISCO08_2262,EU_SIT_NOJUB,M,ES213,PER_10000_POP,6.1
2018,ISCO08_2262,EU_SIT_NOJUB,M,ES213,PER_10000_POP,5.7
2022,ISCO08_2262,EU_SIT_NOJUB,M,ES213,PER_10000_POP,6.1
2016,ISCO08_2262,EU_SIT_NOJUB,M,ES213,PER_10000_POP,5.5
2017,ISCO08_2262,EU_SIT_NOJUB,M,ES213,PER_10000_POP,5.7
2019,ISCO08_2262,EU_SIT_NOJUB,M,ES213,PER_10000_POP,5.7
2023,ISCO08_2262,EU_SIT_NOJUB,M,ES213,PER_10000_POP,6.2
2020,ISCO08_2262,,M,ES213,PER_10000_POP,6.6
2019,ISCO08_2262,,M,ES213,PER_10000_POP,6.5
2023,ISCO08_2262,,M,ES213,PER_10000_POP,7.0
2015,ISCO08_2262,EU_SIT_JUB,M,ES213,PER_10000_POP,0.6
2013,ISCO08_2262,EU_SIT_JUB,M,ES213,PER_10000_POP,0.8
2025,ISCO08_2262,EU_SIT_JUB,M,ES213,PER_10000_POP,0.7
2021,ISCO08_2262,EU_SIT_JUB,M,ES213,PER_10000_POP,0.7
2017,ISCO08_2262,EU_SIT_JUB,M,ES213,PER_10000_POP,0.7
2023,ISCO08_2262,EU_SIT_JUB,M,ES213,PER_10000_POP,0.7
2019,ISCO08_2262,EU_SIT_JUB,M,ES213,PER_10000_POP,0.7
2020,ISCO08_2262,EU_SIT_JUB,M,ES213,PER_10000_POP,0.7
2022,ISCO08_2262,EU_SIT_JUB,M,ES213,PER_10000_POP,0.6
2024,ISCO08_2262,EU_SIT_JUB,M,ES213,PER_10000_POP,0.7
2010,ISCO08_2262,EU_SIT_JUB,M,ES213,PER_10000_POP,0.7
2014,ISCO08_2262,EU_SIT_JUB,M,ES213,PER_10000_POP,0.8
2018,ISCO08_2262,EU_SIT_JUB,M,ES213,PER_10000_POP,0.7
2012,ISCO08_2262,EU_SIT_JUB,M,ES213,PER_10000_POP,0.8
2016,ISCO08_2262,EU_SIT_JUB,M,ES213,PER_10000_POP,0.7
2024,ISCO08_2262,,M,ES213,PER_10000_POP,6.9
2011,ISCO08_2262,,M,ES213,PER_10000_POP,5.5
2018,ISCO08_2262,,M,ES213,PER_10000_POP,6.5
2010,ISCO08_2262,,M,ES213,PER_10000_POP,5.5
2016,ISCO08_2262,,M,ES213,PER_10000_POP,6.4
2022,ISCO08_2262,,M,ES213,PER_10000_POP,6.7
2013,ISCO08_2262,,M,ES213,PER_10000_POP,6.0
2021,ISCO08_2262,,M,ES213,PER_10000_POP,6.7
2014,ISCO08_2262,,M,ES213,PER_10000_POP,6.1
2015,ISCO08_2262,,M,ES213,PER_10000_POP,6.3
2017,ISCO08_2262,,M,ES213,PER_10000_POP,6.5
2012,ISCO08_2262,,M,ES213,PER_10000_POP,5.8
2025,ISCO08_2262,,M,ES213,PER_10000_POP,6.9
2023,ISCO08_2262,EU_SIT_NOJUB,M,ES212,PER_10000_POP,5.0
2025,ISCO08_2262,EU_SIT_NOJUB,M,ES212,PER_10000_POP,5.0
2022,ISCO08_2262,EU_SIT_NOJUB,M,ES212,PER_10000_POP,5.4
2018,ISCO08_2262,EU_SIT_NOJUB,M,ES212,PER_10000_POP,5.2
2019,ISCO08_2262,EU_SIT_NOJUB,M,ES212,PER_10000_POP,5.1
2024,ISCO08_2262,EU_SIT_NOJUB,M,ES212,PER_10000_POP,5.1
2015,ISCO08_2262,EU_SIT_NOJUB,M,ES212,PER_10000_POP,4.7
2013,ISCO08_2262,EU_SIT_NOJUB,M,ES212,PER_10000_POP,4.9
2016,ISCO08_2262,EU_SIT_NOJUB,M,ES212,PER_10000_POP,4.9
2012,ISCO08_2262,EU_SIT_NOJUB,M,ES212,PER_10000_POP,4.9
2014,ISCO08_2262,EU_SIT_NOJUB,M,ES212,PER_10000_POP,5.0
2010,ISCO08_2262,EU_SIT_NOJUB,M,ES212,PER_10000_POP,4.5
2017,ISCO08_2262,EU_SIT_NOJUB,M,ES212,PER_10000_POP,4.8
2011,ISCO08_2262,EU_SIT_NOJUB,M,ES212,PER_10000_POP,4.6
2014,ISCO08_2262,,M,ES212,PER_10000_POP,5.9
2018,ISCO08_2262,,M,ES212,PER_10000_POP,6.1
2018,ISCO08_2262,EU_SIT_JUB,M,ES212,PER_10000_POP,0.9
2025,ISCO08_2262,EU_SIT_JUB,M,ES212,PER_10000_POP,1.4
2021,ISCO08_2262,EU_SIT_JUB,M,ES212,PER_10000_POP,1.1
2017,ISCO08_2262,EU_SIT_JUB,M,ES212,PER_10000_POP,0.8
2013,ISCO08_2262,EU_SIT_JUB,M,ES212,PER_10000_POP,0.8
2019,ISCO08_2262,EU_SIT_JUB,M,ES212,PER_10000_POP,1.0
2023,ISCO08_2262,EU_SIT_JUB,M,ES212,PER_10000_POP,1.3
2020,ISCO08_2262,EU_SIT_JUB,M,ES212,PER_10000_POP,1.1
2022,ISCO08_2262,EU_SIT_JUB,M,ES212,PER_10000_POP,1.2
2014,ISCO08_2262,EU_SIT_JUB,M,ES212,PER_10000_POP,0.9
2016,ISCO08_2262,EU_SIT_JUB,M,ES212,PER_10000_POP,0.9
2024,ISCO08_2262,EU_SIT_JUB,M,ES212,PER_10000_POP,1.4
2015,ISCO08_2262,EU_SIT_JUB,M,ES212,PER_10000_POP,0.9
2011,ISCO08_2262,EU_SIT_JUB,M,ES212,PER_10000_POP,0.8
2010,ISCO08_2262,EU_SIT_JUB,M,ES212,PER_10000_POP,0.8
2012,ISCO08_2262,EU_SIT_JUB,M,ES212,PER_10000_POP,0.8
2020,ISCO08_2262,,M,ES212,PER_10000_POP,6.4
2024,ISCO08_2262,,M,ES212,PER_10000_POP,6.4
2011,ISCO08_2262,,M,ES212,PER_10000_POP,5.4
2019,ISCO08_2262,,M,ES212,PER_10000_POP,6.1
2017,ISCO08_2262,,M,ES212,PER_10000_POP,5.6
2025,ISCO08_2262,,M,ES212,PER_10000_POP,6.4
2015,ISCO08_2262,,M,ES212,PER_10000_POP,5.6
2023,ISCO08_2262,,M,ES212,PER_10000_POP,6.3
2021,ISCO08_2262,,M,ES212,PER_10000_POP,5.9
2013,ISCO08_2262,,M,ES212,PER_10000_POP,5.7
2021,ISCO08_2262,EU_SIT_NOJUB,M,ES212,PER_10000_POP,4.8
2016,ISCO08_2262,,M,ES212,PER_10000_POP,5.8
2020,ISCO08_2262,EU_SIT_NOJUB,M,ES212,PER_10000_POP,5.3
2010,ISCO08_2262,,M,ES212,PER_10000_POP,5.3
2022,ISCO08_2262,,M,ES212,PER_10000_POP,6.6
2012,ISCO08_2262,,M,ES212,PER_10000_POP,5.7
