Year,Profession,Employment status,Sex,Province,Units,Value
2021,,,,,"Per 10,000 inhabitants",173.7
2022,,Retired,,,"Per 10,000 inhabitants",14.8
2016,,Retired,,,"Per 10,000 inhabitants",8.2
2013,,Retired,,,"Per 10,000 inhabitants",6.2
2017,,Not retired,,,"Per 10,000 inhabitants",151.9
2025,,Not retired,,,"Per 10,000 inhabitants",165.5
2021,,Not retired,,,"Per 10,000 inhabitants",159.5
2011,,Retired,,,"Per 10,000 inhabitants",5.4
2011,,,,,"Per 10,000 inhabitants",146.7
2012,,Not retired,,,"Per 10,000 inhabitants",142.9
2015,,,,,"Per 10,000 inhabitants",156.8
2019,,Retired,,,"Per 10,000 inhabitants",11.7
2010,,Retired,,,"Per 10,000 inhabitants",4.9
2021,,Retired,,,"Per 10,000 inhabitants",14.0
2019,,Not retired,,,"Per 10,000 inhabitants",154.2
2022,,,,,"Per 10,000 inhabitants",175.6
2011,,Not retired,,,"Per 10,000 inhabitants",133.7
2010,,,,,"Per 10,000 inhabitants",143.1
2022,,Not retired,,,"Per 10,000 inhabitants",160.7
2020,,Retired,,,"Per 10,000 inhabitants",12.8
2020,,,,,"Per 10,000 inhabitants",170.8
2023,,,,,"Per 10,000 inhabitants",186.6
2016,,Not retired,,,"Per 10,000 inhabitants",150.8
2010,,Not retired,,,"Per 10,000 inhabitants",138.0
2025,,Retired,,,"Per 10,000 inhabitants",26.2
2014,,Retired,,,"Per 10,000 inhabitants",6.6
2014,,,,,"Per 10,000 inhabitants",154.0
2012,,,,,"Per 10,000 inhabitants",149.2
2012,,Retired,,,"Per 10,000 inhabitants",6.0
2020,,Not retired,,,"Per 10,000 inhabitants",157.8
2013,,,,,"Per 10,000 inhabitants",151.2
2023,,Not retired,,,"Per 10,000 inhabitants",161.7
2019,,,,,"Per 10,000 inhabitants",166.1
2024,,Retired,,,"Per 10,000 inhabitants",24.3
2013,,Not retired,,,"Per 10,000 inhabitants",144.7
2015,,Not retired,,,"Per 10,000 inhabitants",149.1
2015,,Retired,,,"Per 10,000 inhabitants",7.4
2017,,,,,"Per 10,000 inhabitants",161.3
2024,,Not retired,,,"Per 10,000 inhabitants",163.1
2017,,Retired,,,"Per 10,000 inhabitants",9.2
2018,,Not retired,,,"Per 10,000 inhabitants",153.4
2024,,,,,"Per 10,000 inhabitants",187.4
2023,,Retired,,,"Per 10,000 inhabitants",24.9
2018,,,,,"Per 10,000 inhabitants",163.7
2014,,Not retired,,,"Per 10,000 inhabitants",147.2
2016,,,,,"Per 10,000 inhabitants",159.2
2025,,,,,"Per 10,000 inhabitants",191.7
2018,,Retired,,,"Per 10,000 inhabitants",10.1
2015,,Retired,,Araba/Álava,"Per 10,000 inhabitants",7.4
2020,,Not retired,,Araba/Álava,"Per 10,000 inhabitants",160.1
2024,,Retired,,Araba/Álava,"Per 10,000 inhabitants",16.0
2017,,Not retired,,Araba/Álava,"Per 10,000 inhabitants",157.0
2017,,Retired,,Araba/Álava,"Per 10,000 inhabitants",9.5
2021,,Not retired,,Araba/Álava,"Per 10,000 inhabitants",161.5
2023,,Retired,,Araba/Álava,"Per 10,000 inhabitants",15.1
2019,,Retired,,Araba/Álava,"Per 10,000 inhabitants",11.2
2013,,Not retired,,Araba/Álava,"Per 10,000 inhabitants",150.2
2014,,Not retired,,Araba/Álava,"Per 10,000 inhabitants",153.5
2020,,,,Araba/Álava,"Per 10,000 inhabitants",172.1
2016,,Retired,,Araba/Álava,"Per 10,000 inhabitants",8.6
2013,,Retired,,Araba/Álava,"Per 10,000 inhabitants",5.5
2022,,Not retired,,Araba/Álava,"Per 10,000 inhabitants",161.4
2019,,,,Araba/Álava,"Per 10,000 inhabitants",168.9
2014,,,,Araba/Álava,"Per 10,000 inhabitants",159.4
2025,,Retired,,Araba/Álava,"Per 10,000 inhabitants",17.3
2021,,Retired,,Araba/Álava,"Per 10,000 inhabitants",12.6
2020,,Retired,,Araba/Álava,"Per 10,000 inhabitants",12.0
2025,,,,Araba/Álava,"Per 10,000 inhabitants",182.2
2010,,Not retired,,Araba/Álava,"Per 10,000 inhabitants",141.0
2016,,Not retired,,Araba/Álava,"Per 10,000 inhabitants",156.0
2015,,Not retired,,Araba/Álava,"Per 10,000 inhabitants",154.7
2019,,Not retired,,Araba/Álava,"Per 10,000 inhabitants",157.7
2017,,,,Araba/Álava,"Per 10,000 inhabitants",166.5
2021,,,,Araba/Álava,"Per 10,000 inhabitants",174.2
2024,,Not retired,,Araba/Álava,"Per 10,000 inhabitants",162.7
2011,,Retired,,Araba/Álava,"Per 10,000 inhabitants",5.5
2010,,Retired,,Araba/Álava,"Per 10,000 inhabitants",4.7
2016,,,,Araba/Álava,"Per 10,000 inhabitants",164.6
2012,,Retired,,Araba/Álava,"Per 10,000 inhabitants",5.1
2014,,Retired,,Araba/Álava,"Per 10,000 inhabitants",5.9
2013,,,,Araba/Álava,"Per 10,000 inhabitants",155.7
2025,,Not retired,,Araba/Álava,"Per 10,000 inhabitants",165.0
2024,,,,Araba/Álava,"Per 10,000 inhabitants",178.7
2022,,Retired,,Araba/Álava,"Per 10,000 inhabitants",14.1
2010,,,,Araba/Álava,"Per 10,000 inhabitants",145.9
2023,,,,Araba/Álava,"Per 10,000 inhabitants",176.9
2018,,Not retired,,Araba/Álava,"Per 10,000 inhabitants",158.2
2011,,,,Araba/Álava,"Per 10,000 inhabitants",149.6
2023,,Not retired,,Araba/Álava,"Per 10,000 inhabitants",161.8
2012,,Not retired,,Araba/Álava,"Per 10,000 inhabitants",148.5
2011,,Not retired,,Araba/Álava,"Per 10,000 inhabitants",138.2
2018,,,,Araba/Álava,"Per 10,000 inhabitants",168.3
2015,,,,Araba/Álava,"Per 10,000 inhabitants",162.1
2022,,,,Araba/Álava,"Per 10,000 inhabitants",175.5
2012,,,,Araba/Álava,"Per 10,000 inhabitants",153.7
2018,,Retired,,Araba/Álava,"Per 10,000 inhabitants",10.1
2010,,Not retired,,Bizkaia,"Per 10,000 inhabitants",138.6
2022,,,,Bizkaia,"Per 10,000 inhabitants",181.0
2010,,Retired,,Bizkaia,"Per 10,000 inhabitants",5.4
2017,,Not retired,,Bizkaia,"Per 10,000 inhabitants",155.6
2017,,Retired,,Bizkaia,"Per 10,000 inhabitants",9.0
2013,,,,Bizkaia,"Per 10,000 inhabitants",153.3
2025,,,,Bizkaia,"Per 10,000 inhabitants",191.4
2016,,,,Bizkaia,"Per 10,000 inhabitants",162.3
2022,,Not retired,,Bizkaia,"Per 10,000 inhabitants",166.4
2023,,Not retired,,Bizkaia,"Per 10,000 inhabitants",167.5
2024,,,,Bizkaia,"Per 10,000 inhabitants",187.2
2020,,Not retired,,Bizkaia,"Per 10,000 inhabitants",162.5
2024,,Retired,,Bizkaia,"Per 10,000 inhabitants",18.0
2018,,,,Bizkaia,"Per 10,000 inhabitants",168.2
2011,,Not retired,,Bizkaia,"Per 10,000 inhabitants",134.2
2018,,Retired,,Bizkaia,"Per 10,000 inhabitants",9.9
2025,,Not retired,,Bizkaia,"Per 10,000 inhabitants",171.9
2022,,Retired,,Bizkaia,"Per 10,000 inhabitants",14.6
2014,,Retired,,Bizkaia,"Per 10,000 inhabitants",6.6
2013,,Retired,,Bizkaia,"Per 10,000 inhabitants",6.3
2020,,Retired,,Bizkaia,"Per 10,000 inhabitants",13.1
2025,,Retired,,Bizkaia,"Per 10,000 inhabitants",19.5
2021,,Not retired,,Bizkaia,"Per 10,000 inhabitants",164.3
2021,,Retired,,Bizkaia,"Per 10,000 inhabitants",14.4
2015,,Retired,,Bizkaia,"Per 10,000 inhabitants",7.1
2014,,Not retired,,Bizkaia,"Per 10,000 inhabitants",148.9
2015,,Not retired,,Bizkaia,"Per 10,000 inhabitants",151.8
2011,,Retired,,Bizkaia,"Per 10,000 inhabitants",5.8
2014,,,,Bizkaia,"Per 10,000 inhabitants",156.0
2020,,,,Bizkaia,"Per 10,000 inhabitants",176.0
2013,,Not retired,,Bizkaia,"Per 10,000 inhabitants",146.5
2012,,,,Bizkaia,"Per 10,000 inhabitants",150.9
2023,,Retired,,Bizkaia,"Per 10,000 inhabitants",16.8
2021,,,,Bizkaia,"Per 10,000 inhabitants",179.2
2024,,Not retired,,Bizkaia,"Per 10,000 inhabitants",169.1
2019,,,,Bizkaia,"Per 10,000 inhabitants",170.8
2010,,,,Bizkaia,"Per 10,000 inhabitants",144.3
2017,,,,Bizkaia,"Per 10,000 inhabitants",165.0
2019,,Not retired,,Bizkaia,"Per 10,000 inhabitants",158.6
2012,,Retired,,Bizkaia,"Per 10,000 inhabitants",6.3
2016,,Not retired,,Bizkaia,"Per 10,000 inhabitants",154.0
2023,,,,Bizkaia,"Per 10,000 inhabitants",184.4
2018,,Not retired,,Bizkaia,"Per 10,000 inhabitants",157.9
2016,,Retired,,Bizkaia,"Per 10,000 inhabitants",7.9
2011,,,,Bizkaia,"Per 10,000 inhabitants",148.2
2012,,Not retired,,Bizkaia,"Per 10,000 inhabitants",144.2
2015,,,,Bizkaia,"Per 10,000 inhabitants",159.4
2019,,Retired,,Bizkaia,"Per 10,000 inhabitants",11.8
2010,,Not retired,,Gipuzkoa,"Per 10,000 inhabitants",135.6
2023,,,,Gipuzkoa,"Per 10,000 inhabitants",194.7
2013,,Not retired,,Gipuzkoa,"Per 10,000 inhabitants",139.4
2019,,Retired,,Gipuzkoa,"Per 10,000 inhabitants",11.7
2023,,Retired,,Gipuzkoa,"Per 10,000 inhabitants",42.3
2012,,,,Gipuzkoa,"Per 10,000 inhabitants",144.3
2025,,Retired,,Gipuzkoa,"Per 10,000 inhabitants",41.1
2015,,Not retired,,Gipuzkoa,"Per 10,000 inhabitants",142.2
2018,,,,Gipuzkoa,"Per 10,000 inhabitants",154.3
2010,,Retired,,Gipuzkoa,"Per 10,000 inhabitants",4.4
2022,,Retired,,Gipuzkoa,"Per 10,000 inhabitants",15.6
2018,,Not retired,,Gipuzkoa,"Per 10,000 inhabitants",144.0
2017,,,,Gipuzkoa,"Per 10,000 inhabitants",152.9
2014,,Not retired,,Gipuzkoa,"Per 10,000 inhabitants",141.5
2014,,Retired,,Gipuzkoa,"Per 10,000 inhabitants",7.0
2022,,Not retired,,Gipuzkoa,"Per 10,000 inhabitants",151.3
2024,,Retired,,Gipuzkoa,"Per 10,000 inhabitants",38.2
2013,,Retired,,Gipuzkoa,"Per 10,000 inhabitants",6.4
2021,,,,Gipuzkoa,"Per 10,000 inhabitants",164.7
2014,,,,Gipuzkoa,"Per 10,000 inhabitants",148.5
2020,,,,Gipuzkoa,"Per 10,000 inhabitants",161.9
2025,,Not retired,,Gipuzkoa,"Per 10,000 inhabitants",155.5
2011,,Retired,,Gipuzkoa,"Per 10,000 inhabitants",4.6
2016,,Not retired,,Gipuzkoa,"Per 10,000 inhabitants",143.3
2016,,Retired,,Gipuzkoa,"Per 10,000 inhabitants",8.6
2015,,,,Gipuzkoa,"Per 10,000 inhabitants",150.2
2013,,,,Gipuzkoa,"Per 10,000 inhabitants",145.8
2023,,Not retired,,Gipuzkoa,"Per 10,000 inhabitants",152.4
2019,,,,Gipuzkoa,"Per 10,000 inhabitants",157.3
2018,,Retired,,Gipuzkoa,"Per 10,000 inhabitants",10.3
2019,,Not retired,,Gipuzkoa,"Per 10,000 inhabitants",145.6
2020,,Not retired,,Gipuzkoa,"Per 10,000 inhabitants",149.1
2022,,,,Gipuzkoa,"Per 10,000 inhabitants",167.0
2017,,Not retired,,Gipuzkoa,"Per 10,000 inhabitants",143.5
2011,,Not retired,,Gipuzkoa,"Per 10,000 inhabitants",130.7
2012,,Not retired,,Gipuzkoa,"Per 10,000 inhabitants",138.3
2020,,Retired,,Gipuzkoa,"Per 10,000 inhabitants",12.8
2016,,,,Gipuzkoa,"Per 10,000 inhabitants",151.8
2025,,,,Gipuzkoa,"Per 10,000 inhabitants",196.6
2010,,,,Gipuzkoa,"Per 10,000 inhabitants",140.0
2024,,,,Gipuzkoa,"Per 10,000 inhabitants",191.8
2021,,Retired,,Gipuzkoa,"Per 10,000 inhabitants",14.0
2015,,Retired,,Gipuzkoa,"Per 10,000 inhabitants",8.0
2011,,,,Gipuzkoa,"Per 10,000 inhabitants",142.8
2017,,Retired,,Gipuzkoa,"Per 10,000 inhabitants",9.4
2021,,Not retired,,Gipuzkoa,"Per 10,000 inhabitants",150.8
2024,,Not retired,,Gipuzkoa,"Per 10,000 inhabitants",153.5
2012,,Retired,,Gipuzkoa,"Per 10,000 inhabitants",6.0
2017,,Not retired,Female,,"Per 10,000 inhabitants",225.4
2010,,Retired,Female,,"Per 10,000 inhabitants",2.1
2024,,Not retired,Female,,"Per 10,000 inhabitants",247.4
2017,,,Female,,"Per 10,000 inhabitants",231.4
2020,,Retired,Female,,"Per 10,000 inhabitants",8.9
2012,,Retired,Female,,"Per 10,000 inhabitants",2.8
2011,,Retired,Female,,"Per 10,000 inhabitants",2.7
2020,,,Female,,"Per 10,000 inhabitants",245.2
2023,,,Female,,"Per 10,000 inhabitants",271.4
2021,,,Female,,"Per 10,000 inhabitants",249.8
2021,,Retired,Female,,"Per 10,000 inhabitants",10.1
2012,,Not retired,Female,,"Per 10,000 inhabitants",208.1
2013,,,Female,,"Per 10,000 inhabitants",215.2
2021,,Not retired,Female,,"Per 10,000 inhabitants",239.3
2016,,Retired,Female,,"Per 10,000 inhabitants",4.8
2022,,,Female,,"Per 10,000 inhabitants",252.6
2014,,,Female,,"Per 10,000 inhabitants",219.8
2011,,,Female,,"Per 10,000 inhabitants",205.6
2011,,Not retired,Female,,"Per 10,000 inhabitants",195.7
2018,,Retired,Female,,"Per 10,000 inhabitants",6.6
2016,,,Female,,"Per 10,000 inhabitants",228.0
2022,,Not retired,Female,,"Per 10,000 inhabitants",241.7
2017,,Retired,Female,,"Per 10,000 inhabitants",5.7
2023,,Not retired,Female,,"Per 10,000 inhabitants",244.4
2014,,Not retired,Female,,"Per 10,000 inhabitants",216.1
2018,,Not retired,Female,,"Per 10,000 inhabitants",228.0
2019,,,Female,,"Per 10,000 inhabitants",238.1
2013,,Not retired,Female,,"Per 10,000 inhabitants",211.9
2016,,Not retired,Female,,"Per 10,000 inhabitants",222.9
2020,,Not retired,Female,,"Per 10,000 inhabitants",236.0
2015,,Not retired,Female,,"Per 10,000 inhabitants",220.1
2015,,Retired,Female,,"Per 10,000 inhabitants",3.9
2022,,Retired,Female,,"Per 10,000 inhabitants",10.9
2012,,,Female,,"Per 10,000 inhabitants",211.3
2015,,,Female,,"Per 10,000 inhabitants",224.4
2018,,,Female,,"Per 10,000 inhabitants",234.8
2010,,Not retired,Female,,"Per 10,000 inhabitants",198.8
2010,,,Female,,"Per 10,000 inhabitants",201.2
2025,,Not retired,Female,,"Per 10,000 inhabitants",252.0
2025,,Retired,Female,,"Per 10,000 inhabitants",28.3
2019,,Not retired,Female,,"Per 10,000 inhabitants",229.9
2013,,Retired,Female,,"Per 10,000 inhabitants",2.9
2024,,,Female,,"Per 10,000 inhabitants",273.3
2014,,Retired,Female,,"Per 10,000 inhabitants",3.2
2024,,Retired,Female,,"Per 10,000 inhabitants",25.9
2019,,Retired,Female,,"Per 10,000 inhabitants",7.9
2025,,,Female,,"Per 10,000 inhabitants",280.3
2023,,Retired,Female,,"Per 10,000 inhabitants",27.1
2016,,Retired,Female,Araba/Álava,"Per 10,000 inhabitants",4.8
2022,,Not retired,Female,Araba/Álava,"Per 10,000 inhabitants",252.6
2010,,Retired,Female,Araba/Álava,"Per 10,000 inhabitants",2.3
2014,,Not retired,Female,Araba/Álava,"Per 10,000 inhabitants",236.4
2021,,Retired,Female,Araba/Álava,"Per 10,000 inhabitants",8.3
2020,,Not retired,Female,Araba/Álava,"Per 10,000 inhabitants",248.3
2010,,,Female,Araba/Álava,"Per 10,000 inhabitants",216.1
2021,,Not retired,Female,Araba/Álava,"Per 10,000 inhabitants",250.6
2013,,Retired,Female,Araba/Álava,"Per 10,000 inhabitants",2.1
2015,,Not retired,Female,Araba/Álava,"Per 10,000 inhabitants",238.9
2021,,,Female,Araba/Álava,"Per 10,000 inhabitants",258.9
2012,,,Female,Araba/Álava,"Per 10,000 inhabitants",229.9
2024,,,Female,Araba/Álava,"Per 10,000 inhabitants",267.6
2017,,,Female,Araba/Álava,"Per 10,000 inhabitants",248.5
2010,,Not retired,Female,Araba/Álava,"Per 10,000 inhabitants",213.8
2011,,Retired,Female,Araba/Álava,"Per 10,000 inhabitants",3.8
2022,,,Female,Araba/Álava,"Per 10,000 inhabitants",262.2
2013,,,Female,Araba/Álava,"Per 10,000 inhabitants",233.0
2025,,Not retired,Female,Araba/Álava,"Per 10,000 inhabitants",258.4
2022,,Retired,Female,Araba/Álava,"Per 10,000 inhabitants",9.6
2023,,Not retired,Female,Araba/Álava,"Per 10,000 inhabitants",253.4
2011,,Not retired,Female,Araba/Álava,"Per 10,000 inhabitants",212.9
2024,,Not retired,Female,Araba/Álava,"Per 10,000 inhabitants",254.6
2011,,,Female,Araba/Álava,"Per 10,000 inhabitants",222.3
2025,,Retired,Female,Araba/Álava,"Per 10,000 inhabitants",14.7
2020,,,Female,Araba/Álava,"Per 10,000 inhabitants",256.1
2024,,Retired,Female,Araba/Álava,"Per 10,000 inhabitants",13.0
2016,,Not retired,Female,Araba/Álava,"Per 10,000 inhabitants",241.4
2018,,Not retired,Female,Araba/Álava,"Per 10,000 inhabitants",245.4
2017,,Not retired,Female,Araba/Álava,"Per 10,000 inhabitants",243.2
2012,,Not retired,Female,Araba/Álava,"Per 10,000 inhabitants",227.5
2013,,Not retired,Female,Araba/Álava,"Per 10,000 inhabitants",230.8
2020,,Retired,Female,Araba/Álava,"Per 10,000 inhabitants",7.8
2023,,,Female,Araba/Álava,"Per 10,000 inhabitants",264.4
2025,,,Female,Araba/Álava,"Per 10,000 inhabitants",273.0
2019,,,Female,Araba/Álava,"Per 10,000 inhabitants",251.0
2016,,,Female,Araba/Álava,"Per 10,000 inhabitants",246.1
2018,,Retired,Female,Araba/Álava,"Per 10,000 inhabitants",5.9
2023,,Retired,Female,Araba/Álava,"Per 10,000 inhabitants",11.0
2019,,Not retired,Female,Araba/Álava,"Per 10,000 inhabitants",243.8
2018,,,Female,Araba/Álava,"Per 10,000 inhabitants",251.2
2014,,Retired,Female,Araba/Álava,"Per 10,000 inhabitants",2.1
2015,,,Female,Araba/Álava,"Per 10,000 inhabitants",242.7
2015,,Retired,Female,Araba/Álava,"Per 10,000 inhabitants",3.9
2012,,Retired,Female,Araba/Álava,"Per 10,000 inhabitants",2.3
2014,,,Female,Araba/Álava,"Per 10,000 inhabitants",238.5
2017,,Retired,Female,Araba/Álava,"Per 10,000 inhabitants",5.4
2019,,Retired,Female,Araba/Álava,"Per 10,000 inhabitants",7.1
2019,,Retired,Female,Bizkaia,"Per 10,000 inhabitants",7.7
2018,,Retired,Female,Bizkaia,"Per 10,000 inhabitants",6.2
2023,,Retired,Female,Bizkaia,"Per 10,000 inhabitants",12.1
2025,,Retired,Female,Bizkaia,"Per 10,000 inhabitants",14.7
2011,,,Female,Bizkaia,"Per 10,000 inhabitants",202.2
2013,,Retired,Female,Bizkaia,"Per 10,000 inhabitants",2.8
2015,,Not retired,Female,Bizkaia,"Per 10,000 inhabitants",216.9
2016,,Retired,Female,Bizkaia,"Per 10,000 inhabitants",4.4
2021,,,Female,Bizkaia,"Per 10,000 inhabitants",249.8
2014,,Not retired,Female,Bizkaia,"Per 10,000 inhabitants",211.6
2023,,,Female,Bizkaia,"Per 10,000 inhabitants",257.4
2020,,,Female,Bizkaia,"Per 10,000 inhabitants",245.0
2010,,Retired,Female,Bizkaia,"Per 10,000 inhabitants",2.1
2011,,Not retired,Female,Bizkaia,"Per 10,000 inhabitants",191.9
2010,,Not retired,Female,Bizkaia,"Per 10,000 inhabitants",193.2
2020,,Not retired,Female,Bizkaia,"Per 10,000 inhabitants",235.6
2018,,Not retired,Female,Bizkaia,"Per 10,000 inhabitants",227.4
2021,,Not retired,Female,Bizkaia,"Per 10,000 inhabitants",238.9
2025,,Not retired,Female,Bizkaia,"Per 10,000 inhabitants",254.2
2023,,Not retired,Female,Bizkaia,"Per 10,000 inhabitants",245.3
2014,,Retired,Female,Bizkaia,"Per 10,000 inhabitants",3.0
2020,,Retired,Female,Bizkaia,"Per 10,000 inhabitants",8.7
2012,,Retired,Female,Bizkaia,"Per 10,000 inhabitants",2.8
2022,,,Female,Bizkaia,"Per 10,000 inhabitants",252.7
2013,,Not retired,Female,Bizkaia,"Per 10,000 inhabitants",207.9
2024,,Retired,Female,Bizkaia,"Per 10,000 inhabitants",13.2
2012,,,Female,Bizkaia,"Per 10,000 inhabitants",208.3
2016,,Not retired,Female,Bizkaia,"Per 10,000 inhabitants",220.5
2017,,Retired,Female,Bizkaia,"Per 10,000 inhabitants",5.3
2018,,,Female,Bizkaia,"Per 10,000 inhabitants",234.2
2019,,Not retired,Female,Bizkaia,"Per 10,000 inhabitants",229.6
2022,,Not retired,Female,Bizkaia,"Per 10,000 inhabitants",242.7
2024,,,Female,Bizkaia,"Per 10,000 inhabitants",262.1
2015,,,Female,Bizkaia,"Per 10,000 inhabitants",221.2
2019,,,Female,Bizkaia,"Per 10,000 inhabitants",238.0
2021,,Retired,Female,Bizkaia,"Per 10,000 inhabitants",10.2
2014,,,Female,Bizkaia,"Per 10,000 inhabitants",215.4
2016,,,Female,Bizkaia,"Per 10,000 inhabitants",225.6
2017,,,Female,Bizkaia,"Per 10,000 inhabitants",229.7
2015,,Retired,Female,Bizkaia,"Per 10,000 inhabitants",3.5
2022,,Retired,Female,Bizkaia,"Per 10,000 inhabitants",10.0
2013,,,Female,Bizkaia,"Per 10,000 inhabitants",211.4
2025,,,Female,Bizkaia,"Per 10,000 inhabitants",268.9
2010,,,Female,Bizkaia,"Per 10,000 inhabitants",195.9
2012,,Not retired,Female,Bizkaia,"Per 10,000 inhabitants",204.9
2017,,Not retired,Female,Bizkaia,"Per 10,000 inhabitants",223.8
2011,,Retired,Female,Bizkaia,"Per 10,000 inhabitants",2.5
2024,,Not retired,Female,Bizkaia,"Per 10,000 inhabitants",249.0
2017,,Not retired,Female,Gipuzkoa,"Per 10,000 inhabitants",219.9
2013,,Not retired,Female,Gipuzkoa,"Per 10,000 inhabitants",210.2
2017,,,Female,Gipuzkoa,"Per 10,000 inhabitants",226.3
2016,,Retired,Female,Gipuzkoa,"Per 10,000 inhabitants",5.4
2020,,Retired,Female,Gipuzkoa,"Per 10,000 inhabitants",9.6
2015,,Retired,Female,Gipuzkoa,"Per 10,000 inhabitants",4.7
2010,,Not retired,Female,Gipuzkoa,"Per 10,000 inhabitants",201.3
2021,,Not retired,Female,Gipuzkoa,"Per 10,000 inhabitants",234.7
2012,,,Female,Gipuzkoa,"Per 10,000 inhabitants",207.9
2023,,Retired,Female,Gipuzkoa,"Per 10,000 inhabitants",58.6
2022,,Retired,Female,Gipuzkoa,"Per 10,000 inhabitants",12.9
2014,,,Female,Gipuzkoa,"Per 10,000 inhabitants",218.5
2023,,Not retired,Female,Gipuzkoa,"Per 10,000 inhabitants",238.7
2019,,Not retired,Female,Gipuzkoa,"Per 10,000 inhabitants",224.0
2022,,,Female,Gipuzkoa,"Per 10,000 inhabitants",248.2
2010,,,Female,Gipuzkoa,"Per 10,000 inhabitants",203.3
2017,,Retired,Female,Gipuzkoa,"Per 10,000 inhabitants",6.4
2019,,Retired,Female,Gipuzkoa,"Per 10,000 inhabitants",8.6
2012,,Retired,Female,Gipuzkoa,"Per 10,000 inhabitants",3.2
2018,,,Female,Gipuzkoa,"Per 10,000 inhabitants",228.5
2012,,Not retired,Female,Gipuzkoa,"Per 10,000 inhabitants",204.7
2015,,Not retired,Female,Gipuzkoa,"Per 10,000 inhabitants",216.8
2023,,,Female,Gipuzkoa,"Per 10,000 inhabitants",297.3
2019,,,Female,Gipuzkoa,"Per 10,000 inhabitants",232.6
2010,,Retired,Female,Gipuzkoa,"Per 10,000 inhabitants",2.0
2013,,Retired,Female,Gipuzkoa,"Per 10,000 inhabitants",3.5
2015,,,Female,Gipuzkoa,"Per 10,000 inhabitants",221.5
2021,,,Female,Gipuzkoa,"Per 10,000 inhabitants",245.4
2025,,,Female,Gipuzkoa,"Per 10,000 inhabitants",302.1
2011,,,Female,Gipuzkoa,"Per 10,000 inhabitants",203.7
2016,,,Female,Gipuzkoa,"Per 10,000 inhabitants",223.9
2025,,Not retired,Female,Gipuzkoa,"Per 10,000 inhabitants",245.6
2024,,Not retired,Female,Gipuzkoa,"Per 10,000 inhabitants",241.7
2020,,Not retired,Female,Gipuzkoa,"Per 10,000 inhabitants",231.0
2018,,Not retired,Female,Gipuzkoa,"Per 10,000 inhabitants",221.0
2016,,Not retired,Female,Gipuzkoa,"Per 10,000 inhabitants",218.5
2022,,Not retired,Female,Gipuzkoa,"Per 10,000 inhabitants",235.2
2024,,Retired,Female,Gipuzkoa,"Per 10,000 inhabitants",52.4
2021,,Retired,Female,Gipuzkoa,"Per 10,000 inhabitants",10.7
2011,,Not retired,Female,Gipuzkoa,"Per 10,000 inhabitants",194.4
2014,,Retired,Female,Gipuzkoa,"Per 10,000 inhabitants",4.0
2014,,Not retired,Female,Gipuzkoa,"Per 10,000 inhabitants",214.5
2020,,,Female,Gipuzkoa,"Per 10,000 inhabitants",240.6
2013,,,Female,Gipuzkoa,"Per 10,000 inhabitants",213.6
2025,,Retired,Female,Gipuzkoa,"Per 10,000 inhabitants",56.6
2011,,Retired,Female,Gipuzkoa,"Per 10,000 inhabitants",2.4
2024,,,Female,Gipuzkoa,"Per 10,000 inhabitants",294.0
2018,,Retired,Female,Gipuzkoa,"Per 10,000 inhabitants",7.4
2013,,Not retired,Male,,"Per 10,000 inhabitants",73.9
2015,,Not retired,Male,,"Per 10,000 inhabitants",74.0
2022,,Retired,Male,,"Per 10,000 inhabitants",19.0
2017,,Retired,Male,,"Per 10,000 inhabitants",12.9
2013,,Retired,Male,,"Per 10,000 inhabitants",9.7
2020,,Not retired,Male,,"Per 10,000 inhabitants",74.8
2017,,,Male,,"Per 10,000 inhabitants",86.8
2010,,Retired,Male,,"Per 10,000 inhabitants",7.9
2016,,Not retired,Male,,"Per 10,000 inhabitants",74.3
2023,,Retired,Male,,"Per 10,000 inhabitants",22.6
2015,,Retired,Male,,"Per 10,000 inhabitants",11.1
2025,,Not retired,Male,,"Per 10,000 inhabitants",73.8
2014,,Not retired,Male,,"Per 10,000 inhabitants",74.3
2016,,,Male,,"Per 10,000 inhabitants",86.3
2018,,Retired,Male,,"Per 10,000 inhabitants",13.8
2012,,,Male,,"Per 10,000 inhabitants",83.9
2019,,,Male,,"Per 10,000 inhabitants",89.7
2019,,Not retired,Male,,"Per 10,000 inhabitants",73.9
2010,,,Male,,"Per 10,000 inhabitants",82.3
2013,,,Male,,"Per 10,000 inhabitants",83.6
2020,,Retired,Male,,"Per 10,000 inhabitants",17.0
2011,,Retired,Male,,"Per 10,000 inhabitants",8.2
2017,,Not retired,Male,,"Per 10,000 inhabitants",73.9
2018,,Not retired,Male,,"Per 10,000 inhabitants",74.3
2025,,,Male,,"Per 10,000 inhabitants",97.8
2014,,,Male,,"Per 10,000 inhabitants",84.6
2011,,,Male,,"Per 10,000 inhabitants",84.8
2023,,,Male,,"Per 10,000 inhabitants",96.6
2024,,Not retired,Male,,"Per 10,000 inhabitants",73.6
2016,,Retired,Male,,"Per 10,000 inhabitants",11.9
2010,,Not retired,Male,,"Per 10,000 inhabitants",74.2
2025,,Retired,Male,,"Per 10,000 inhabitants",24.0
2022,,Not retired,Male,,"Per 10,000 inhabitants",74.7
2021,,Not retired,Male,,"Per 10,000 inhabitants",74.7
2020,,,Male,,"Per 10,000 inhabitants",91.8
2015,,,Male,,"Per 10,000 inhabitants",85.2
2022,,,Male,,"Per 10,000 inhabitants",93.7
2019,,Retired,Male,,"Per 10,000 inhabitants",15.7
2024,,Retired,Male,,"Per 10,000 inhabitants",22.7
2023,,Not retired,Male,,"Per 10,000 inhabitants",74.0
2021,,,Male,,"Per 10,000 inhabitants",92.9
2012,,Not retired,Male,,"Per 10,000 inhabitants",74.4
2018,,,Male,,"Per 10,000 inhabitants",88.2
2021,,Retired,Male,,"Per 10,000 inhabitants",18.2
2014,,Retired,Male,,"Per 10,000 inhabitants",10.2
2024,,,Male,,"Per 10,000 inhabitants",96.3
2012,,Retired,Male,,"Per 10,000 inhabitants",9.4
2011,,Not retired,Male,,"Per 10,000 inhabitants",68.5
2015,,Retired,Male,Araba/Álava,"Per 10,000 inhabitants",11.0
2020,,Retired,Male,Araba/Álava,"Per 10,000 inhabitants",16.3
2011,,,Male,Araba/Álava,"Per 10,000 inhabitants",76.3
2022,,,Male,Araba/Álava,"Per 10,000 inhabitants",85.6
2015,,Not retired,Male,Araba/Álava,"Per 10,000 inhabitants",68.4
2010,,,Male,Araba/Álava,"Per 10,000 inhabitants",75.2
2016,,Not retired,Male,Araba/Álava,"Per 10,000 inhabitants",68.1
2021,,,Male,Araba/Álava,"Per 10,000 inhabitants",86.3
2017,,Not retired,Male,Araba/Álava,"Per 10,000 inhabitants",68.1
2024,,Retired,Male,Araba/Álava,"Per 10,000 inhabitants",19.2
2025,,Not retired,Male,Araba/Álava,"Per 10,000 inhabitants",68.1
2010,,Retired,Male,Araba/Álava,"Per 10,000 inhabitants",7.2
2023,,,Male,Araba/Álava,"Per 10,000 inhabitants",86.2
2021,,Not retired,Male,Araba/Álava,"Per 10,000 inhabitants",69.2
2014,,,Male,Araba/Álava,"Per 10,000 inhabitants",78.6
2012,,Retired,Male,Araba/Álava,"Per 10,000 inhabitants",8.0
2015,,,Male,Araba/Álava,"Per 10,000 inhabitants",79.4
2016,,,Male,Araba/Álava,"Per 10,000 inhabitants",80.6
2023,,Not retired,Male,Araba/Álava,"Per 10,000 inhabitants",66.8
2025,,,Male,Araba/Álava,"Per 10,000 inhabitants",88.0
2024,,Not retired,Male,Araba/Álava,"Per 10,000 inhabitants",67.3
2016,,Retired,Male,Araba/Álava,"Per 10,000 inhabitants",12.5
2017,,Retired,Male,Araba/Álava,"Per 10,000 inhabitants",13.7
2012,,,Male,Araba/Álava,"Per 10,000 inhabitants",76.3
2018,,Retired,Male,Araba/Álava,"Per 10,000 inhabitants",14.5
2014,,Retired,Male,Araba/Álava,"Per 10,000 inhabitants",9.7
2025,,Retired,Male,Araba/Álava,"Per 10,000 inhabitants",20.0
2018,,Not retired,Male,Araba/Álava,"Per 10,000 inhabitants",68.1
2011,,Not retired,Male,Araba/Álava,"Per 10,000 inhabitants",62.9
2011,,Retired,Male,Araba/Álava,"Per 10,000 inhabitants",7.2
2012,,Not retired,Male,Araba/Álava,"Per 10,000 inhabitants",68.3
2017,,,Male,Araba/Álava,"Per 10,000 inhabitants",81.8
2019,,Retired,Male,Araba/Álava,"Per 10,000 inhabitants",15.3
2010,,Not retired,Male,Araba/Álava,"Per 10,000 inhabitants",67.7
2022,,Not retired,Male,Araba/Álava,"Per 10,000 inhabitants",66.9
2021,,Retired,Male,Araba/Álava,"Per 10,000 inhabitants",17.1
2019,,,Male,Araba/Álava,"Per 10,000 inhabitants",83.9
2013,,Not retired,Male,Araba/Álava,"Per 10,000 inhabitants",67.9
2013,,,Male,Araba/Álava,"Per 10,000 inhabitants",77.0
2013,,Retired,Male,Araba/Álava,"Per 10,000 inhabitants",9.0
2014,,Not retired,Male,Araba/Álava,"Per 10,000 inhabitants",68.9
2020,,Not retired,Male,Araba/Álava,"Per 10,000 inhabitants",68.8
2018,,,Male,Araba/Álava,"Per 10,000 inhabitants",82.6
2020,,,Male,Araba/Álava,"Per 10,000 inhabitants",85.1
2023,,Retired,Male,Araba/Álava,"Per 10,000 inhabitants",19.4
2019,,Not retired,Male,Araba/Álava,"Per 10,000 inhabitants",68.6
2022,,Retired,Male,Araba/Álava,"Per 10,000 inhabitants",18.7
2024,,,Male,Araba/Álava,"Per 10,000 inhabitants",86.5
2012,,Retired,Male,Bizkaia,"Per 10,000 inhabitants",10.1
2016,,,Male,Bizkaia,"Per 10,000 inhabitants",94.2
2024,,Not retired,Male,Bizkaia,"Per 10,000 inhabitants",83.4
2021,,Not retired,Male,Bizkaia,"Per 10,000 inhabitants",83.9
2022,,Not retired,Male,Bizkaia,"Per 10,000 inhabitants",84.2
2014,,Not retired,Male,Bizkaia,"Per 10,000 inhabitants",81.5
2015,,Retired,Male,Bizkaia,"Per 10,000 inhabitants",10.9
2015,,Not retired,Male,Bizkaia,"Per 10,000 inhabitants",81.7
2025,,Retired,Male,Bizkaia,"Per 10,000 inhabitants",24.6
2018,,Retired,Male,Bizkaia,"Per 10,000 inhabitants",14.0
2025,,,Male,Bizkaia,"Per 10,000 inhabitants",108.2
2016,,Retired,Male,Bizkaia,"Per 10,000 inhabitants",11.7
2020,,,Male,Bizkaia,"Per 10,000 inhabitants",101.6
2014,,,Male,Bizkaia,"Per 10,000 inhabitants",92.2
2019,,,Male,Bizkaia,"Per 10,000 inhabitants",98.5
2017,,Retired,Male,Bizkaia,"Per 10,000 inhabitants",12.9
2012,,Not retired,Male,Bizkaia,"Per 10,000 inhabitants",79.3
2013,,Not retired,Male,Bizkaia,"Per 10,000 inhabitants",80.7
2017,,,Male,Bizkaia,"Per 10,000 inhabitants",95.2
2019,,Retired,Male,Bizkaia,"Per 10,000 inhabitants",16.3
2022,,Retired,Male,Bizkaia,"Per 10,000 inhabitants",19.5
2011,,Retired,Male,Bizkaia,"Per 10,000 inhabitants",9.3
2016,,Not retired,Male,Bizkaia,"Per 10,000 inhabitants",82.3
2018,,,Male,Bizkaia,"Per 10,000 inhabitants",97.1
2021,,,Male,Bizkaia,"Per 10,000 inhabitants",102.9
2010,,Not retired,Male,Bizkaia,"Per 10,000 inhabitants",80.3
2014,,Retired,Male,Bizkaia,"Per 10,000 inhabitants",10.5
2012,,,Male,Bizkaia,"Per 10,000 inhabitants",89.5
2021,,Retired,Male,Bizkaia,"Per 10,000 inhabitants",19.0
2010,,Retired,Male,Bizkaia,"Per 10,000 inhabitants",8.8
2022,,,Male,Bizkaia,"Per 10,000 inhabitants",103.7
2023,,,Male,Bizkaia,"Per 10,000 inhabitants",105.7
2024,,Retired,Male,Bizkaia,"Per 10,000 inhabitants",23.2
2011,,Not retired,Male,Bizkaia,"Per 10,000 inhabitants",72.6
2013,,Retired,Male,Bizkaia,"Per 10,000 inhabitants",10.0
2020,,Retired,Male,Bizkaia,"Per 10,000 inhabitants",17.7
2015,,,Male,Bizkaia,"Per 10,000 inhabitants",92.9
2025,,Not retired,Male,Bizkaia,"Per 10,000 inhabitants",83.6
2013,,,Male,Bizkaia,"Per 10,000 inhabitants",90.9
2018,,Not retired,Male,Bizkaia,"Per 10,000 inhabitants",83.0
2024,,,Male,Bizkaia,"Per 10,000 inhabitants",106.6
2010,,,Male,Bizkaia,"Per 10,000 inhabitants",89.3
2017,,Not retired,Male,Bizkaia,"Per 10,000 inhabitants",82.1
2020,,Not retired,Male,Bizkaia,"Per 10,000 inhabitants",83.8
2011,,,Male,Bizkaia,"Per 10,000 inhabitants",90.5
2023,,Retired,Male,Bizkaia,"Per 10,000 inhabitants",21.9
2019,,Not retired,Male,Bizkaia,"Per 10,000 inhabitants",82.1
2023,,Not retired,Male,Bizkaia,"Per 10,000 inhabitants",83.8
2022,,Retired,Male,Gipuzkoa,"Per 10,000 inhabitants",18.4
2013,,Retired,Male,Gipuzkoa,"Per 10,000 inhabitants",9.4
2021,,Not retired,Male,Gipuzkoa,"Per 10,000 inhabitants",62.9
2025,,Not retired,Male,Gipuzkoa,"Per 10,000 inhabitants",61.1
2011,,Not retired,Male,Gipuzkoa,"Per 10,000 inhabitants",64.5
2017,,,Male,Gipuzkoa,"Per 10,000 inhabitants",76.1
2013,,,Male,Gipuzkoa,"Per 10,000 inhabitants",75.1
2012,,Retired,Male,Gipuzkoa,"Per 10,000 inhabitants",9.0
2011,,Retired,Male,Gipuzkoa,"Per 10,000 inhabitants",6.8
2018,,Retired,Male,Gipuzkoa,"Per 10,000 inhabitants",13.3
2015,,,Male,Gipuzkoa,"Per 10,000 inhabitants",75.8
2018,,Not retired,Male,Gipuzkoa,"Per 10,000 inhabitants",63.4
2017,,Not retired,Male,Gipuzkoa,"Per 10,000 inhabitants",63.5
2010,,Not retired,Male,Gipuzkoa,"Per 10,000 inhabitants",67.4
2014,,,Male,Gipuzkoa,"Per 10,000 inhabitants",75.5
2018,,,Male,Gipuzkoa,"Per 10,000 inhabitants",76.7
2019,,,Male,Gipuzkoa,"Per 10,000 inhabitants",78.5
2020,,,Male,Gipuzkoa,"Per 10,000 inhabitants",79.6
2023,,,Male,Gipuzkoa,"Per 10,000 inhabitants",87.1
2025,,Retired,Male,Gipuzkoa,"Per 10,000 inhabitants",24.9
2019,,Retired,Male,Gipuzkoa,"Per 10,000 inhabitants",14.9
2017,,Retired,Male,Gipuzkoa,"Per 10,000 inhabitants",12.6
2021,,,Male,Gipuzkoa,"Per 10,000 inhabitants",80.3
2012,,,Male,Gipuzkoa,"Per 10,000 inhabitants",78.3
2014,,Retired,Male,Gipuzkoa,"Per 10,000 inhabitants",10.0
2011,,,Male,Gipuzkoa,"Per 10,000 inhabitants",79.5
2022,,Not retired,Male,Gipuzkoa,"Per 10,000 inhabitants",63.3
2020,,Not retired,Male,Gipuzkoa,"Per 10,000 inhabitants",63.4
2014,,Not retired,Male,Gipuzkoa,"Per 10,000 inhabitants",65.4
2019,,Not retired,Male,Gipuzkoa,"Per 10,000 inhabitants",63.6
2023,,Not retired,Male,Gipuzkoa,"Per 10,000 inhabitants",61.9
2015,,Not retired,Male,Gipuzkoa,"Per 10,000 inhabitants",64.3
2012,,Not retired,Male,Gipuzkoa,"Per 10,000 inhabitants",69.4
2024,,Not retired,Male,Gipuzkoa,"Per 10,000 inhabitants",61.2
2025,,,Male,Gipuzkoa,"Per 10,000 inhabitants",86.0
2013,,Not retired,Male,Gipuzkoa,"Per 10,000 inhabitants",65.7
2024,,,Male,Gipuzkoa,"Per 10,000 inhabitants",84.6
2010,,Retired,Male,Gipuzkoa,"Per 10,000 inhabitants",6.8
2016,,,Male,Gipuzkoa,"Per 10,000 inhabitants",76.5
2015,,Retired,Male,Gipuzkoa,"Per 10,000 inhabitants",11.5
2023,,Retired,Male,Gipuzkoa,"Per 10,000 inhabitants",25.3
2016,,Not retired,Male,Gipuzkoa,"Per 10,000 inhabitants",64.6
2020,,Retired,Male,Gipuzkoa,"Per 10,000 inhabitants",16.2
2022,,,Male,Gipuzkoa,"Per 10,000 inhabitants",81.7
2021,,Retired,Male,Gipuzkoa,"Per 10,000 inhabitants",17.4
2024,,Retired,Male,Gipuzkoa,"Per 10,000 inhabitants",23.4
2016,,Retired,Male,Gipuzkoa,"Per 10,000 inhabitants",11.9
2010,,,Male,Gipuzkoa,"Per 10,000 inhabitants",74.2
2023,Physician,,,,"Per 10,000 inhabitants",71.8
2020,Physician,,,,"Per 10,000 inhabitants",67.1
2012,Physician,,,,"Per 10,000 inhabitants",57.1
2016,Physician,Not retired,,,"Per 10,000 inhabitants",53.9
2019,Physician,Not retired,,,"Per 10,000 inhabitants",54.8
2017,Physician,Retired,,,"Per 10,000 inhabitants",7.9
2017,Physician,,,,"Per 10,000 inhabitants",62.1
2023,Physician,Not retired,,,"Per 10,000 inhabitants",57.1
2013,Physician,,,,"Per 10,000 inhabitants",58.2
2016,Physician,Retired,,,"Per 10,000 inhabitants",7.1
2025,Physician,Not retired,,,"Per 10,000 inhabitants",58.3
2025,Physician,Retired,,,"Per 10,000 inhabitants",17.0
2019,Physician,Retired,,,"Per 10,000 inhabitants",10.3
2014,Physician,Not retired,,,"Per 10,000 inhabitants",53.6
2013,Physician,Not retired,,,"Per 10,000 inhabitants",53.1
2020,Physician,Retired,,,"Per 10,000 inhabitants",11.3
2017,Physician,Not retired,,,"Per 10,000 inhabitants",54.1
2021,Physician,Not retired,,,"Per 10,000 inhabitants",56.5
2015,Physician,Not retired,,,"Per 10,000 inhabitants",53.7
2014,Physician,,,,"Per 10,000 inhabitants",59.3
2022,Physician,Retired,,,"Per 10,000 inhabitants",13.1
2015,Physician,,,,"Per 10,000 inhabitants",60.0
2010,Physician,Not retired,,,"Per 10,000 inhabitants",50.2
2016,Physician,,,,"Per 10,000 inhabitants",61.0
2014,Physician,Retired,,,"Per 10,000 inhabitants",5.7
2015,Physician,Retired,,,"Per 10,000 inhabitants",6.3
2022,Physician,,,,"Per 10,000 inhabitants",70.3
2011,Physician,,,,"Per 10,000 inhabitants",55.6
2024,Physician,Not retired,,,"Per 10,000 inhabitants",57.6
2018,Physician,Not retired,,,"Per 10,000 inhabitants",54.6
2021,Physician,Retired,,,"Per 10,000 inhabitants",12.4
2023,Physician,Retired,,,"Per 10,000 inhabitants",14.7
2011,Physician,Not retired,,,"Per 10,000 inhabitants",51.2
2013,Physician,Retired,,,"Per 10,000 inhabitants",5.2
2012,Physician,Retired,,,"Per 10,000 inhabitants",5.0
2024,Physician,Retired,,,"Per 10,000 inhabitants",15.7
2018,Physician,,,,"Per 10,000 inhabitants",63.4
2019,Physician,,,,"Per 10,000 inhabitants",65.0
2010,Physician,Retired,,,"Per 10,000 inhabitants",4.1
2022,Physician,Not retired,,,"Per 10,000 inhabitants",57.1
2025,Physician,,,,"Per 10,000 inhabitants",75.4
2018,Physician,Retired,,,"Per 10,000 inhabitants",8.8
2020,Physician,Not retired,,,"Per 10,000 inhabitants",55.8
2021,Physician,,,,"Per 10,000 inhabitants",68.9
2010,Physician,,,,"Per 10,000 inhabitants",54.3
2024,Physician,,,,"Per 10,000 inhabitants",73.2
2011,Physician,Retired,,,"Per 10,000 inhabitants",4.3
2012,Physician,Not retired,,,"Per 10,000 inhabitants",52.1
2014,Physician,Retired,,Araba/Álava,"Per 10,000 inhabitants",5.3
2017,Physician,,,Araba/Álava,"Per 10,000 inhabitants",59.1
2015,Physician,Retired,,Araba/Álava,"Per 10,000 inhabitants",6.3
2023,Physician,,,Araba/Álava,"Per 10,000 inhabitants",64.7
2010,Physician,Retired,,Araba/Álava,"Per 10,000 inhabitants",3.7
2010,Physician,Not retired,,Araba/Álava,"Per 10,000 inhabitants",47.9
2022,Physician,Retired,,Araba/Álava,"Per 10,000 inhabitants",13.0
2011,Physician,Not retired,,Araba/Álava,"Per 10,000 inhabitants",49.8
2024,Physician,Retired,,Araba/Álava,"Per 10,000 inhabitants",14.2
2013,Physician,,,Araba/Álava,"Per 10,000 inhabitants",56.5
2024,Physician,Not retired,,Araba/Álava,"Per 10,000 inhabitants",51.9
2022,Physician,Not retired,,Araba/Álava,"Per 10,000 inhabitants",50.5
2017,Physician,Retired,,Araba/Álava,"Per 10,000 inhabitants",8.4
2014,Physician,Not retired,,Araba/Álava,"Per 10,000 inhabitants",52.3
2013,Physician,Retired,,Araba/Álava,"Per 10,000 inhabitants",4.7
2015,Physician,Not retired,,Araba/Álava,"Per 10,000 inhabitants",51.7
2020,Physician,,,Araba/Álava,"Per 10,000 inhabitants",61.3
2018,Physician,,,Araba/Álava,"Per 10,000 inhabitants",59.2
2012,Physician,Not retired,,Araba/Álava,"Per 10,000 inhabitants",51.3
2025,Physician,Not retired,,Araba/Álava,"Per 10,000 inhabitants",52.6
2016,Physician,Not retired,,Araba/Álava,"Per 10,000 inhabitants",51.1
2018,Physician,Retired,,Araba/Álava,"Per 10,000 inhabitants",9.1
2019,Physician,Not retired,,Araba/Álava,"Per 10,000 inhabitants",50.1
2019,Physician,Retired,,Araba/Álava,"Per 10,000 inhabitants",10.2
2010,Physician,,,Araba/Álava,"Per 10,000 inhabitants",51.6
2012,Physician,Retired,,Araba/Álava,"Per 10,000 inhabitants",4.0
2014,Physician,,,Araba/Álava,"Per 10,000 inhabitants",57.6
2025,Physician,Retired,,Araba/Álava,"Per 10,000 inhabitants",15.9
2017,Physician,Not retired,,Araba/Álava,"Per 10,000 inhabitants",50.6
2015,Physician,,,Araba/Álava,"Per 10,000 inhabitants",57.9
2011,Physician,Retired,,Araba/Álava,"Per 10,000 inhabitants",3.7
2016,Physician,,,Araba/Álava,"Per 10,000 inhabitants",58.6
2021,Physician,Not retired,,Araba/Álava,"Per 10,000 inhabitants",51.1
2019,Physician,,,Araba/Álava,"Per 10,000 inhabitants",60.3
2024,Physician,,,Araba/Álava,"Per 10,000 inhabitants",66.1
2020,Physician,Not retired,,Araba/Álava,"Per 10,000 inhabitants",50.4
2013,Physician,Not retired,,Araba/Álava,"Per 10,000 inhabitants",51.8
2016,Physician,Retired,,Araba/Álava,"Per 10,000 inhabitants",7.5
2011,Physician,,,Araba/Álava,"Per 10,000 inhabitants",53.4
2022,Physician,,,Araba/Álava,"Per 10,000 inhabitants",63.5
2023,Physician,Not retired,,Araba/Álava,"Per 10,000 inhabitants",50.8
2021,Physician,,,Araba/Álava,"Per 10,000 inhabitants",62.6
2012,Physician,,,Araba/Álava,"Per 10,000 inhabitants",55.4
2020,Physician,Retired,,Araba/Álava,"Per 10,000 inhabitants",10.9
2025,Physician,,,Araba/Álava,"Per 10,000 inhabitants",68.5
2023,Physician,Retired,,Araba/Álava,"Per 10,000 inhabitants",13.8
2018,Physician,Not retired,,Araba/Álava,"Per 10,000 inhabitants",50.2
2021,Physician,Retired,,Araba/Álava,"Per 10,000 inhabitants",11.5
2017,Physician,,,Bizkaia,"Per 10,000 inhabitants",66.2
2012,Physician,Retired,,Bizkaia,"Per 10,000 inhabitants",5.4
2019,Physician,Not retired,,Bizkaia,"Per 10,000 inhabitants",59.1
2022,Physician,Retired,,Bizkaia,"Per 10,000 inhabitants",13.6
2012,Physician,,,Bizkaia,"Per 10,000 inhabitants",60.1
2013,Physician,Not retired,,Bizkaia,"Per 10,000 inhabitants",56.1
2010,Physician,Retired,,Bizkaia,"Per 10,000 inhabitants",4.6
2020,Physician,,,Bizkaia,"Per 10,000 inhabitants",72.5
2018,Physician,Not retired,,Bizkaia,"Per 10,000 inhabitants",59.1
2014,Physician,Retired,,Bizkaia,"Per 10,000 inhabitants",5.7
2010,Physician,,,Bizkaia,"Per 10,000 inhabitants",57.2
2020,Physician,Not retired,,Bizkaia,"Per 10,000 inhabitants",60.4
2022,Physician,Not retired,,Bizkaia,"Per 10,000 inhabitants",62.4
2017,Physician,Retired,,Bizkaia,"Per 10,000 inhabitants",8.0
2017,Physician,Not retired,,Bizkaia,"Per 10,000 inhabitants",58.2
2025,Physician,Retired,,Bizkaia,"Per 10,000 inhabitants",18.3
2025,Physician,Not retired,,Bizkaia,"Per 10,000 inhabitants",63.5
2016,Physician,,,Bizkaia,"Per 10,000 inhabitants",64.8
2014,Physician,Not retired,,Bizkaia,"Per 10,000 inhabitants",56.8
2024,Physician,Not retired,,Bizkaia,"Per 10,000 inhabitants",62.8
2019,Physician,Retired,,Bizkaia,"Per 10,000 inhabitants",10.9
2021,Physician,Retired,,Bizkaia,"Per 10,000 inhabitants",13.4
2021,Physician,Not retired,,Bizkaia,"Per 10,000 inhabitants",61.1
2023,Physician,,,Bizkaia,"Per 10,000 inhabitants",78.0
2014,Physician,,,Bizkaia,"Per 10,000 inhabitants",62.6
2020,Physician,Retired,,Bizkaia,"Per 10,000 inhabitants",12.1
2024,Physician,,,Bizkaia,"Per 10,000 inhabitants",79.6
2015,Physician,,,Bizkaia,"Per 10,000 inhabitants",63.6
2015,Physician,Retired,,Bizkaia,"Per 10,000 inhabitants",6.3
2016,Physician,Retired,,Bizkaia,"Per 10,000 inhabitants",7.0
2012,Physician,Not retired,,Bizkaia,"Per 10,000 inhabitants",54.7
2011,Physician,Not retired,,Bizkaia,"Per 10,000 inhabitants",53.6
2025,Physician,,,Bizkaia,"Per 10,000 inhabitants",81.8
2011,Physician,Retired,,Bizkaia,"Per 10,000 inhabitants",4.9
2019,Physician,,,Bizkaia,"Per 10,000 inhabitants",70.0
2018,Physician,Retired,,Bizkaia,"Per 10,000 inhabitants",9.0
2021,Physician,,,Bizkaia,"Per 10,000 inhabitants",74.4
2023,Physician,Not retired,,Bizkaia,"Per 10,000 inhabitants",62.3
2013,Physician,,,Bizkaia,"Per 10,000 inhabitants",61.5
2024,Physician,Retired,,Bizkaia,"Per 10,000 inhabitants",16.8
2023,Physician,Retired,,Bizkaia,"Per 10,000 inhabitants",15.7
2018,Physician,,,Bizkaia,"Per 10,000 inhabitants",68.1
2016,Physician,Not retired,,Bizkaia,"Per 10,000 inhabitants",57.8
2015,Physician,Not retired,,Bizkaia,"Per 10,000 inhabitants",57.3
2010,Physician,Not retired,,Bizkaia,"Per 10,000 inhabitants",52.6
2011,Physician,,,Bizkaia,"Per 10,000 inhabitants",58.5
2022,Physician,,,Bizkaia,"Per 10,000 inhabitants",75.9
2013,Physician,Retired,,Bizkaia,"Per 10,000 inhabitants",5.4
2017,Physician,,,Gipuzkoa,"Per 10,000 inhabitants",56.9
2015,Physician,Retired,,Gipuzkoa,"Per 10,000 inhabitants",6.5
2025,Physician,Retired,,Gipuzkoa,"Per 10,000 inhabitants",15.6
2021,Physician,Retired,,Gipuzkoa,"Per 10,000 inhabitants",11.3
2017,Physician,Retired,,Gipuzkoa,"Per 10,000 inhabitants",7.6
2013,Physician,Retired,,Gipuzkoa,"Per 10,000 inhabitants",5.0
2023,Physician,,,Gipuzkoa,"Per 10,000 inhabitants",65.2
2015,Physician,,,Gipuzkoa,"Per 10,000 inhabitants",55.3
2011,Physician,Retired,,Gipuzkoa,"Per 10,000 inhabitants",3.7
2011,Physician,,,Gipuzkoa,"Per 10,000 inhabitants",51.8
2025,Physician,,,Gipuzkoa,"Per 10,000 inhabitants",68.3
2020,Physician,Not retired,,Gipuzkoa,"Per 10,000 inhabitants",51.0
2024,Physician,Not retired,,Gipuzkoa,"Per 10,000 inhabitants",51.9
2018,Physician,Not retired,,Gipuzkoa,"Per 10,000 inhabitants",49.5
2021,Physician,Not retired,,Gipuzkoa,"Per 10,000 inhabitants",51.7
2023,Physician,Not retired,,Gipuzkoa,"Per 10,000 inhabitants",51.7
2016,Physician,Not retired,,Gipuzkoa,"Per 10,000 inhabitants",49.0
2013,Physician,Not retired,,Gipuzkoa,"Per 10,000 inhabitants",48.8
2010,Physician,Not retired,,Gipuzkoa,"Per 10,000 inhabitants",47.3
2014,Physician,Not retired,,Gipuzkoa,"Per 10,000 inhabitants",49.1
2020,Physician,,,Gipuzkoa,"Per 10,000 inhabitants",61.2
2022,Physician,,,Gipuzkoa,"Per 10,000 inhabitants",64.4
2016,Physician,,,Gipuzkoa,"Per 10,000 inhabitants",55.9
2014,Physician,,,Gipuzkoa,"Per 10,000 inhabitants",54.8
2014,Physician,Retired,,Gipuzkoa,"Per 10,000 inhabitants",5.7
2013,Physician,,,Gipuzkoa,"Per 10,000 inhabitants",53.8
2018,Physician,,,Gipuzkoa,"Per 10,000 inhabitants",57.9
2012,Physician,,,Gipuzkoa,"Per 10,000 inhabitants",52.9
2022,Physician,Retired,,Gipuzkoa,"Per 10,000 inhabitants",12.5
2024,Physician,,,Gipuzkoa,"Per 10,000 inhabitants",66.3
2010,Physician,,,Gipuzkoa,"Per 10,000 inhabitants",50.9
2012,Physician,Retired,,Gipuzkoa,"Per 10,000 inhabitants",4.7
2012,Physician,Not retired,,Gipuzkoa,"Per 10,000 inhabitants",48.2
2019,Physician,Not retired,,Gipuzkoa,"Per 10,000 inhabitants",49.9
2020,Physician,Retired,,Gipuzkoa,"Per 10,000 inhabitants",10.3
2016,Physician,Retired,,Gipuzkoa,"Per 10,000 inhabitants",6.9
2010,Physician,Retired,,Gipuzkoa,"Per 10,000 inhabitants",3.5
2025,Physician,Not retired,,Gipuzkoa,"Per 10,000 inhabitants",52.7
2023,Physician,Retired,,Gipuzkoa,"Per 10,000 inhabitants",13.5
2015,Physician,Not retired,,Gipuzkoa,"Per 10,000 inhabitants",48.9
2011,Physician,Not retired,,Gipuzkoa,"Per 10,000 inhabitants",47.9
2017,Physician,Not retired,,Gipuzkoa,"Per 10,000 inhabitants",49.3
2021,Physician,,,Gipuzkoa,"Per 10,000 inhabitants",63.0
2024,Physician,Retired,,Gipuzkoa,"Per 10,000 inhabitants",14.4
2019,Physician,,,Gipuzkoa,"Per 10,000 inhabitants",59.3
2018,Physician,Retired,,Gipuzkoa,"Per 10,000 inhabitants",8.3
2022,Physician,Not retired,,Gipuzkoa,"Per 10,000 inhabitants",51.8
2019,Physician,Retired,,Gipuzkoa,"Per 10,000 inhabitants",9.4
2012,Physician,Retired,Female,,"Per 10,000 inhabitants",1.8
2023,Physician,Not retired,Female,,"Per 10,000 inhabitants",70.1
2019,Physician,,Female,,"Per 10,000 inhabitants",69.4
2012,Physician,Not retired,Female,,"Per 10,000 inhabitants",55.0
2011,Physician,Retired,Female,,"Per 10,000 inhabitants",1.4
2015,Physician,,Female,,"Per 10,000 inhabitants",61.6
2025,Physician,Retired,Female,,"Per 10,000 inhabitants",12.8
2023,Physician,Retired,Female,,"Per 10,000 inhabitants",10.2
2013,Physician,Not retired,Female,,"Per 10,000 inhabitants",56.8
2013,Physician,Retired,Female,,"Per 10,000 inhabitants",1.8
2022,Physician,,Female,,"Per 10,000 inhabitants",77.7
2011,Physician,Not retired,Female,,"Per 10,000 inhabitants",52.9
2015,Physician,Retired,Female,,"Per 10,000 inhabitants",2.7
2020,Physician,Retired,Female,,"Per 10,000 inhabitants",7.0
2016,Physician,Retired,Female,,"Per 10,000 inhabitants",3.4
2023,Physician,,Female,,"Per 10,000 inhabitants",80.3
2010,Physician,Retired,Female,,"Per 10,000 inhabitants",1.1
2022,Physician,Retired,Female,,"Per 10,000 inhabitants",8.8
2014,Physician,Not retired,Female,,"Per 10,000 inhabitants",57.9
2018,Physician,Not retired,Female,,"Per 10,000 inhabitants",61.9
2017,Physician,Not retired,Female,,"Per 10,000 inhabitants",60.7
2020,Physician,Not retired,Female,,"Per 10,000 inhabitants",65.5
2015,Physician,Not retired,Female,,"Per 10,000 inhabitants",58.9
2011,Physician,,Female,,"Per 10,000 inhabitants",54.3
2021,Physician,Not retired,Female,,"Per 10,000 inhabitants",67.3
2024,Physician,,Female,,"Per 10,000 inhabitants",82.8
2017,Physician,Retired,Female,,"Per 10,000 inhabitants",4.2
2024,Physician,Retired,Female,,"Per 10,000 inhabitants",11.2
2010,Physician,,Female,,"Per 10,000 inhabitants",52.3
2010,Physician,Not retired,Female,,"Per 10,000 inhabitants",51.2
2018,Physician,,Female,,"Per 10,000 inhabitants",66.9
2024,Physician,Not retired,Female,,"Per 10,000 inhabitants",71.6
2014,Physician,Retired,Female,,"Per 10,000 inhabitants",2.2
2020,Physician,,Female,,"Per 10,000 inhabitants",72.5
2021,Physician,,Female,,"Per 10,000 inhabitants",75.4
2019,Physician,Not retired,Female,,"Per 10,000 inhabitants",63.2
2021,Physician,Retired,Female,,"Per 10,000 inhabitants",8.1
2012,Physician,,Female,,"Per 10,000 inhabitants",56.8
2017,Physician,,Female,,"Per 10,000 inhabitants",64.9
2019,Physician,Retired,Female,,"Per 10,000 inhabitants",6.3
2013,Physician,,Female,,"Per 10,000 inhabitants",58.6
2014,Physician,,Female,,"Per 10,000 inhabitants",60.1
2016,Physician,,Female,,"Per 10,000 inhabitants",63.1
2025,Physician,Not retired,Female,,"Per 10,000 inhabitants",73.4
2016,Physician,Not retired,Female,,"Per 10,000 inhabitants",59.7
2022,Physician,Not retired,Female,,"Per 10,000 inhabitants",68.9
2025,Physician,,Female,,"Per 10,000 inhabitants",86.1
2018,Physician,Retired,Female,,"Per 10,000 inhabitants",4.9
2025,Physician,Not retired,Female,Araba/Álava,"Per 10,000 inhabitants",68.5
2021,Physician,,Female,Araba/Álava,"Per 10,000 inhabitants",70.3
2018,Physician,Not retired,Female,Araba/Álava,"Per 10,000 inhabitants",59.7
2016,Physician,Not retired,Female,Araba/Álava,"Per 10,000 inhabitants",60.1
2011,Physician,Not retired,Female,Araba/Álava,"Per 10,000 inhabitants",54.0
2018,Physician,Retired,Female,Araba/Álava,"Per 10,000 inhabitants",4.4
2017,Physician,Retired,Female,Araba/Álava,"Per 10,000 inhabitants",3.9
2017,Physician,,Female,Araba/Álava,"Per 10,000 inhabitants",63.4
2012,Physician,Not retired,Female,Araba/Álava,"Per 10,000 inhabitants",56.9
2014,Physician,Retired,Female,Araba/Álava,"Per 10,000 inhabitants",1.4
2025,Physician,Retired,Female,Araba/Álava,"Per 10,000 inhabitants",12.3
2010,Physician,Not retired,Female,Araba/Álava,"Per 10,000 inhabitants",51.8
2016,Physician,Retired,Female,Araba/Álava,"Per 10,000 inhabitants",3.2
2015,Physician,Not retired,Female,Araba/Álava,"Per 10,000 inhabitants",59.7
2021,Physician,Not retired,Female,Araba/Álava,"Per 10,000 inhabitants",63.6
2016,Physician,,Female,Araba/Álava,"Per 10,000 inhabitants",63.3
2020,Physician,,Female,Araba/Álava,"Per 10,000 inhabitants",67.6
2023,Physician,,Female,Araba/Álava,"Per 10,000 inhabitants",74.2
2022,Physician,,Female,Araba/Álava,"Per 10,000 inhabitants",72.0
2012,Physician,,Female,Araba/Álava,"Per 10,000 inhabitants",57.5
2019,Physician,,Female,Araba/Álava,"Per 10,000 inhabitants",65.8
2011,Physician,,Female,Araba/Álava,"Per 10,000 inhabitants",54.7
2010,Physician,,Female,Araba/Álava,"Per 10,000 inhabitants",52.4
2018,Physician,,Female,Araba/Álava,"Per 10,000 inhabitants",64.0
2013,Physician,Retired,Female,Araba/Álava,"Per 10,000 inhabitants",0.7
2022,Physician,Retired,Female,Araba/Álava,"Per 10,000 inhabitants",8.0
2019,Physician,Retired,Female,Araba/Álava,"Per 10,000 inhabitants",5.8
2023,Physician,Not retired,Female,Araba/Álava,"Per 10,000 inhabitants",65.2
2010,Physician,Retired,Female,Araba/Álava,"Per 10,000 inhabitants",0.6
2024,Physician,Retired,Female,Araba/Álava,"Per 10,000 inhabitants",9.9
2015,Physician,Retired,Female,Araba/Álava,"Per 10,000 inhabitants",2.1
2023,Physician,Retired,Female,Araba/Álava,"Per 10,000 inhabitants",9.0
2024,Physician,,Female,Araba/Álava,"Per 10,000 inhabitants",77.3
2012,Physician,Retired,Female,Araba/Álava,"Per 10,000 inhabitants",0.6
2020,Physician,Not retired,Female,Araba/Álava,"Per 10,000 inhabitants",61.3
2013,Physician,,Female,Araba/Álava,"Per 10,000 inhabitants",59.5
2011,Physician,Retired,Female,Araba/Álava,"Per 10,000 inhabitants",0.6
2013,Physician,Not retired,Female,Araba/Álava,"Per 10,000 inhabitants",58.8
2021,Physician,Retired,Female,Araba/Álava,"Per 10,000 inhabitants",6.7
2022,Physician,Not retired,Female,Araba/Álava,"Per 10,000 inhabitants",64.0
2017,Physician,Not retired,Female,Araba/Álava,"Per 10,000 inhabitants",59.6
2019,Physician,Not retired,Female,Araba/Álava,"Per 10,000 inhabitants",60.0
2025,Physician,,Female,Araba/Álava,"Per 10,000 inhabitants",80.8
2020,Physician,Retired,Female,Araba/Álava,"Per 10,000 inhabitants",6.3
2014,Physician,Not retired,Female,Araba/Álava,"Per 10,000 inhabitants",59.6
2015,Physician,,Female,Araba/Álava,"Per 10,000 inhabitants",61.9
2024,Physician,Not retired,Female,Araba/Álava,"Per 10,000 inhabitants",67.5
2014,Physician,,Female,Araba/Álava,"Per 10,000 inhabitants",61.0
2021,Physician,,Female,Bizkaia,"Per 10,000 inhabitants",79.8
2024,Physician,,Female,Bizkaia,"Per 10,000 inhabitants",88.0
2014,Physician,,Female,Bizkaia,"Per 10,000 inhabitants",62.4
2019,Physician,,Female,Bizkaia,"Per 10,000 inhabitants",73.7
2024,Physician,Not retired,Female,Bizkaia,"Per 10,000 inhabitants",76.5
2016,Physician,Not retired,Female,Bizkaia,"Per 10,000 inhabitants",62.9
2025,Physician,Retired,Female,Bizkaia,"Per 10,000 inhabitants",13.0
2022,Physician,,Female,Bizkaia,"Per 10,000 inhabitants",82.3
2013,Physician,Not retired,Female,Bizkaia,"Per 10,000 inhabitants",59.3
2011,Physician,,Female,Bizkaia,"Per 10,000 inhabitants",56.4
2010,Physician,,Female,Bizkaia,"Per 10,000 inhabitants",54.4
2012,Physician,Not retired,Female,Bizkaia,"Per 10,000 inhabitants",57.4
2019,Physician,Retired,Female,Bizkaia,"Per 10,000 inhabitants",6.5
2020,Physician,Not retired,Female,Bizkaia,"Per 10,000 inhabitants",69.6
2017,Physician,Not retired,Female,Bizkaia,"Per 10,000 inhabitants",64.2
2015,Physician,Not retired,Female,Bizkaia,"Per 10,000 inhabitants",61.8
2014,Physician,Not retired,Female,Bizkaia,"Per 10,000 inhabitants",60.4
2023,Physician,,Female,Bizkaia,"Per 10,000 inhabitants",85.3
2015,Physician,,Female,Bizkaia,"Per 10,000 inhabitants",64.3
2017,Physician,,Female,Bizkaia,"Per 10,000 inhabitants",68.3
2025,Physician,,Female,Bizkaia,"Per 10,000 inhabitants",91.5
2013,Physician,Retired,Female,Bizkaia,"Per 10,000 inhabitants",1.9
2017,Physician,Retired,Female,Bizkaia,"Per 10,000 inhabitants",4.1
2012,Physician,Retired,Female,Bizkaia,"Per 10,000 inhabitants",1.8
2021,Physician,Retired,Female,Bizkaia,"Per 10,000 inhabitants",8.7
2014,Physician,Retired,Female,Bizkaia,"Per 10,000 inhabitants",2.0
2016,Physician,Retired,Female,Bizkaia,"Per 10,000 inhabitants",3.3
2018,Physician,Retired,Female,Bizkaia,"Per 10,000 inhabitants",5.0
2022,Physician,Retired,Female,Bizkaia,"Per 10,000 inhabitants",8.7
2024,Physician,Retired,Female,Bizkaia,"Per 10,000 inhabitants",11.6
2010,Physician,Retired,Female,Bizkaia,"Per 10,000 inhabitants",1.2
2011,Physician,Retired,Female,Bizkaia,"Per 10,000 inhabitants",1.5
2025,Physician,Not retired,Female,Bizkaia,"Per 10,000 inhabitants",78.5
2020,Physician,Retired,Female,Bizkaia,"Per 10,000 inhabitants",7.5
2023,Physician,Retired,Female,Bizkaia,"Per 10,000 inhabitants",10.5
2023,Physician,Not retired,Female,Bizkaia,"Per 10,000 inhabitants",74.8
2010,Physician,Not retired,Female,Bizkaia,"Per 10,000 inhabitants",53.2
2018,Physician,Not retired,Female,Bizkaia,"Per 10,000 inhabitants",65.7
2019,Physician,Not retired,Female,Bizkaia,"Per 10,000 inhabitants",67.2
2011,Physician,Not retired,Female,Bizkaia,"Per 10,000 inhabitants",54.9
2020,Physician,,Female,Bizkaia,"Per 10,000 inhabitants",77.1
2022,Physician,Not retired,Female,Bizkaia,"Per 10,000 inhabitants",73.7
2015,Physician,Retired,Female,Bizkaia,"Per 10,000 inhabitants",2.5
2013,Physician,,Female,Bizkaia,"Per 10,000 inhabitants",61.1
2018,Physician,,Female,Bizkaia,"Per 10,000 inhabitants",70.7
2012,Physician,,Female,Bizkaia,"Per 10,000 inhabitants",59.2
2016,Physician,,Female,Bizkaia,"Per 10,000 inhabitants",66.2
2021,Physician,Not retired,Female,Bizkaia,"Per 10,000 inhabitants",71.1
2025,Physician,Retired,Female,Gipuzkoa,"Per 10,000 inhabitants",12.6
2011,Physician,,Female,Gipuzkoa,"Per 10,000 inhabitants",50.8
2024,Physician,Retired,Female,Gipuzkoa,"Per 10,000 inhabitants",11.3
2022,Physician,Retired,Female,Gipuzkoa,"Per 10,000 inhabitants",9.3
2020,Physician,Retired,Female,Gipuzkoa,"Per 10,000 inhabitants",6.7
2019,Physician,Retired,Female,Gipuzkoa,"Per 10,000 inhabitants",6.1
2021,Physician,Retired,Female,Gipuzkoa,"Per 10,000 inhabitants",7.8
2018,Physician,Retired,Female,Gipuzkoa,"Per 10,000 inhabitants",5.2
2017,Physician,Retired,Female,Gipuzkoa,"Per 10,000 inhabitants",4.5
2023,Physician,Retired,Female,Gipuzkoa,"Per 10,000 inhabitants",10.3
2014,Physician,Retired,Female,Gipuzkoa,"Per 10,000 inhabitants",2.8
2012,Physician,Retired,Female,Gipuzkoa,"Per 10,000 inhabitants",2.2
2011,Physician,Retired,Female,Gipuzkoa,"Per 10,000 inhabitants",1.4
2024,Physician,Not retired,Female,Gipuzkoa,"Per 10,000 inhabitants",65.5
2025,Physician,Not retired,Female,Gipuzkoa,"Per 10,000 inhabitants",67.3
2023,Physician,Not retired,Female,Gipuzkoa,"Per 10,000 inhabitants",64.8
2021,Physician,Not retired,Female,Gipuzkoa,"Per 10,000 inhabitants",62.8
2017,Physician,Not retired,Female,Gipuzkoa,"Per 10,000 inhabitants",55.6
2016,Physician,Not retired,Female,Gipuzkoa,"Per 10,000 inhabitants",54.4
2019,Physician,Not retired,Female,Gipuzkoa,"Per 10,000 inhabitants",58.1
2018,Physician,Not retired,Female,Gipuzkoa,"Per 10,000 inhabitants",56.9
2020,Physician,Not retired,Female,Gipuzkoa,"Per 10,000 inhabitants",60.7
2015,Physician,Not retired,Female,Gipuzkoa,"Per 10,000 inhabitants",53.9
2013,Physician,Retired,Female,Gipuzkoa,"Per 10,000 inhabitants",2.3
2015,Physician,Retired,Female,Gipuzkoa,"Per 10,000 inhabitants",3.2
2010,Physician,Not retired,Female,Gipuzkoa,"Per 10,000 inhabitants",47.7
2013,Physician,Not retired,Female,Gipuzkoa,"Per 10,000 inhabitants",51.8
2011,Physician,Not retired,Female,Gipuzkoa,"Per 10,000 inhabitants",49.1
2012,Physician,Not retired,Female,Gipuzkoa,"Per 10,000 inhabitants",50.3
2016,Physician,,Female,Gipuzkoa,"Per 10,000 inhabitants",58.1
2016,Physician,Retired,Female,Gipuzkoa,"Per 10,000 inhabitants",3.8
2022,Physician,Not retired,Female,Gipuzkoa,"Per 10,000 inhabitants",63.6
2012,Physician,,Female,Gipuzkoa,"Per 10,000 inhabitants",52.4
2018,Physician,,Female,Gipuzkoa,"Per 10,000 inhabitants",62.1
2015,Physician,,Female,Gipuzkoa,"Per 10,000 inhabitants",57.1
2017,Physician,,Female,Gipuzkoa,"Per 10,000 inhabitants",60.1
2010,Physician,,Female,Gipuzkoa,"Per 10,000 inhabitants",48.9
2022,Physician,,Female,Gipuzkoa,"Per 10,000 inhabitants",72.9
2025,Physician,,Female,Gipuzkoa,"Per 10,000 inhabitants",79.9
2019,Physician,,Female,Gipuzkoa,"Per 10,000 inhabitants",64.2
2021,Physician,,Female,Gipuzkoa,"Per 10,000 inhabitants",70.6
2020,Physician,,Female,Gipuzkoa,"Per 10,000 inhabitants",67.4
2010,Physician,Retired,Female,Gipuzkoa,"Per 10,000 inhabitants",1.1
2013,Physician,,Female,Gipuzkoa,"Per 10,000 inhabitants",54.1
2023,Physician,,Female,Gipuzkoa,"Per 10,000 inhabitants",75.0
2014,Physician,,Female,Gipuzkoa,"Per 10,000 inhabitants",55.7
2014,Physician,Not retired,Female,Gipuzkoa,"Per 10,000 inhabitants",53.0
2024,Physician,,Female,Gipuzkoa,"Per 10,000 inhabitants",76.8
2016,Physician,Retired,Male,,"Per 10,000 inhabitants",10.9
2017,Physician,Not retired,Male,,"Per 10,000 inhabitants",47.1
2013,Physician,Retired,Male,,"Per 10,000 inhabitants",8.7
2011,Physician,Retired,Male,,"Per 10,000 inhabitants",7.5
2016,Physician,Not retired,Male,,"Per 10,000 inhabitants",47.8
2021,Physician,Retired,Male,,"Per 10,000 inhabitants",17.0
2022,Physician,Retired,Male,,"Per 10,000 inhabitants",17.8
2024,Physician,,Male,,"Per 10,000 inhabitants",63.1
2024,Physician,Not retired,Male,,"Per 10,000 inhabitants",42.7
2024,Physician,Retired,Male,,"Per 10,000 inhabitants",20.4
2017,Physician,,Male,,"Per 10,000 inhabitants",59.1
2022,Physician,,Male,,"Per 10,000 inhabitants",62.3
2016,Physician,,Male,,"Per 10,000 inhabitants",58.7
2019,Physician,,Male,,"Per 10,000 inhabitants",60.4
2020,Physician,Not retired,Male,,"Per 10,000 inhabitants",45.6
2015,Physician,,Male,,"Per 10,000 inhabitants",58.4
2014,Physician,Retired,Male,,"Per 10,000 inhabitants",9.3
2011,Physician,,Male,,"Per 10,000 inhabitants",56.9
2019,Physician,Not retired,Male,,"Per 10,000 inhabitants",45.8
2023,Physician,Not retired,Male,,"Per 10,000 inhabitants",43.3
2022,Physician,Not retired,Male,,"Per 10,000 inhabitants",44.6
2025,Physician,Not retired,Male,,"Per 10,000 inhabitants",42.4
2021,Physician,Not retired,Male,,"Per 10,000 inhabitants",45.0
2023,Physician,Retired,Male,,"Per 10,000 inhabitants",19.4
2018,Physician,Not retired,Male,,"Per 10,000 inhabitants",46.9
2020,Physician,Retired,Male,,"Per 10,000 inhabitants",15.8
2021,Physician,,Male,,"Per 10,000 inhabitants",62.0
2012,Physician,Retired,Male,,"Per 10,000 inhabitants",8.4
2019,Physician,Retired,Male,,"Per 10,000 inhabitants",14.6
2018,Physician,,Male,,"Per 10,000 inhabitants",59.7
2013,Physician,Not retired,Male,,"Per 10,000 inhabitants",49.2
2025,Physician,Retired,Male,,"Per 10,000 inhabitants",21.6
2010,Physician,Retired,Male,,"Per 10,000 inhabitants",7.3
2025,Physician,,Male,,"Per 10,000 inhabitants",64.0
2011,Physician,Not retired,Male,,"Per 10,000 inhabitants",49.4
2010,Physician,Not retired,Male,,"Per 10,000 inhabitants",49.2
2023,Physician,,Male,,"Per 10,000 inhabitants",62.7
2013,Physician,,Male,,"Per 10,000 inhabitants",57.9
2015,Physician,Retired,Male,,"Per 10,000 inhabitants",10.2
2012,Physician,Not retired,Male,,"Per 10,000 inhabitants",49.0
2014,Physician,Not retired,Male,,"Per 10,000 inhabitants",49.2
2014,Physician,,Male,,"Per 10,000 inhabitants",58.5
2017,Physician,Retired,Male,,"Per 10,000 inhabitants",11.9
2020,Physician,,Male,,"Per 10,000 inhabitants",61.4
2012,Physician,,Male,,"Per 10,000 inhabitants",57.4
2018,Physician,Retired,Male,,"Per 10,000 inhabitants",12.8
2015,Physician,Not retired,Male,,"Per 10,000 inhabitants",48.2
2010,Physician,,Male,,"Per 10,000 inhabitants",56.5
2017,Physician,,Male,Araba/Álava,"Per 10,000 inhabitants",54.6
2018,Physician,,Male,Araba/Álava,"Per 10,000 inhabitants",54.3
2019,Physician,Not retired,Male,Araba/Álava,"Per 10,000 inhabitants",39.9
2020,Physician,Not retired,Male,Araba/Álava,"Per 10,000 inhabitants",39.1
2018,Physician,Not retired,Male,Araba/Álava,"Per 10,000 inhabitants",40.3
2010,Physician,Not retired,Male,Araba/Álava,"Per 10,000 inhabitants",44.0
2022,Physician,,Male,Araba/Álava,"Per 10,000 inhabitants",54.7
2015,Physician,,Male,Araba/Álava,"Per 10,000 inhabitants",53.8
2025,Physician,Retired,Male,Araba/Álava,"Per 10,000 inhabitants",19.6
2013,Physician,Retired,Male,Araba/Álava,"Per 10,000 inhabitants",8.6
2011,Physician,Retired,Male,Araba/Álava,"Per 10,000 inhabitants",6.7
2016,Physician,,Male,Araba/Álava,"Per 10,000 inhabitants",53.8
2011,Physician,Not retired,Male,Araba/Álava,"Per 10,000 inhabitants",45.5
2012,Physician,,Male,Araba/Álava,"Per 10,000 inhabitants",53.2
2022,Physician,Retired,Male,Araba/Álava,"Per 10,000 inhabitants",18.2
2019,Physician,,Male,Araba/Álava,"Per 10,000 inhabitants",54.7
2011,Physician,,Male,Araba/Álava,"Per 10,000 inhabitants",52.2
2025,Physician,Not retired,Male,Araba/Álava,"Per 10,000 inhabitants",36.1
2021,Physician,Retired,Male,Araba/Álava,"Per 10,000 inhabitants",16.4
2025,Physician,,Male,Araba/Álava,"Per 10,000 inhabitants",55.7
2019,Physician,Retired,Male,Araba/Álava,"Per 10,000 inhabitants",14.7
2013,Physician,Not retired,Male,Araba/Álava,"Per 10,000 inhabitants",44.8
2014,Physician,,Male,Araba/Álava,"Per 10,000 inhabitants",54.0
2024,Physician,,Male,Araba/Álava,"Per 10,000 inhabitants",54.4
2023,Physician,,Male,Araba/Álava,"Per 10,000 inhabitants",54.8
2021,Physician,Not retired,Male,Araba/Álava,"Per 10,000 inhabitants",38.2
2017,Physician,Not retired,Male,Araba/Álava,"Per 10,000 inhabitants",41.4
2010,Physician,Retired,Male,Araba/Álava,"Per 10,000 inhabitants",6.9
2015,Physician,Not retired,Male,Araba/Álava,"Per 10,000 inhabitants",43.4
2022,Physician,Not retired,Male,Araba/Álava,"Per 10,000 inhabitants",36.5
2024,Physician,Not retired,Male,Araba/Álava,"Per 10,000 inhabitants",35.8
2014,Physician,Not retired,Male,Araba/Álava,"Per 10,000 inhabitants",44.7
2023,Physician,Not retired,Male,Araba/Álava,"Per 10,000 inhabitants",35.9
2024,Physician,Retired,Male,Araba/Álava,"Per 10,000 inhabitants",18.6
2016,Physician,Retired,Male,Araba/Álava,"Per 10,000 inhabitants",12.0
2012,Physician,Retired,Male,Araba/Álava,"Per 10,000 inhabitants",7.5
2016,Physician,Not retired,Male,Araba/Álava,"Per 10,000 inhabitants",41.8
2023,Physician,Retired,Male,Araba/Álava,"Per 10,000 inhabitants",18.8
2017,Physician,Retired,Male,Araba/Álava,"Per 10,000 inhabitants",13.2
2015,Physician,Retired,Male,Araba/Álava,"Per 10,000 inhabitants",10.5
2018,Physician,Retired,Male,Araba/Álava,"Per 10,000 inhabitants",13.9
2014,Physician,Retired,Male,Araba/Álava,"Per 10,000 inhabitants",9.3
2012,Physician,Not retired,Male,Araba/Álava,"Per 10,000 inhabitants",45.7
2020,Physician,,Male,Araba/Álava,"Per 10,000 inhabitants",54.8
2021,Physician,,Male,Araba/Álava,"Per 10,000 inhabitants",54.6
2010,Physician,,Male,Araba/Álava,"Per 10,000 inhabitants",50.9
2013,Physician,,Male,Araba/Álava,"Per 10,000 inhabitants",53.4
2020,Physician,Retired,Male,Araba/Álava,"Per 10,000 inhabitants",15.7
2020,Physician,,Male,Bizkaia,"Per 10,000 inhabitants",67.6
2010,Physician,,Male,Bizkaia,"Per 10,000 inhabitants",60.2
2023,Physician,Retired,Male,Bizkaia,"Per 10,000 inhabitants",21.2
2019,Physician,Not retired,Male,Bizkaia,"Per 10,000 inhabitants",50.4
2018,Physician,,Male,Bizkaia,"Per 10,000 inhabitants",65.3
2016,Physician,,Male,Bizkaia,"Per 10,000 inhabitants",63.4
2012,Physician,,Male,Bizkaia,"Per 10,000 inhabitants",61.1
2017,Physician,Not retired,Male,Bizkaia,"Per 10,000 inhabitants",51.7
2011,Physician,Not retired,Male,Bizkaia,"Per 10,000 inhabitants",52.1
2010,Physician,Not retired,Male,Bizkaia,"Per 10,000 inhabitants",52.1
2020,Physician,Not retired,Male,Bizkaia,"Per 10,000 inhabitants",50.5
2016,Physician,Not retired,Male,Bizkaia,"Per 10,000 inhabitants",52.4
2012,Physician,Not retired,Male,Bizkaia,"Per 10,000 inhabitants",51.8
2022,Physician,Not retired,Male,Bizkaia,"Per 10,000 inhabitants",50.2
2021,Physician,Not retired,Male,Bizkaia,"Per 10,000 inhabitants",50.3
2025,Physician,Not retired,Male,Bizkaia,"Per 10,000 inhabitants",47.4
2015,Physician,Not retired,Male,Bizkaia,"Per 10,000 inhabitants",52.5
2013,Physician,Not retired,Male,Bizkaia,"Per 10,000 inhabitants",52.7
2018,Physician,Retired,Male,Bizkaia,"Per 10,000 inhabitants",13.3
2020,Physician,Retired,Male,Bizkaia,"Per 10,000 inhabitants",17.1
2013,Physician,Retired,Male,Bizkaia,"Per 10,000 inhabitants",9.2
2016,Physician,Retired,Male,Bizkaia,"Per 10,000 inhabitants",11.0
2014,Physician,Retired,Male,Bizkaia,"Per 10,000 inhabitants",9.7
2018,Physician,Not retired,Male,Bizkaia,"Per 10,000 inhabitants",52.0
2017,Physician,Retired,Male,Bizkaia,"Per 10,000 inhabitants",12.2
2019,Physician,Retired,Male,Bizkaia,"Per 10,000 inhabitants",15.6
2024,Physician,Not retired,Male,Bizkaia,"Per 10,000 inhabitants",48.0
2021,Physician,Retired,Male,Bizkaia,"Per 10,000 inhabitants",18.3
2022,Physician,Retired,Male,Bizkaia,"Per 10,000 inhabitants",18.9
2023,Physician,Not retired,Male,Bizkaia,"Per 10,000 inhabitants",48.8
2014,Physician,Not retired,Male,Bizkaia,"Per 10,000 inhabitants",53.0
2015,Physician,Retired,Male,Bizkaia,"Per 10,000 inhabitants",10.3
2010,Physician,Retired,Male,Bizkaia,"Per 10,000 inhabitants",8.1
2011,Physician,Retired,Male,Bizkaia,"Per 10,000 inhabitants",8.6
2012,Physician,Retired,Male,Bizkaia,"Per 10,000 inhabitants",9.3
2019,Physician,,Male,Bizkaia,"Per 10,000 inhabitants",66.0
2015,Physician,,Male,Bizkaia,"Per 10,000 inhabitants",62.7
2025,Physician,,Male,Bizkaia,"Per 10,000 inhabitants",71.3
2014,Physician,,Male,Bizkaia,"Per 10,000 inhabitants",62.7
2011,Physician,,Male,Bizkaia,"Per 10,000 inhabitants",60.7
2024,Physician,,Male,Bizkaia,"Per 10,000 inhabitants",70.6
2025,Physician,Retired,Male,Bizkaia,"Per 10,000 inhabitants",23.9
2023,Physician,,Male,Bizkaia,"Per 10,000 inhabitants",70.1
2024,Physician,Retired,Male,Bizkaia,"Per 10,000 inhabitants",22.5
2017,Physician,,Male,Bizkaia,"Per 10,000 inhabitants",63.9
2013,Physician,,Male,Bizkaia,"Per 10,000 inhabitants",62.0
2022,Physician,,Male,Bizkaia,"Per 10,000 inhabitants",69.0
2021,Physician,,Male,Bizkaia,"Per 10,000 inhabitants",68.6
2014,Physician,Not retired,Male,Gipuzkoa,"Per 10,000 inhabitants",45.1
2021,Physician,Retired,Male,Gipuzkoa,"Per 10,000 inhabitants",15.0
2019,Physician,,Male,Gipuzkoa,"Per 10,000 inhabitants",54.2
2011,Physician,Retired,Male,Gipuzkoa,"Per 10,000 inhabitants",6.0
2019,Physician,Retired,Male,Gipuzkoa,"Per 10,000 inhabitants",12.8
2012,Physician,Retired,Male,Gipuzkoa,"Per 10,000 inhabitants",7.3
2010,Physician,Retired,Male,Gipuzkoa,"Per 10,000 inhabitants",6.1
2015,Physician,Retired,Male,Gipuzkoa,"Per 10,000 inhabitants",9.8
2013,Physician,Retired,Male,Gipuzkoa,"Per 10,000 inhabitants",7.8
2024,Physician,Retired,Male,Gipuzkoa,"Per 10,000 inhabitants",17.8
2023,Physician,Not retired,Male,Gipuzkoa,"Per 10,000 inhabitants",38.1
2014,Physician,Retired,Male,Gipuzkoa,"Per 10,000 inhabitants",8.7
2023,Physician,Retired,Male,Gipuzkoa,"Per 10,000 inhabitants",16.9
2022,Physician,Retired,Male,Gipuzkoa,"Per 10,000 inhabitants",15.9
2025,Physician,Retired,Male,Gipuzkoa,"Per 10,000 inhabitants",18.8
2023,Physician,,Male,Gipuzkoa,"Per 10,000 inhabitants",55.0
2016,Physician,,Male,Gipuzkoa,"Per 10,000 inhabitants",53.6
2024,Physician,,Male,Gipuzkoa,"Per 10,000 inhabitants",55.4
2012,Physician,,Male,Gipuzkoa,"Per 10,000 inhabitants",53.3
2010,Physician,,Male,Gipuzkoa,"Per 10,000 inhabitants",53.0
2014,Physician,,Male,Gipuzkoa,"Per 10,000 inhabitants",53.8
2013,Physician,,Male,Gipuzkoa,"Per 10,000 inhabitants",53.4
2022,Physician,,Male,Gipuzkoa,"Per 10,000 inhabitants",55.4
2011,Physician,,Male,Gipuzkoa,"Per 10,000 inhabitants",52.9
2020,Physician,,Male,Gipuzkoa,"Per 10,000 inhabitants",54.7
2017,Physician,,Male,Gipuzkoa,"Per 10,000 inhabitants",53.6
2021,Physician,,Male,Gipuzkoa,"Per 10,000 inhabitants",55.0
2025,Physician,,Male,Gipuzkoa,"Per 10,000 inhabitants",56.2
2018,Physician,,Male,Gipuzkoa,"Per 10,000 inhabitants",53.4
2015,Physician,,Male,Gipuzkoa,"Per 10,000 inhabitants",53.5
2011,Physician,Not retired,Male,Gipuzkoa,"Per 10,000 inhabitants",46.7
2013,Physician,Not retired,Male,Gipuzkoa,"Per 10,000 inhabitants",45.6
2010,Physician,Not retired,Male,Gipuzkoa,"Per 10,000 inhabitants",46.9
2012,Physician,Not retired,Male,Gipuzkoa,"Per 10,000 inhabitants",46.0
2017,Physician,Not retired,Male,Gipuzkoa,"Per 10,000 inhabitants",42.6
2016,Physician,Not retired,Male,Gipuzkoa,"Per 10,000 inhabitants",43.4
2015,Physician,Not retired,Male,Gipuzkoa,"Per 10,000 inhabitants",43.7
2016,Physician,Retired,Male,Gipuzkoa,"Per 10,000 inhabitants",10.2
2020,Physician,Retired,Male,Gipuzkoa,"Per 10,000 inhabitants",13.9
2020,Physician,Not retired,Male,Gipuzkoa,"Per 10,000 inhabitants",40.8
2019,Physician,Not retired,Male,Gipuzkoa,"Per 10,000 inhabitants",41.4
2017,Physician,Retired,Male,Gipuzkoa,"Per 10,000 inhabitants",10.9
2025,Physician,Not retired,Male,Gipuzkoa,"Per 10,000 inhabitants",37.4
2024,Physician,Not retired,Male,Gipuzkoa,"Per 10,000 inhabitants",37.6
2022,Physician,Not retired,Male,Gipuzkoa,"Per 10,000 inhabitants",39.5
2021,Physician,Not retired,Male,Gipuzkoa,"Per 10,000 inhabitants",40.0
2018,Physician,Not retired,Male,Gipuzkoa,"Per 10,000 inhabitants",41.8
2018,Physician,Retired,Male,Gipuzkoa,"Per 10,000 inhabitants",11.6
2022,Nursing and midwifery professionals,,,,"Per 10,000 inhabitants",79.6
2023,Nursing and midwifery professionals,Not retired,,,"Per 10,000 inhabitants",80.8
2020,Nursing and midwifery professionals,Retired,,,"Per 10,000 inhabitants",0.1
2024,Nursing and midwifery professionals,Retired,,,"Per 10,000 inhabitants",6.7
2020,Nursing and midwifery professionals,,,,"Per 10,000 inhabitants",78.6
2021,Nursing and midwifery professionals,Retired,,,"Per 10,000 inhabitants",0.1
2025,Nursing and midwifery professionals,,,,"Per 10,000 inhabitants",90.5
2016,Nursing and midwifery professionals,Not retired,,,"Per 10,000 inhabitants",74.5
2016,Nursing and midwifery professionals,,,,"Per 10,000 inhabitants",74.5
2018,Nursing and midwifery professionals,,,,"Per 10,000 inhabitants",75.8
2013,Nursing and midwifery professionals,Retired,,,"Per 10,000 inhabitants",0.1
2014,Nursing and midwifery professionals,Retired,,,"Per 10,000 inhabitants",0.0
2010,Nursing and midwifery professionals,Not retired,,,"Per 10,000 inhabitants",67.9
2010,Nursing and midwifery professionals,Retired,,,"Per 10,000 inhabitants",0.1
2011,Nursing and midwifery professionals,,,,"Per 10,000 inhabitants",69.9
2015,Nursing and midwifery professionals,,,,"Per 10,000 inhabitants",73.6
2016,Nursing and midwifery professionals,Retired,,,"Per 10,000 inhabitants",0.1
2011,Nursing and midwifery professionals,Retired,,,"Per 10,000 inhabitants",0.2
2025,Nursing and midwifery professionals,Not retired,,,"Per 10,000 inhabitants",83.4
2017,Nursing and midwifery professionals,Retired,,,"Per 10,000 inhabitants",0.0
2014,Nursing and midwifery professionals,,,,"Per 10,000 inhabitants",72.1
2012,Nursing and midwifery professionals,,,,"Per 10,000 inhabitants",70.4
2022,Nursing and midwifery professionals,Retired,,,"Per 10,000 inhabitants",0.1
2019,Nursing and midwifery professionals,,,,"Per 10,000 inhabitants",76.5
2024,Nursing and midwifery professionals,Not retired,,,"Per 10,000 inhabitants",81.7
2015,Nursing and midwifery professionals,Retired,,,"Per 10,000 inhabitants",0.1
2023,Nursing and midwifery professionals,,,,"Per 10,000 inhabitants",89.2
2013,Nursing and midwifery professionals,,,,"Per 10,000 inhabitants",70.7
2018,Nursing and midwifery professionals,Retired,,,"Per 10,000 inhabitants",0.0
2021,Nursing and midwifery professionals,Not retired,,,"Per 10,000 inhabitants",79.3
2018,Nursing and midwifery professionals,Not retired,,,"Per 10,000 inhabitants",75.8
2010,Nursing and midwifery professionals,,,,"Per 10,000 inhabitants",68.0
2019,Nursing and midwifery professionals,Not retired,,,"Per 10,000 inhabitants",76.5
2023,Nursing and midwifery professionals,Retired,,,"Per 10,000 inhabitants",8.4
2017,Nursing and midwifery professionals,Not retired,,,"Per 10,000 inhabitants",75.1
2022,Nursing and midwifery professionals,Not retired,,,"Per 10,000 inhabitants",79.5
2012,Nursing and midwifery professionals,Retired,,,"Per 10,000 inhabitants",0.1
2013,Nursing and midwifery professionals,Not retired,,,"Per 10,000 inhabitants",70.7
2014,Nursing and midwifery professionals,Not retired,,,"Per 10,000 inhabitants",72.1
2012,Nursing and midwifery professionals,Not retired,,,"Per 10,000 inhabitants",70.3
2011,Nursing and midwifery professionals,Not retired,,,"Per 10,000 inhabitants",69.7
2024,Nursing and midwifery professionals,,,,"Per 10,000 inhabitants",88.5
2019,Nursing and midwifery professionals,Retired,,,"Per 10,000 inhabitants",0.0
2025,Nursing and midwifery professionals,Retired,,,"Per 10,000 inhabitants",7.1
2020,Nursing and midwifery professionals,Not retired,,,"Per 10,000 inhabitants",78.6
2021,Nursing and midwifery professionals,,,,"Per 10,000 inhabitants",79.4
2015,Nursing and midwifery professionals,Not retired,,,"Per 10,000 inhabitants",73.5
2017,Nursing and midwifery professionals,,,,"Per 10,000 inhabitants",75.2
2023,Nursing and midwifery professionals,Not retired,,Araba/Álava,"Per 10,000 inhabitants",88.5
2022,Nursing and midwifery professionals,Not retired,,Araba/Álava,"Per 10,000 inhabitants",88.0
2018,Nursing and midwifery professionals,,,Araba/Álava,"Per 10,000 inhabitants",86.8
2021,Nursing and midwifery professionals,Not retired,,Araba/Álava,"Per 10,000 inhabitants",88.1
2016,Nursing and midwifery professionals,Retired,,Araba/Álava,"Per 10,000 inhabitants",0.4
2024,Nursing and midwifery professionals,Not retired,,Araba/Álava,"Per 10,000 inhabitants",87.7
2013,Nursing and midwifery professionals,,,Araba/Álava,"Per 10,000 inhabitants",78.5
2014,Nursing and midwifery professionals,Not retired,,Araba/Álava,"Per 10,000 inhabitants",80.6
2016,Nursing and midwifery professionals,Not retired,,Araba/Álava,"Per 10,000 inhabitants",83.5
2018,Nursing and midwifery professionals,Not retired,,Araba/Álava,"Per 10,000 inhabitants",86.5
2020,Nursing and midwifery professionals,Not retired,,Araba/Álava,"Per 10,000 inhabitants",87.2
2012,Nursing and midwifery professionals,Not retired,,Araba/Álava,"Per 10,000 inhabitants",77.4
2011,Nursing and midwifery professionals,Not retired,,Araba/Álava,"Per 10,000 inhabitants",75.1
2015,Nursing and midwifery professionals,Not retired,,Araba/Álava,"Per 10,000 inhabitants",82.0
2019,Nursing and midwifery professionals,,,Araba/Álava,"Per 10,000 inhabitants",85.8
2015,Nursing and midwifery professionals,,,Araba/Álava,"Per 10,000 inhabitants",82.6
2023,Nursing and midwifery professionals,,,Araba/Álava,"Per 10,000 inhabitants",88.9
2011,Nursing and midwifery professionals,,,Araba/Álava,"Per 10,000 inhabitants",76.5
2012,Nursing and midwifery professionals,,,Araba/Álava,"Per 10,000 inhabitants",78.0
2022,Nursing and midwifery professionals,,,Araba/Álava,"Per 10,000 inhabitants",88.4
2010,Nursing and midwifery professionals,Retired,,Araba/Álava,"Per 10,000 inhabitants",0.6
2014,Nursing and midwifery professionals,Retired,,Araba/Álava,"Per 10,000 inhabitants",0.1
2021,Nursing and midwifery professionals,,,Araba/Álava,"Per 10,000 inhabitants",88.5
2019,Nursing and midwifery professionals,Retired,,Araba/Álava,"Per 10,000 inhabitants",0.2
2016,Nursing and midwifery professionals,,,Araba/Álava,"Per 10,000 inhabitants",83.9
2017,Nursing and midwifery professionals,Not retired,,Araba/Álava,"Per 10,000 inhabitants",85.2
2014,Nursing and midwifery professionals,,,Araba/Álava,"Per 10,000 inhabitants",80.7
2023,Nursing and midwifery professionals,Retired,,Araba/Álava,"Per 10,000 inhabitants",0.4
2024,Nursing and midwifery professionals,Retired,,Araba/Álava,"Per 10,000 inhabitants",1.0
2017,Nursing and midwifery professionals,Retired,,Araba/Álava,"Per 10,000 inhabitants",0.2
2011,Nursing and midwifery professionals,Retired,,Araba/Álava,"Per 10,000 inhabitants",1.4
2012,Nursing and midwifery professionals,Retired,,Araba/Álava,"Per 10,000 inhabitants",0.6
2024,Nursing and midwifery professionals,,,Araba/Álava,"Per 10,000 inhabitants",88.7
2013,Nursing and midwifery professionals,Not retired,,Araba/Álava,"Per 10,000 inhabitants",78.1
2015,Nursing and midwifery professionals,Retired,,Araba/Álava,"Per 10,000 inhabitants",0.5
2025,Nursing and midwifery professionals,Not retired,,Araba/Álava,"Per 10,000 inhabitants",89.5
2020,Nursing and midwifery professionals,,,Araba/Álava,"Per 10,000 inhabitants",87.5
2019,Nursing and midwifery professionals,Not retired,,Araba/Álava,"Per 10,000 inhabitants",85.6
2018,Nursing and midwifery professionals,Retired,,Araba/Álava,"Per 10,000 inhabitants",0.2
2020,Nursing and midwifery professionals,Retired,,Araba/Álava,"Per 10,000 inhabitants",0.4
2010,Nursing and midwifery professionals,Not retired,,Araba/Álava,"Per 10,000 inhabitants",74.4
2021,Nursing and midwifery professionals,Retired,,Araba/Álava,"Per 10,000 inhabitants",0.4
2025,Nursing and midwifery professionals,Retired,,Araba/Álava,"Per 10,000 inhabitants",0.3
2010,Nursing and midwifery professionals,,,Araba/Álava,"Per 10,000 inhabitants",75.0
2022,Nursing and midwifery professionals,Retired,,Araba/Álava,"Per 10,000 inhabitants",0.4
2025,Nursing and midwifery professionals,,,Araba/Álava,"Per 10,000 inhabitants",89.8
2017,Nursing and midwifery professionals,,,Araba/Álava,"Per 10,000 inhabitants",85.5
2013,Nursing and midwifery professionals,Retired,,Araba/Álava,"Per 10,000 inhabitants",0.4
2017,Nursing and midwifery professionals,Not retired,,Bizkaia,"Per 10,000 inhabitants",74.1
2011,Nursing and midwifery professionals,Not retired,,Bizkaia,"Per 10,000 inhabitants",67.8
2015,Nursing and midwifery professionals,Not retired,,Bizkaia,"Per 10,000 inhabitants",72.1
2010,Nursing and midwifery professionals,,,Bizkaia,"Per 10,000 inhabitants",65.4
2024,Nursing and midwifery professionals,,,Bizkaia,"Per 10,000 inhabitants",82.0
2013,Nursing and midwifery professionals,,,Bizkaia,"Per 10,000 inhabitants",69.0
2022,Nursing and midwifery professionals,Not retired,,Bizkaia,"Per 10,000 inhabitants",79.3
2012,Nursing and midwifery professionals,,,Bizkaia,"Per 10,000 inhabitants",68.6
2021,Nursing and midwifery professionals,,,Bizkaia,"Per 10,000 inhabitants",79.0
2021,Nursing and midwifery professionals,Not retired,,Bizkaia,"Per 10,000 inhabitants",79.0
2025,Nursing and midwifery professionals,Not retired,,Bizkaia,"Per 10,000 inhabitants",84.0
2019,Nursing and midwifery professionals,Not retired,,Bizkaia,"Per 10,000 inhabitants",75.8
2016,Nursing and midwifery professionals,Not retired,,Bizkaia,"Per 10,000 inhabitants",73.2
2023,Nursing and midwifery professionals,,,Bizkaia,"Per 10,000 inhabitants",80.7
2010,Nursing and midwifery professionals,Not retired,,Bizkaia,"Per 10,000 inhabitants",65.4
2020,Nursing and midwifery professionals,,,Bizkaia,"Per 10,000 inhabitants",78.2
2019,Nursing and midwifery professionals,,,Bizkaia,"Per 10,000 inhabitants",75.8
2017,Nursing and midwifery professionals,,,Bizkaia,"Per 10,000 inhabitants",74.1
2025,Nursing and midwifery professionals,,,Bizkaia,"Per 10,000 inhabitants",84.0
2018,Nursing and midwifery professionals,,,Bizkaia,"Per 10,000 inhabitants",75.1
2023,Nursing and midwifery professionals,Not retired,,Bizkaia,"Per 10,000 inhabitants",80.7
2020,Nursing and midwifery professionals,Not retired,,Bizkaia,"Per 10,000 inhabitants",78.2
2024,Nursing and midwifery professionals,Not retired,,Bizkaia,"Per 10,000 inhabitants",82.0
2023,Nursing and midwifery professionals,Retired,,Bizkaia,"Per 10,000 inhabitants",0.0
2013,Nursing and midwifery professionals,Not retired,,Bizkaia,"Per 10,000 inhabitants",69.0
2012,Nursing and midwifery professionals,Not retired,,Bizkaia,"Per 10,000 inhabitants",68.6
2018,Nursing and midwifery professionals,Not retired,,Bizkaia,"Per 10,000 inhabitants",75.1
2014,Nursing and midwifery professionals,,,Bizkaia,"Per 10,000 inhabitants",70.3
2011,Nursing and midwifery professionals,,,Bizkaia,"Per 10,000 inhabitants",67.8
2015,Nursing and midwifery professionals,,,Bizkaia,"Per 10,000 inhabitants",72.1
2016,Nursing and midwifery professionals,,,Bizkaia,"Per 10,000 inhabitants",73.2
2011,Nursing and midwifery professionals,Retired,,Bizkaia,"Per 10,000 inhabitants",0.0
2010,Nursing and midwifery professionals,Retired,,Bizkaia,"Per 10,000 inhabitants",0.0
2020,Nursing and midwifery professionals,Retired,,Bizkaia,"Per 10,000 inhabitants",0.0
2018,Nursing and midwifery professionals,Retired,,Bizkaia,"Per 10,000 inhabitants",0.0
2014,Nursing and midwifery professionals,Retired,,Bizkaia,"Per 10,000 inhabitants",0.0
2014,Nursing and midwifery professionals,Not retired,,Bizkaia,"Per 10,000 inhabitants",70.3
2022,Nursing and midwifery professionals,Retired,,Bizkaia,"Per 10,000 inhabitants",0.0
2025,Nursing and midwifery professionals,Retired,,Bizkaia,"Per 10,000 inhabitants",0.0
2017,Nursing and midwifery professionals,Retired,,Bizkaia,"Per 10,000 inhabitants",0.0
2024,Nursing and midwifery professionals,Retired,,Bizkaia,"Per 10,000 inhabitants",0.0
2021,Nursing and midwifery professionals,Retired,,Bizkaia,"Per 10,000 inhabitants",0.0
2016,Nursing and midwifery professionals,Retired,,Bizkaia,"Per 10,000 inhabitants",0.0
2019,Nursing and midwifery professionals,Retired,,Bizkaia,"Per 10,000 inhabitants",0.0
2022,Nursing and midwifery professionals,,,Bizkaia,"Per 10,000 inhabitants",79.3
2013,Nursing and midwifery professionals,Retired,,Bizkaia,"Per 10,000 inhabitants",0.0
2012,Nursing and midwifery professionals,Retired,,Bizkaia,"Per 10,000 inhabitants",0.0
2015,Nursing and midwifery professionals,Retired,,Bizkaia,"Per 10,000 inhabitants",0.0
2018,Nursing and midwifery professionals,,,Gipuzkoa,"Per 10,000 inhabitants",72.0
2019,Nursing and midwifery professionals,Retired,,Gipuzkoa,"Per 10,000 inhabitants",0.0
2017,Nursing and midwifery professionals,,,Gipuzkoa,"Per 10,000 inhabitants",72.1
2024,Nursing and midwifery professionals,,,Gipuzkoa,"Per 10,000 inhabitants",98.6
2021,Nursing and midwifery professionals,Not retired,,Gipuzkoa,"Per 10,000 inhabitants",75.7
2024,Nursing and midwifery professionals,Not retired,,Gipuzkoa,"Per 10,000 inhabitants",78.4
2018,Nursing and midwifery professionals,Not retired,,Gipuzkoa,"Per 10,000 inhabitants",72.0
2019,Nursing and midwifery professionals,Not retired,,Gipuzkoa,"Per 10,000 inhabitants",73.4
2022,Nursing and midwifery professionals,Not retired,,Gipuzkoa,"Per 10,000 inhabitants",76.0
2020,Nursing and midwifery professionals,Not retired,,Gipuzkoa,"Per 10,000 inhabitants",75.2
2023,Nursing and midwifery professionals,Not retired,,Gipuzkoa,"Per 10,000 inhabitants",77.2
2015,Nursing and midwifery professionals,Not retired,,Gipuzkoa,"Per 10,000 inhabitants",71.9
2013,Nursing and midwifery professionals,Not retired,,Gipuzkoa,"Per 10,000 inhabitants",69.9
2016,Nursing and midwifery professionals,Not retired,,Gipuzkoa,"Per 10,000 inhabitants",72.4
2012,Nursing and midwifery professionals,Not retired,,Gipuzkoa,"Per 10,000 inhabitants",69.9
2014,Nursing and midwifery professionals,Not retired,,Gipuzkoa,"Per 10,000 inhabitants",71.2
2010,Nursing and midwifery professionals,Not retired,,Gipuzkoa,"Per 10,000 inhabitants",69.0
2011,Nursing and midwifery professionals,Not retired,,Gipuzkoa,"Per 10,000 inhabitants",70.5
2011,Nursing and midwifery professionals,,,Gipuzkoa,"Per 10,000 inhabitants",70.5
2013,Nursing and midwifery professionals,,,Gipuzkoa,"Per 10,000 inhabitants",69.9
2021,Nursing and midwifery professionals,,,Gipuzkoa,"Per 10,000 inhabitants",75.7
2015,Nursing and midwifery professionals,,,Gipuzkoa,"Per 10,000 inhabitants",71.9
2023,Nursing and midwifery professionals,,,Gipuzkoa,"Per 10,000 inhabitants",102.8
2019,Nursing and midwifery professionals,,,Gipuzkoa,"Per 10,000 inhabitants",73.4
2025,Nursing and midwifery professionals,Not retired,,Gipuzkoa,"Per 10,000 inhabitants",79.5
2020,Nursing and midwifery professionals,,,Gipuzkoa,"Per 10,000 inhabitants",75.2
2016,Nursing and midwifery professionals,,,Gipuzkoa,"Per 10,000 inhabitants",72.4
2012,Nursing and midwifery professionals,,,Gipuzkoa,"Per 10,000 inhabitants",69.9
2010,Nursing and midwifery professionals,Retired,,Gipuzkoa,"Per 10,000 inhabitants",0.0
2022,Nursing and midwifery professionals,Retired,,Gipuzkoa,"Per 10,000 inhabitants",0.0
2018,Nursing and midwifery professionals,Retired,,Gipuzkoa,"Per 10,000 inhabitants",0.0
2014,Nursing and midwifery professionals,Retired,,Gipuzkoa,"Per 10,000 inhabitants",0.0
2025,Nursing and midwifery professionals,,,Gipuzkoa,"Per 10,000 inhabitants",101.1
2024,Nursing and midwifery professionals,Retired,,Gipuzkoa,"Per 10,000 inhabitants",20.2
2023,Nursing and midwifery professionals,Retired,,Gipuzkoa,"Per 10,000 inhabitants",25.5
2017,Nursing and midwifery professionals,Retired,,Gipuzkoa,"Per 10,000 inhabitants",0.0
2021,Nursing and midwifery professionals,Retired,,Gipuzkoa,"Per 10,000 inhabitants",0.0
2025,Nursing and midwifery professionals,Retired,,Gipuzkoa,"Per 10,000 inhabitants",21.6
2016,Nursing and midwifery professionals,Retired,,Gipuzkoa,"Per 10,000 inhabitants",0.0
2020,Nursing and midwifery professionals,Retired,,Gipuzkoa,"Per 10,000 inhabitants",0.0
2012,Nursing and midwifery professionals,Retired,,Gipuzkoa,"Per 10,000 inhabitants",0.0
2011,Nursing and midwifery professionals,Retired,,Gipuzkoa,"Per 10,000 inhabitants",0.0
2013,Nursing and midwifery professionals,Retired,,Gipuzkoa,"Per 10,000 inhabitants",0.0
2015,Nursing and midwifery professionals,Retired,,Gipuzkoa,"Per 10,000 inhabitants",0.0
2017,Nursing and midwifery professionals,Not retired,,Gipuzkoa,"Per 10,000 inhabitants",72.1
2014,Nursing and midwifery professionals,,,Gipuzkoa,"Per 10,000 inhabitants",71.2
2022,Nursing and midwifery professionals,,,Gipuzkoa,"Per 10,000 inhabitants",76.0
2010,Nursing and midwifery professionals,,,Gipuzkoa,"Per 10,000 inhabitants",69.0
2013,Nursing and midwifery professionals,Retired,Female,,"Per 10,000 inhabitants",0.1
2014,Nursing and midwifery professionals,,Female,,"Per 10,000 inhabitants",127.3
2012,Nursing and midwifery professionals,Retired,Female,,"Per 10,000 inhabitants",0.2
2015,Nursing and midwifery professionals,Retired,Female,,"Per 10,000 inhabitants",0.1
2021,Nursing and midwifery professionals,Retired,Female,,"Per 10,000 inhabitants",0.1
2023,Nursing and midwifery professionals,Not retired,Female,,"Per 10,000 inhabitants",139.0
2018,Nursing and midwifery professionals,Retired,Female,,"Per 10,000 inhabitants",0.1
2015,Nursing and midwifery professionals,Not retired,Female,,"Per 10,000 inhabitants",129.5
2013,Nursing and midwifery professionals,Not retired,Female,,"Per 10,000 inhabitants",124.8
2018,Nursing and midwifery professionals,Not retired,Female,,"Per 10,000 inhabitants",132.6
2024,Nursing and midwifery professionals,Not retired,Female,,"Per 10,000 inhabitants",140.6
2014,Nursing and midwifery professionals,Retired,Female,,"Per 10,000 inhabitants",0.0
2017,Nursing and midwifery professionals,Retired,Female,,"Per 10,000 inhabitants",0.1
2012,Nursing and midwifery professionals,Not retired,Female,,"Per 10,000 inhabitants",123.3
2010,Nursing and midwifery professionals,Not retired,Female,,"Per 10,000 inhabitants",120.7
2016,Nursing and midwifery professionals,Not retired,Female,,"Per 10,000 inhabitants",130.8
2017,Nursing and midwifery professionals,Not retired,Female,,"Per 10,000 inhabitants",131.7
2019,Nursing and midwifery professionals,Not retired,Female,,"Per 10,000 inhabitants",133.2
2011,Nursing and midwifery professionals,Not retired,Female,,"Per 10,000 inhabitants",122.4
2025,Nursing and midwifery professionals,Not retired,Female,,"Per 10,000 inhabitants",143.1
2022,Nursing and midwifery professionals,Not retired,Female,,"Per 10,000 inhabitants",137.3
2023,Nursing and midwifery professionals,,Female,,"Per 10,000 inhabitants",153.7
2020,Nursing and midwifery professionals,,Female,,"Per 10,000 inhabitants",136.2
2016,Nursing and midwifery professionals,,Female,,"Per 10,000 inhabitants",130.9
2024,Nursing and midwifery professionals,Retired,Female,,"Per 10,000 inhabitants",12.2
2014,Nursing and midwifery professionals,Not retired,Female,,"Per 10,000 inhabitants",127.3
2019,Nursing and midwifery professionals,,Female,,"Per 10,000 inhabitants",133.3
2010,Nursing and midwifery professionals,,Female,,"Per 10,000 inhabitants",120.9
2020,Nursing and midwifery professionals,Retired,Female,,"Per 10,000 inhabitants",0.1
2025,Nursing and midwifery professionals,Retired,Female,,"Per 10,000 inhabitants",12.9
2022,Nursing and midwifery professionals,,Female,,"Per 10,000 inhabitants",137.4
2018,Nursing and midwifery professionals,,Female,,"Per 10,000 inhabitants",132.7
2019,Nursing and midwifery professionals,Retired,Female,,"Per 10,000 inhabitants",0.1
2025,Nursing and midwifery professionals,,Female,,"Per 10,000 inhabitants",156.0
2022,Nursing and midwifery professionals,Retired,Female,,"Per 10,000 inhabitants",0.1
2011,Nursing and midwifery professionals,Retired,Female,,"Per 10,000 inhabitants",0.4
2011,Nursing and midwifery professionals,,Female,,"Per 10,000 inhabitants",122.8
2010,Nursing and midwifery professionals,Retired,Female,,"Per 10,000 inhabitants",0.2
2016,Nursing and midwifery professionals,Retired,Female,,"Per 10,000 inhabitants",0.1
2023,Nursing and midwifery professionals,Retired,Female,,"Per 10,000 inhabitants",14.6
2015,Nursing and midwifery professionals,,Female,,"Per 10,000 inhabitants",129.6
2017,Nursing and midwifery professionals,,Female,,"Per 10,000 inhabitants",131.8
2013,Nursing and midwifery professionals,,Female,,"Per 10,000 inhabitants",125.0
2021,Nursing and midwifery professionals,,Female,,"Per 10,000 inhabitants",137.3
2021,Nursing and midwifery professionals,Not retired,Female,,"Per 10,000 inhabitants",137.2
2024,Nursing and midwifery professionals,,Female,,"Per 10,000 inhabitants",152.8
2012,Nursing and midwifery professionals,,Female,,"Per 10,000 inhabitants",123.5
2020,Nursing and midwifery professionals,Not retired,Female,,"Per 10,000 inhabitants",136.1
2016,Nursing and midwifery professionals,,Female,Araba/Álava,"Per 10,000 inhabitants",151.0
2024,Nursing and midwifery professionals,Not retired,Female,Araba/Álava,"Per 10,000 inhabitants",152.4
2022,Nursing and midwifery professionals,Retired,Female,Araba/Álava,"Per 10,000 inhabitants",0.6
2012,Nursing and midwifery professionals,Not retired,Female,Araba/Álava,"Per 10,000 inhabitants",141.5
2022,Nursing and midwifery professionals,,Female,Araba/Álava,"Per 10,000 inhabitants",154.9
2023,Nursing and midwifery professionals,Not retired,Female,Araba/Álava,"Per 10,000 inhabitants",154.5
2016,Nursing and midwifery professionals,Not retired,Female,Araba/Álava,"Per 10,000 inhabitants",150.3
2019,Nursing and midwifery professionals,Not retired,Female,Araba/Álava,"Per 10,000 inhabitants",152.0
2023,Nursing and midwifery professionals,,Female,Araba/Álava,"Per 10,000 inhabitants",155.2
2013,Nursing and midwifery professionals,,Female,Araba/Álava,"Per 10,000 inhabitants",143.0
2020,Nursing and midwifery professionals,Retired,Female,Araba/Álava,"Per 10,000 inhabitants",0.6
2017,Nursing and midwifery professionals,,Female,Araba/Álava,"Per 10,000 inhabitants",153.4
2012,Nursing and midwifery professionals,Retired,Female,Araba/Álava,"Per 10,000 inhabitants",1.1
2025,Nursing and midwifery professionals,,Female,Araba/Álava,"Per 10,000 inhabitants",156.0
2021,Nursing and midwifery professionals,,Female,Araba/Álava,"Per 10,000 inhabitants",155.0
2019,Nursing and midwifery professionals,Retired,Female,Araba/Álava,"Per 10,000 inhabitants",0.4
2015,Nursing and midwifery professionals,,Female,Araba/Álava,"Per 10,000 inhabitants",149.5
2014,Nursing and midwifery professionals,,Female,Araba/Álava,"Per 10,000 inhabitants",146.3
2011,Nursing and midwifery professionals,,Female,Araba/Álava,"Per 10,000 inhabitants",140.3
2018,Nursing and midwifery professionals,,Female,Araba/Álava,"Per 10,000 inhabitants",155.1
2011,Nursing and midwifery professionals,Not retired,Female,Araba/Álava,"Per 10,000 inhabitants",137.6
2010,Nursing and midwifery professionals,,Female,Araba/Álava,"Per 10,000 inhabitants",137.3
2010,Nursing and midwifery professionals,Not retired,Female,Araba/Álava,"Per 10,000 inhabitants",136.2
2017,Nursing and midwifery professionals,Not retired,Female,Araba/Álava,"Per 10,000 inhabitants",152.9
2018,Nursing and midwifery professionals,Not retired,Female,Araba/Álava,"Per 10,000 inhabitants",154.6
2020,Nursing and midwifery professionals,,Female,Araba/Álava,"Per 10,000 inhabitants",154.7
2012,Nursing and midwifery professionals,,Female,Araba/Álava,"Per 10,000 inhabitants",142.7
2024,Nursing and midwifery professionals,,Female,Araba/Álava,"Per 10,000 inhabitants",154.2
2010,Nursing and midwifery professionals,Retired,Female,Araba/Álava,"Per 10,000 inhabitants",1.1
2018,Nursing and midwifery professionals,Retired,Female,Araba/Álava,"Per 10,000 inhabitants",0.5
2014,Nursing and midwifery professionals,Retired,Female,Araba/Álava,"Per 10,000 inhabitants",0.2
2024,Nursing and midwifery professionals,Retired,Female,Araba/Álava,"Per 10,000 inhabitants",1.7
2019,Nursing and midwifery professionals,,Female,Araba/Álava,"Per 10,000 inhabitants",152.3
2021,Nursing and midwifery professionals,Retired,Female,Araba/Álava,"Per 10,000 inhabitants",0.6
2025,Nursing and midwifery professionals,Retired,Female,Araba/Álava,"Per 10,000 inhabitants",0.6
2017,Nursing and midwifery professionals,Retired,Female,Araba/Álava,"Per 10,000 inhabitants",0.5
2016,Nursing and midwifery professionals,Retired,Female,Araba/Álava,"Per 10,000 inhabitants",0.7
2011,Nursing and midwifery professionals,Retired,Female,Araba/Álava,"Per 10,000 inhabitants",2.7
2025,Nursing and midwifery professionals,Not retired,Female,Araba/Álava,"Per 10,000 inhabitants",155.3
2014,Nursing and midwifery professionals,Not retired,Female,Araba/Álava,"Per 10,000 inhabitants",146.1
2021,Nursing and midwifery professionals,Not retired,Female,Araba/Álava,"Per 10,000 inhabitants",154.4
2015,Nursing and midwifery professionals,Not retired,Female,Araba/Álava,"Per 10,000 inhabitants",148.5
2013,Nursing and midwifery professionals,Not retired,Female,Araba/Álava,"Per 10,000 inhabitants",142.2
2020,Nursing and midwifery professionals,Not retired,Female,Araba/Álava,"Per 10,000 inhabitants",154.1
2013,Nursing and midwifery professionals,Retired,Female,Araba/Álava,"Per 10,000 inhabitants",0.8
2015,Nursing and midwifery professionals,Retired,Female,Araba/Álava,"Per 10,000 inhabitants",1.0
2022,Nursing and midwifery professionals,Not retired,Female,Araba/Álava,"Per 10,000 inhabitants",154.2
2023,Nursing and midwifery professionals,Retired,Female,Araba/Álava,"Per 10,000 inhabitants",0.7
2019,Nursing and midwifery professionals,Retired,Female,Bizkaia,"Per 10,000 inhabitants",0.0
2021,Nursing and midwifery professionals,Retired,Female,Bizkaia,"Per 10,000 inhabitants",0.0
2023,Nursing and midwifery professionals,Retired,Female,Bizkaia,"Per 10,000 inhabitants",0.0
2016,Nursing and midwifery professionals,Not retired,Female,Bizkaia,"Per 10,000 inhabitants",124.8
2022,Nursing and midwifery professionals,Retired,Female,Bizkaia,"Per 10,000 inhabitants",0.0
2012,Nursing and midwifery professionals,,Female,Bizkaia,"Per 10,000 inhabitants",117.6
2016,Nursing and midwifery professionals,,Female,Bizkaia,"Per 10,000 inhabitants",124.8
2010,Nursing and midwifery professionals,Retired,Female,Bizkaia,"Per 10,000 inhabitants",0.0
2015,Nursing and midwifery professionals,,Female,Bizkaia,"Per 10,000 inhabitants",123.2
2014,Nursing and midwifery professionals,Retired,Female,Bizkaia,"Per 10,000 inhabitants",0.0
2023,Nursing and midwifery professionals,Not retired,Female,Bizkaia,"Per 10,000 inhabitants",135.0
2023,Nursing and midwifery professionals,,Female,Bizkaia,"Per 10,000 inhabitants",135.0
2011,Nursing and midwifery professionals,,Female,Bizkaia,"Per 10,000 inhabitants",116.4
2019,Nursing and midwifery professionals,,Female,Bizkaia,"Per 10,000 inhabitants",128.3
2022,Nursing and midwifery professionals,,Female,Bizkaia,"Per 10,000 inhabitants",132.8
2010,Nursing and midwifery professionals,,Female,Bizkaia,"Per 10,000 inhabitants",112.4
2018,Nursing and midwifery professionals,Not retired,Female,Bizkaia,"Per 10,000 inhabitants",127.7
2012,Nursing and midwifery professionals,Retired,Female,Bizkaia,"Per 10,000 inhabitants",0.0
2024,Nursing and midwifery professionals,,Female,Bizkaia,"Per 10,000 inhabitants",137.0
2018,Nursing and midwifery professionals,Retired,Female,Bizkaia,"Per 10,000 inhabitants",0.0
2015,Nursing and midwifery professionals,Retired,Female,Bizkaia,"Per 10,000 inhabitants",0.0
2016,Nursing and midwifery professionals,Retired,Female,Bizkaia,"Per 10,000 inhabitants",0.0
2013,Nursing and midwifery professionals,Retired,Female,Bizkaia,"Per 10,000 inhabitants",0.0
2011,Nursing and midwifery professionals,Retired,Female,Bizkaia,"Per 10,000 inhabitants",0.0
2017,Nursing and midwifery professionals,Retired,Female,Bizkaia,"Per 10,000 inhabitants",0.0
2024,Nursing and midwifery professionals,Retired,Female,Bizkaia,"Per 10,000 inhabitants",0.0
2020,Nursing and midwifery professionals,Retired,Female,Bizkaia,"Per 10,000 inhabitants",0.0
2025,Nursing and midwifery professionals,Retired,Female,Bizkaia,"Per 10,000 inhabitants",0.0
2019,Nursing and midwifery professionals,Not retired,Female,Bizkaia,"Per 10,000 inhabitants",128.3
2015,Nursing and midwifery professionals,Not retired,Female,Bizkaia,"Per 10,000 inhabitants",123.2
2014,Nursing and midwifery professionals,Not retired,Female,Bizkaia,"Per 10,000 inhabitants",120.3
2012,Nursing and midwifery professionals,Not retired,Female,Bizkaia,"Per 10,000 inhabitants",117.6
2010,Nursing and midwifery professionals,Not retired,Female,Bizkaia,"Per 10,000 inhabitants",112.4
2021,Nursing and midwifery professionals,Not retired,Female,Bizkaia,"Per 10,000 inhabitants",132.8
2024,Nursing and midwifery professionals,Not retired,Female,Bizkaia,"Per 10,000 inhabitants",137.0
2022,Nursing and midwifery professionals,Not retired,Female,Bizkaia,"Per 10,000 inhabitants",132.8
2020,Nursing and midwifery professionals,Not retired,Female,Bizkaia,"Per 10,000 inhabitants",131.5
2025,Nursing and midwifery professionals,Not retired,Female,Bizkaia,"Per 10,000 inhabitants",139.8
2017,Nursing and midwifery professionals,Not retired,Female,Bizkaia,"Per 10,000 inhabitants",126.3
2011,Nursing and midwifery professionals,Not retired,Female,Bizkaia,"Per 10,000 inhabitants",116.4
2018,Nursing and midwifery professionals,,Female,Bizkaia,"Per 10,000 inhabitants",127.7
2017,Nursing and midwifery professionals,,Female,Bizkaia,"Per 10,000 inhabitants",126.3
2020,Nursing and midwifery professionals,,Female,Bizkaia,"Per 10,000 inhabitants",131.5
2025,Nursing and midwifery professionals,,Female,Bizkaia,"Per 10,000 inhabitants",139.8
2013,Nursing and midwifery professionals,,Female,Bizkaia,"Per 10,000 inhabitants",118.2
2014,Nursing and midwifery professionals,,Female,Bizkaia,"Per 10,000 inhabitants",120.3
2013,Nursing and midwifery professionals,Not retired,Female,Bizkaia,"Per 10,000 inhabitants",118.2
2021,Nursing and midwifery professionals,,Female,Bizkaia,"Per 10,000 inhabitants",132.8
2010,Nursing and midwifery professionals,Not retired,Female,Gipuzkoa,"Per 10,000 inhabitants",127.6
2010,Nursing and midwifery professionals,Retired,Female,Gipuzkoa,"Per 10,000 inhabitants",0.0
2022,Nursing and midwifery professionals,Retired,Female,Gipuzkoa,"Per 10,000 inhabitants",0.0
2018,Nursing and midwifery professionals,Retired,Female,Gipuzkoa,"Per 10,000 inhabitants",0.0
2015,Nursing and midwifery professionals,Not retired,Female,Gipuzkoa,"Per 10,000 inhabitants",131.2
2016,Nursing and midwifery professionals,Retired,Female,Gipuzkoa,"Per 10,000 inhabitants",0.0
2013,Nursing and midwifery professionals,Retired,Female,Gipuzkoa,"Per 10,000 inhabitants",0.0
2011,Nursing and midwifery professionals,Retired,Female,Gipuzkoa,"Per 10,000 inhabitants",0.0
2021,Nursing and midwifery professionals,Retired,Female,Gipuzkoa,"Per 10,000 inhabitants",0.0
2024,Nursing and midwifery professionals,Retired,Female,Gipuzkoa,"Per 10,000 inhabitants",36.9
2019,Nursing and midwifery professionals,Retired,Female,Gipuzkoa,"Per 10,000 inhabitants",0.0
2025,Nursing and midwifery professionals,Retired,Female,Gipuzkoa,"Per 10,000 inhabitants",39.6
2017,Nursing and midwifery professionals,Not retired,Female,Gipuzkoa,"Per 10,000 inhabitants",131.0
2019,Nursing and midwifery professionals,Not retired,Female,Gipuzkoa,"Per 10,000 inhabitants",132.8
2011,Nursing and midwifery professionals,Not retired,Female,Gipuzkoa,"Per 10,000 inhabitants",125.6
2016,Nursing and midwifery professionals,Not retired,Female,Gipuzkoa,"Per 10,000 inhabitants",131.7
2020,Nursing and midwifery professionals,Not retired,Female,Gipuzkoa,"Per 10,000 inhabitants",135.5
2014,Nursing and midwifery professionals,Not retired,Female,Gipuzkoa,"Per 10,000 inhabitants",130.3
2013,Nursing and midwifery professionals,Not retired,Female,Gipuzkoa,"Per 10,000 inhabitants",128.0
2022,Nursing and midwifery professionals,Not retired,Female,Gipuzkoa,"Per 10,000 inhabitants",136.6
2025,Nursing and midwifery professionals,Not retired,Female,Gipuzkoa,"Per 10,000 inhabitants",142.6
2021,Nursing and midwifery professionals,Not retired,Female,Gipuzkoa,"Per 10,000 inhabitants",136.4
2020,Nursing and midwifery professionals,Retired,Female,Gipuzkoa,"Per 10,000 inhabitants",0.0
2025,Nursing and midwifery professionals,,Female,Gipuzkoa,"Per 10,000 inhabitants",182.2
2016,Nursing and midwifery professionals,,Female,Gipuzkoa,"Per 10,000 inhabitants",131.7
2017,Nursing and midwifery professionals,,Female,Gipuzkoa,"Per 10,000 inhabitants",131.0
2018,Nursing and midwifery professionals,,Female,Gipuzkoa,"Per 10,000 inhabitants",130.5
2021,Nursing and midwifery professionals,,Female,Gipuzkoa,"Per 10,000 inhabitants",136.4
2023,Nursing and midwifery professionals,Not retired,Female,Gipuzkoa,"Per 10,000 inhabitants",138.4
2023,Nursing and midwifery professionals,Retired,Female,Gipuzkoa,"Per 10,000 inhabitants",44.6
2014,Nursing and midwifery professionals,Retired,Female,Gipuzkoa,"Per 10,000 inhabitants",0.0
2020,Nursing and midwifery professionals,,Female,Gipuzkoa,"Per 10,000 inhabitants",135.5
2024,Nursing and midwifery professionals,Not retired,Female,Gipuzkoa,"Per 10,000 inhabitants",141.0
2018,Nursing and midwifery professionals,Not retired,Female,Gipuzkoa,"Per 10,000 inhabitants",130.5
2012,Nursing and midwifery professionals,Retired,Female,Gipuzkoa,"Per 10,000 inhabitants",0.0
2010,Nursing and midwifery professionals,,Female,Gipuzkoa,"Per 10,000 inhabitants",127.6
2017,Nursing and midwifery professionals,Retired,Female,Gipuzkoa,"Per 10,000 inhabitants",0.0
2012,Nursing and midwifery professionals,Not retired,Female,Gipuzkoa,"Per 10,000 inhabitants",124.7
2024,Nursing and midwifery professionals,,Female,Gipuzkoa,"Per 10,000 inhabitants",177.8
2011,Nursing and midwifery professionals,,Female,Gipuzkoa,"Per 10,000 inhabitants",125.6
2019,Nursing and midwifery professionals,,Female,Gipuzkoa,"Per 10,000 inhabitants",132.8
2023,Nursing and midwifery professionals,,Female,Gipuzkoa,"Per 10,000 inhabitants",183.0
2022,Nursing and midwifery professionals,,Female,Gipuzkoa,"Per 10,000 inhabitants",136.6
2014,Nursing and midwifery professionals,,Female,Gipuzkoa,"Per 10,000 inhabitants",130.3
2015,Nursing and midwifery professionals,,Female,Gipuzkoa,"Per 10,000 inhabitants",131.2
2015,Nursing and midwifery professionals,Retired,Female,Gipuzkoa,"Per 10,000 inhabitants",0.0
2012,Nursing and midwifery professionals,,Female,Gipuzkoa,"Per 10,000 inhabitants",124.7
2013,Nursing and midwifery professionals,,Female,Gipuzkoa,"Per 10,000 inhabitants",128.0
2024,Nursing and midwifery professionals,Not retired,Male,,"Per 10,000 inhabitants",19.3
2014,Nursing and midwifery professionals,Not retired,Male,,"Per 10,000 inhabitants",13.9
2020,Nursing and midwifery professionals,Not retired,Male,,"Per 10,000 inhabitants",17.5
2018,Nursing and midwifery professionals,Retired,Male,,"Per 10,000 inhabitants",0.0
2022,Nursing and midwifery professionals,,Male,,"Per 10,000 inhabitants",18.2
2014,Nursing and midwifery professionals,Retired,Male,,"Per 10,000 inhabitants",0.0
2011,Nursing and midwifery professionals,,Male,,"Per 10,000 inhabitants",14.4
2013,Nursing and midwifery professionals,,Male,,"Per 10,000 inhabitants",13.5
2021,Nursing and midwifery professionals,Not retired,Male,,"Per 10,000 inhabitants",17.9
2010,Nursing and midwifery professionals,,Male,,"Per 10,000 inhabitants",12.5
2019,Nursing and midwifery professionals,,Male,,"Per 10,000 inhabitants",16.3
2018,Nursing and midwifery professionals,,Male,,"Per 10,000 inhabitants",15.5
2025,Nursing and midwifery professionals,Retired,Male,,"Per 10,000 inhabitants",0.9
2017,Nursing and midwifery professionals,Retired,Male,,"Per 10,000 inhabitants",0.0
2025,Nursing and midwifery professionals,Not retired,Male,,"Per 10,000 inhabitants",20.1
2015,Nursing and midwifery professionals,,Male,,"Per 10,000 inhabitants",14.3
2013,Nursing and midwifery professionals,Retired,Male,,"Per 10,000 inhabitants",0.0
2012,Nursing and midwifery professionals,Retired,Male,,"Per 10,000 inhabitants",0.0
2020,Nursing and midwifery professionals,Retired,Male,,"Per 10,000 inhabitants",0.0
2010,Nursing and midwifery professionals,Retired,Male,,"Per 10,000 inhabitants",0.0
2011,Nursing and midwifery professionals,Retired,Male,,"Per 10,000 inhabitants",0.0
2015,Nursing and midwifery professionals,Not retired,Male,,"Per 10,000 inhabitants",14.3
2024,Nursing and midwifery professionals,Retired,Male,,"Per 10,000 inhabitants",0.9
2023,Nursing and midwifery professionals,Not retired,Male,,"Per 10,000 inhabitants",18.9
2021,Nursing and midwifery professionals,,Male,,"Per 10,000 inhabitants",17.9
2012,Nursing and midwifery professionals,,Male,,"Per 10,000 inhabitants",14.5
2015,Nursing and midwifery professionals,Retired,Male,,"Per 10,000 inhabitants",0.0
2020,Nursing and midwifery professionals,,Male,,"Per 10,000 inhabitants",17.5
2023,Nursing and midwifery professionals,Retired,Male,,"Per 10,000 inhabitants",1.8
2021,Nursing and midwifery professionals,Retired,Male,,"Per 10,000 inhabitants",0.0
2013,Nursing and midwifery professionals,Not retired,Male,,"Per 10,000 inhabitants",13.5
2017,Nursing and midwifery professionals,Not retired,Male,,"Per 10,000 inhabitants",15.1
2014,Nursing and midwifery professionals,,Male,,"Per 10,000 inhabitants",13.9
2017,Nursing and midwifery professionals,,Male,,"Per 10,000 inhabitants",15.1
2025,Nursing and midwifery professionals,,Male,,"Per 10,000 inhabitants",21.0
2022,Nursing and midwifery professionals,Not retired,Male,,"Per 10,000 inhabitants",18.2
2024,Nursing and midwifery professionals,,Male,,"Per 10,000 inhabitants",20.2
2019,Nursing and midwifery professionals,Retired,Male,,"Per 10,000 inhabitants",0.0
2012,Nursing and midwifery professionals,Not retired,Male,,"Per 10,000 inhabitants",14.5
2023,Nursing and midwifery professionals,,Male,,"Per 10,000 inhabitants",20.8
2022,Nursing and midwifery professionals,Retired,Male,,"Per 10,000 inhabitants",0.0
2010,Nursing and midwifery professionals,Not retired,Male,,"Per 10,000 inhabitants",12.5
2016,Nursing and midwifery professionals,Retired,Male,,"Per 10,000 inhabitants",0.0
2016,Nursing and midwifery professionals,,Male,,"Per 10,000 inhabitants",14.8
2016,Nursing and midwifery professionals,Not retired,Male,,"Per 10,000 inhabitants",14.8
2011,Nursing and midwifery professionals,Not retired,Male,,"Per 10,000 inhabitants",14.4
2018,Nursing and midwifery professionals,Not retired,Male,,"Per 10,000 inhabitants",15.5
2019,Nursing and midwifery professionals,Not retired,Male,,"Per 10,000 inhabitants",16.3
2020,Nursing and midwifery professionals,Retired,Male,Araba/Álava,"Per 10,000 inhabitants",0.1
2010,Nursing and midwifery professionals,Retired,Male,Araba/Álava,"Per 10,000 inhabitants",0.0
2012,Nursing and midwifery professionals,Retired,Male,Araba/Álava,"Per 10,000 inhabitants",0.1
2014,Nursing and midwifery professionals,Retired,Male,Araba/Álava,"Per 10,000 inhabitants",0.1
2022,Nursing and midwifery professionals,Retired,Male,Araba/Álava,"Per 10,000 inhabitants",0.1
2020,Nursing and midwifery professionals,,Male,Araba/Álava,"Per 10,000 inhabitants",18.0
2013,Nursing and midwifery professionals,,Male,Araba/Álava,"Per 10,000 inhabitants",12.7
2022,Nursing and midwifery professionals,Not retired,Male,Araba/Álava,"Per 10,000 inhabitants",19.4
2021,Nursing and midwifery professionals,Retired,Male,Araba/Álava,"Per 10,000 inhabitants",0.1
2025,Nursing and midwifery professionals,,Male,Araba/Álava,"Per 10,000 inhabitants",21.2
2015,Nursing and midwifery professionals,,Male,Araba/Álava,"Per 10,000 inhabitants",13.9
2023,Nursing and midwifery professionals,,Male,Araba/Álava,"Per 10,000 inhabitants",20.1
2015,Nursing and midwifery professionals,Retired,Male,Araba/Álava,"Per 10,000 inhabitants",0.1
2016,Nursing and midwifery professionals,Retired,Male,Araba/Álava,"Per 10,000 inhabitants",0.1
2011,Nursing and midwifery professionals,Retired,Male,Araba/Álava,"Per 10,000 inhabitants",0.1
2010,Nursing and midwifery professionals,,Male,Araba/Álava,"Per 10,000 inhabitants",12.2
2022,Nursing and midwifery professionals,,Male,Araba/Álava,"Per 10,000 inhabitants",19.5
2012,Nursing and midwifery professionals,,Male,Araba/Álava,"Per 10,000 inhabitants",12.5
2018,Nursing and midwifery professionals,,Male,Araba/Álava,"Per 10,000 inhabitants",16.2
2021,Nursing and midwifery professionals,,Male,Araba/Álava,"Per 10,000 inhabitants",19.5
2016,Nursing and midwifery professionals,,Male,Araba/Álava,"Per 10,000 inhabitants",14.8
2014,Nursing and midwifery professionals,,Male,Araba/Álava,"Per 10,000 inhabitants",13.6
2017,Nursing and midwifery professionals,,Male,Araba/Álava,"Per 10,000 inhabitants",15.4
2018,Nursing and midwifery professionals,Retired,Male,Araba/Álava,"Per 10,000 inhabitants",0.0
2011,Nursing and midwifery professionals,,Male,Araba/Álava,"Per 10,000 inhabitants",12.2
2010,Nursing and midwifery professionals,Not retired,Male,Araba/Álava,"Per 10,000 inhabitants",12.2
2025,Nursing and midwifery professionals,Not retired,Male,Araba/Álava,"Per 10,000 inhabitants",21.2
2020,Nursing and midwifery professionals,Not retired,Male,Araba/Álava,"Per 10,000 inhabitants",17.9
2016,Nursing and midwifery professionals,Not retired,Male,Araba/Álava,"Per 10,000 inhabitants",14.7
2021,Nursing and midwifery professionals,Not retired,Male,Araba/Álava,"Per 10,000 inhabitants",19.4
2018,Nursing and midwifery professionals,Not retired,Male,Araba/Álava,"Per 10,000 inhabitants",16.2
2013,Nursing and midwifery professionals,Not retired,Male,Araba/Álava,"Per 10,000 inhabitants",12.7
2014,Nursing and midwifery professionals,Not retired,Male,Araba/Álava,"Per 10,000 inhabitants",13.6
2019,Nursing and midwifery professionals,Not retired,Male,Araba/Álava,"Per 10,000 inhabitants",16.9
2024,Nursing and midwifery professionals,,Male,Araba/Álava,"Per 10,000 inhabitants",20.8
2012,Nursing and midwifery professionals,Not retired,Male,Araba/Álava,"Per 10,000 inhabitants",12.4
2011,Nursing and midwifery professionals,Not retired,Male,Araba/Álava,"Per 10,000 inhabitants",12.0
2025,Nursing and midwifery professionals,Retired,Male,Araba/Álava,"Per 10,000 inhabitants",0.0
2013,Nursing and midwifery professionals,Retired,Male,Araba/Álava,"Per 10,000 inhabitants",0.0
2024,Nursing and midwifery professionals,Not retired,Male,Araba/Álava,"Per 10,000 inhabitants",20.6
2015,Nursing and midwifery professionals,Not retired,Male,Araba/Álava,"Per 10,000 inhabitants",13.8
2017,Nursing and midwifery professionals,Retired,Male,Araba/Álava,"Per 10,000 inhabitants",0.0
2017,Nursing and midwifery professionals,Not retired,Male,Araba/Álava,"Per 10,000 inhabitants",15.4
2023,Nursing and midwifery professionals,Retired,Male,Araba/Álava,"Per 10,000 inhabitants",0.1
2019,Nursing and midwifery professionals,Retired,Male,Araba/Álava,"Per 10,000 inhabitants",0.1
2019,Nursing and midwifery professionals,,Male,Araba/Álava,"Per 10,000 inhabitants",17.0
2024,Nursing and midwifery professionals,Retired,Male,Araba/Álava,"Per 10,000 inhabitants",0.2
2023,Nursing and midwifery professionals,Not retired,Male,Araba/Álava,"Per 10,000 inhabitants",19.9
2019,Nursing and midwifery professionals,Not retired,Male,Bizkaia,"Per 10,000 inhabitants",19.3
2021,Nursing and midwifery professionals,Not retired,Male,Bizkaia,"Per 10,000 inhabitants",21.1
2016,Nursing and midwifery professionals,,Male,Bizkaia,"Per 10,000 inhabitants",17.7
2025,Nursing and midwifery professionals,Not retired,Male,Bizkaia,"Per 10,000 inhabitants",24.1
2022,Nursing and midwifery professionals,Not retired,Male,Bizkaia,"Per 10,000 inhabitants",21.5
2023,Nursing and midwifery professionals,Not retired,Male,Bizkaia,"Per 10,000 inhabitants",22.4
2018,Nursing and midwifery professionals,Not retired,Male,Bizkaia,"Per 10,000 inhabitants",18.4
2024,Nursing and midwifery professionals,Not retired,Male,Bizkaia,"Per 10,000 inhabitants",23.0
2012,Nursing and midwifery professionals,Not retired,Male,Bizkaia,"Per 10,000 inhabitants",16.2
2013,Nursing and midwifery professionals,Not retired,Male,Bizkaia,"Per 10,000 inhabitants",16.3
2015,Nursing and midwifery professionals,Not retired,Male,Bizkaia,"Per 10,000 inhabitants",17.1
2010,Nursing and midwifery professionals,Not retired,Male,Bizkaia,"Per 10,000 inhabitants",15.2
2011,Nursing and midwifery professionals,Retired,Male,Bizkaia,"Per 10,000 inhabitants",0.0
2011,Nursing and midwifery professionals,Not retired,Male,Bizkaia,"Per 10,000 inhabitants",15.9
2021,Nursing and midwifery professionals,Retired,Male,Bizkaia,"Per 10,000 inhabitants",0.0
2017,Nursing and midwifery professionals,Retired,Male,Bizkaia,"Per 10,000 inhabitants",0.0
2013,Nursing and midwifery professionals,Retired,Male,Bizkaia,"Per 10,000 inhabitants",0.0
2023,Nursing and midwifery professionals,Retired,Male,Bizkaia,"Per 10,000 inhabitants",0.0
2016,Nursing and midwifery professionals,Retired,Male,Bizkaia,"Per 10,000 inhabitants",0.0
2015,Nursing and midwifery professionals,Retired,Male,Bizkaia,"Per 10,000 inhabitants",0.0
2022,Nursing and midwifery professionals,,Male,Bizkaia,"Per 10,000 inhabitants",21.5
2024,Nursing and midwifery professionals,Retired,Male,Bizkaia,"Per 10,000 inhabitants",0.0
2014,Nursing and midwifery professionals,Retired,Male,Bizkaia,"Per 10,000 inhabitants",0.0
2020,Nursing and midwifery professionals,Retired,Male,Bizkaia,"Per 10,000 inhabitants",0.0
2010,Nursing and midwifery professionals,Retired,Male,Bizkaia,"Per 10,000 inhabitants",0.0
2018,Nursing and midwifery professionals,Retired,Male,Bizkaia,"Per 10,000 inhabitants",0.0
2012,Nursing and midwifery professionals,Retired,Male,Bizkaia,"Per 10,000 inhabitants",0.0
2022,Nursing and midwifery professionals,Retired,Male,Bizkaia,"Per 10,000 inhabitants",0.0
2016,Nursing and midwifery professionals,Not retired,Male,Bizkaia,"Per 10,000 inhabitants",17.7
2014,Nursing and midwifery professionals,Not retired,Male,Bizkaia,"Per 10,000 inhabitants",16.6
2015,Nursing and midwifery professionals,,Male,Bizkaia,"Per 10,000 inhabitants",17.1
2014,Nursing and midwifery professionals,,Male,Bizkaia,"Per 10,000 inhabitants",16.6
2010,Nursing and midwifery professionals,,Male,Bizkaia,"Per 10,000 inhabitants",15.2
2018,Nursing and midwifery professionals,,Male,Bizkaia,"Per 10,000 inhabitants",18.4
2021,Nursing and midwifery professionals,,Male,Bizkaia,"Per 10,000 inhabitants",21.1
2023,Nursing and midwifery professionals,,Male,Bizkaia,"Per 10,000 inhabitants",22.4
2013,Nursing and midwifery professionals,,Male,Bizkaia,"Per 10,000 inhabitants",16.3
2012,Nursing and midwifery professionals,,Male,Bizkaia,"Per 10,000 inhabitants",16.2
2017,Nursing and midwifery professionals,Not retired,Male,Bizkaia,"Per 10,000 inhabitants",17.9
2017,Nursing and midwifery professionals,,Male,Bizkaia,"Per 10,000 inhabitants",17.9
2020,Nursing and midwifery professionals,,Male,Bizkaia,"Per 10,000 inhabitants",20.9
2024,Nursing and midwifery professionals,,Male,Bizkaia,"Per 10,000 inhabitants",23.0
2019,Nursing and midwifery professionals,,Male,Bizkaia,"Per 10,000 inhabitants",19.3
2011,Nursing and midwifery professionals,,Male,Bizkaia,"Per 10,000 inhabitants",15.9
2025,Nursing and midwifery professionals,,Male,Bizkaia,"Per 10,000 inhabitants",24.1
2019,Nursing and midwifery professionals,Retired,Male,Bizkaia,"Per 10,000 inhabitants",0.0
2025,Nursing and midwifery professionals,Retired,Male,Bizkaia,"Per 10,000 inhabitants",0.0
2020,Nursing and midwifery professionals,Not retired,Male,Bizkaia,"Per 10,000 inhabitants",20.9
2011,Nursing and midwifery professionals,Retired,Male,Gipuzkoa,"Per 10,000 inhabitants",0.0
2017,Nursing and midwifery professionals,Retired,Male,Gipuzkoa,"Per 10,000 inhabitants",0.0
2015,Nursing and midwifery professionals,Retired,Male,Gipuzkoa,"Per 10,000 inhabitants",0.0
2013,Nursing and midwifery professionals,Retired,Male,Gipuzkoa,"Per 10,000 inhabitants",0.0
2023,Nursing and midwifery professionals,Retired,Male,Gipuzkoa,"Per 10,000 inhabitants",5.5
2019,Nursing and midwifery professionals,Retired,Male,Gipuzkoa,"Per 10,000 inhabitants",0.0
2021,Nursing and midwifery professionals,Retired,Male,Gipuzkoa,"Per 10,000 inhabitants",0.0
2024,Nursing and midwifery professionals,Retired,Male,Gipuzkoa,"Per 10,000 inhabitants",2.7
2025,Nursing and midwifery professionals,Retired,Male,Gipuzkoa,"Per 10,000 inhabitants",2.8
2016,Nursing and midwifery professionals,Retired,Male,Gipuzkoa,"Per 10,000 inhabitants",0.0
2010,Nursing and midwifery professionals,Retired,Male,Gipuzkoa,"Per 10,000 inhabitants",0.0
2022,Nursing and midwifery professionals,Retired,Male,Gipuzkoa,"Per 10,000 inhabitants",0.0
2012,Nursing and midwifery professionals,Retired,Male,Gipuzkoa,"Per 10,000 inhabitants",0.0
2020,Nursing and midwifery professionals,Retired,Male,Gipuzkoa,"Per 10,000 inhabitants",0.0
2018,Nursing and midwifery professionals,Retired,Male,Gipuzkoa,"Per 10,000 inhabitants",0.0
2014,Nursing and midwifery professionals,Retired,Male,Gipuzkoa,"Per 10,000 inhabitants",0.0
2023,Nursing and midwifery professionals,,Male,Gipuzkoa,"Per 10,000 inhabitants",18.6
2015,Nursing and midwifery professionals,,Male,Gipuzkoa,"Per 10,000 inhabitants",10.1
2012,Nursing and midwifery professionals,,Male,Gipuzkoa,"Per 10,000 inhabitants",12.8
2016,Nursing and midwifery professionals,,Male,Gipuzkoa,"Per 10,000 inhabitants",10.4
2018,Nursing and midwifery professionals,,Male,Gipuzkoa,"Per 10,000 inhabitants",10.7
2021,Nursing and midwifery professionals,,Male,Gipuzkoa,"Per 10,000 inhabitants",12.2
2013,Nursing and midwifery professionals,,Male,Gipuzkoa,"Per 10,000 inhabitants",9.4
2020,Nursing and midwifery professionals,,Male,Gipuzkoa,"Per 10,000 inhabitants",12.1
2024,Nursing and midwifery professionals,,Male,Gipuzkoa,"Per 10,000 inhabitants",15.6
2017,Nursing and midwifery professionals,,Male,Gipuzkoa,"Per 10,000 inhabitants",10.4
2014,Nursing and midwifery professionals,,Male,Gipuzkoa,"Per 10,000 inhabitants",9.7
2022,Nursing and midwifery professionals,,Male,Gipuzkoa,"Per 10,000 inhabitants",12.5
2019,Nursing and midwifery professionals,,Male,Gipuzkoa,"Per 10,000 inhabitants",11.2
2025,Nursing and midwifery professionals,,Male,Gipuzkoa,"Per 10,000 inhabitants",16.2
2011,Nursing and midwifery professionals,,Male,Gipuzkoa,"Per 10,000 inhabitants",13.2
2010,Nursing and midwifery professionals,,Male,Gipuzkoa,"Per 10,000 inhabitants",8.1
2023,Nursing and midwifery professionals,Not retired,Male,Gipuzkoa,"Per 10,000 inhabitants",13.1
2015,Nursing and midwifery professionals,Not retired,Male,Gipuzkoa,"Per 10,000 inhabitants",10.1
2018,Nursing and midwifery professionals,Not retired,Male,Gipuzkoa,"Per 10,000 inhabitants",10.7
2013,Nursing and midwifery professionals,Not retired,Male,Gipuzkoa,"Per 10,000 inhabitants",9.4
2012,Nursing and midwifery professionals,Not retired,Male,Gipuzkoa,"Per 10,000 inhabitants",12.8
2017,Nursing and midwifery professionals,Not retired,Male,Gipuzkoa,"Per 10,000 inhabitants",10.4
2019,Nursing and midwifery professionals,Not retired,Male,Gipuzkoa,"Per 10,000 inhabitants",11.2
2016,Nursing and midwifery professionals,Not retired,Male,Gipuzkoa,"Per 10,000 inhabitants",10.4
2011,Nursing and midwifery professionals,Not retired,Male,Gipuzkoa,"Per 10,000 inhabitants",13.2
2014,Nursing and midwifery professionals,Not retired,Male,Gipuzkoa,"Per 10,000 inhabitants",9.7
2020,Nursing and midwifery professionals,Not retired,Male,Gipuzkoa,"Per 10,000 inhabitants",12.1
2010,Nursing and midwifery professionals,Not retired,Male,Gipuzkoa,"Per 10,000 inhabitants",8.1
2025,Nursing and midwifery professionals,Not retired,Male,Gipuzkoa,"Per 10,000 inhabitants",13.4
2024,Nursing and midwifery professionals,Not retired,Male,Gipuzkoa,"Per 10,000 inhabitants",12.9
2022,Nursing and midwifery professionals,Not retired,Male,Gipuzkoa,"Per 10,000 inhabitants",12.5
2021,Nursing and midwifery professionals,Not retired,Male,Gipuzkoa,"Per 10,000 inhabitants",12.2
2025,Dentist,,,,"Per 10,000 inhabitants",9.1
2023,Dentist,Not retired,,,"Per 10,000 inhabitants",8.7
2019,Dentist,Not retired,,,"Per 10,000 inhabitants",8.4
2013,Dentist,Not retired,,,"Per 10,000 inhabitants",7.7
2021,Dentist,Not retired,,,"Per 10,000 inhabitants",8.8
2010,Dentist,Not retired,,,"Per 10,000 inhabitants",7.3
2022,Dentist,Not retired,,,"Per 10,000 inhabitants",8.7
2016,Dentist,Not retired,,,"Per 10,000 inhabitants",8.2
2010,Dentist,Retired,,,"Per 10,000 inhabitants",0.0
2020,Dentist,Not retired,,,"Per 10,000 inhabitants",8.5
2024,Dentist,,,,"Per 10,000 inhabitants",9.1
2017,Dentist,Not retired,,,"Per 10,000 inhabitants",8.3
2011,Dentist,,,,"Per 10,000 inhabitants",7.4
2013,Dentist,,,,"Per 10,000 inhabitants",7.8
2014,Dentist,Retired,,,"Per 10,000 inhabitants",0.1
2017,Dentist,Retired,,,"Per 10,000 inhabitants",0.1
2015,Dentist,Not retired,,,"Per 10,000 inhabitants",8.1
2014,Dentist,,,,"Per 10,000 inhabitants",7.9
2024,Dentist,Not retired,,,"Per 10,000 inhabitants",8.7
2012,Dentist,Not retired,,,"Per 10,000 inhabitants",7.5
2017,Dentist,,,,"Per 10,000 inhabitants",8.4
2016,Dentist,,,,"Per 10,000 inhabitants",8.3
2023,Dentist,Retired,,,"Per 10,000 inhabitants",0.3
2015,Dentist,,,,"Per 10,000 inhabitants",8.2
2023,Dentist,,,,"Per 10,000 inhabitants",9.0
2025,Dentist,Not retired,,,"Per 10,000 inhabitants",8.6
2018,Dentist,Not retired,,,"Per 10,000 inhabitants",8.4
2022,Dentist,Retired,,,"Per 10,000 inhabitants",0.3
2019,Dentist,Retired,,,"Per 10,000 inhabitants",0.2
2013,Dentist,Retired,,,"Per 10,000 inhabitants",0.1
2014,Dentist,Not retired,,,"Per 10,000 inhabitants",7.8
2019,Dentist,,,,"Per 10,000 inhabitants",8.6
2016,Dentist,Retired,,,"Per 10,000 inhabitants",0.1
2012,Dentist,Retired,,,"Per 10,000 inhabitants",0.2
2012,Dentist,,,,"Per 10,000 inhabitants",7.6
2020,Dentist,Retired,,,"Per 10,000 inhabitants",0.2
2024,Dentist,Retired,,,"Per 10,000 inhabitants",0.4
2022,Dentist,,,,"Per 10,000 inhabitants",9.0
2018,Dentist,,,,"Per 10,000 inhabitants",8.6
2025,Dentist,Retired,,,"Per 10,000 inhabitants",0.4
2020,Dentist,,,,"Per 10,000 inhabitants",8.8
2010,Dentist,,,,"Per 10,000 inhabitants",7.3
2021,Dentist,Retired,,,"Per 10,000 inhabitants",0.3
2015,Dentist,Retired,,,"Per 10,000 inhabitants",0.1
2021,Dentist,,,,"Per 10,000 inhabitants",9.0
2018,Dentist,Retired,,,"Per 10,000 inhabitants",0.1
2024,Dentist,Retired,,Araba/Álava,"Per 10,000 inhabitants",0.0
2023,Dentist,,,Araba/Álava,"Per 10,000 inhabitants",6.4
2018,Dentist,Retired,,Araba/Álava,"Per 10,000 inhabitants",0.0
2017,Dentist,,,Araba/Álava,"Per 10,000 inhabitants",6.3
2010,Dentist,Retired,,Araba/Álava,"Per 10,000 inhabitants",0.0
2025,Dentist,,,Araba/Álava,"Per 10,000 inhabitants",6.5
2016,Dentist,Not retired,,Araba/Álava,"Per 10,000 inhabitants",6.5
2017,Dentist,Retired,,Araba/Álava,"Per 10,000 inhabitants",0.0
2023,Dentist,Retired,,Araba/Álava,"Per 10,000 inhabitants",0.0
2010,Dentist,,,Araba/Álava,"Per 10,000 inhabitants",5.6
2015,Dentist,,,Araba/Álava,"Per 10,000 inhabitants",6.5
2023,Dentist,Not retired,,Araba/Álava,"Per 10,000 inhabitants",6.4
2020,Dentist,Not retired,,Araba/Álava,"Per 10,000 inhabitants",6.7
2019,Dentist,Not retired,,Araba/Álava,"Per 10,000 inhabitants",6.7
2017,Dentist,Not retired,,Araba/Álava,"Per 10,000 inhabitants",6.3
2014,Dentist,Not retired,,Araba/Álava,"Per 10,000 inhabitants",6.2
2012,Dentist,Not retired,,Araba/Álava,"Per 10,000 inhabitants",5.7
2010,Dentist,Not retired,,Araba/Álava,"Per 10,000 inhabitants",5.6
2013,Dentist,Not retired,,Araba/Álava,"Per 10,000 inhabitants",6.0
2021,Dentist,Retired,,Araba/Álava,"Per 10,000 inhabitants",0.0
2016,Dentist,Retired,,Araba/Álava,"Per 10,000 inhabitants",0.0
2014,Dentist,Retired,,Araba/Álava,"Per 10,000 inhabitants",0.0
2012,Dentist,Retired,,Araba/Álava,"Per 10,000 inhabitants",0.0
2020,Dentist,Retired,,Araba/Álava,"Per 10,000 inhabitants",0.0
2014,Dentist,,,Araba/Álava,"Per 10,000 inhabitants",6.2
2018,Dentist,Not retired,,Araba/Álava,"Per 10,000 inhabitants",6.4
2015,Dentist,Not retired,,Araba/Álava,"Per 10,000 inhabitants",6.5
2011,Dentist,,,Araba/Álava,"Per 10,000 inhabitants",5.7
2022,Dentist,,,Araba/Álava,"Per 10,000 inhabitants",6.4
2020,Dentist,,,Araba/Álava,"Per 10,000 inhabitants",6.7
2021,Dentist,,,Araba/Álava,"Per 10,000 inhabitants",6.6
2013,Dentist,,,Araba/Álava,"Per 10,000 inhabitants",6.0
2019,Dentist,,,Araba/Álava,"Per 10,000 inhabitants",6.7
2018,Dentist,,,Araba/Álava,"Per 10,000 inhabitants",6.4
2024,Dentist,,,Araba/Álava,"Per 10,000 inhabitants",6.7
2012,Dentist,,,Araba/Álava,"Per 10,000 inhabitants",5.7
2021,Dentist,Not retired,,Araba/Álava,"Per 10,000 inhabitants",6.6
2024,Dentist,Not retired,,Araba/Álava,"Per 10,000 inhabitants",6.7
2022,Dentist,Not retired,,Araba/Álava,"Per 10,000 inhabitants",6.4
2025,Dentist,Not retired,,Araba/Álava,"Per 10,000 inhabitants",6.5
2016,Dentist,,,Araba/Álava,"Per 10,000 inhabitants",6.5
2025,Dentist,Retired,,Araba/Álava,"Per 10,000 inhabitants",0.0
2019,Dentist,Retired,,Araba/Álava,"Per 10,000 inhabitants",0.0
2015,Dentist,Retired,,Araba/Álava,"Per 10,000 inhabitants",0.0
2022,Dentist,Retired,,Araba/Álava,"Per 10,000 inhabitants",0.0
2013,Dentist,Retired,,Araba/Álava,"Per 10,000 inhabitants",0.0
2014,Dentist,Retired,,Bizkaia,"Per 10,000 inhabitants",0.0
2024,Dentist,,,Bizkaia,"Per 10,000 inhabitants",9.1
2013,Dentist,,,Bizkaia,"Per 10,000 inhabitants",8.1
2023,Dentist,,,Bizkaia,"Per 10,000 inhabitants",9.2
2017,Dentist,,,Bizkaia,"Per 10,000 inhabitants",8.9
2018,Dentist,Retired,,Bizkaia,"Per 10,000 inhabitants",0.0
2020,Dentist,,,Bizkaia,"Per 10,000 inhabitants",9.1
2016,Dentist,Retired,,Bizkaia,"Per 10,000 inhabitants",0.0
2022,Dentist,Retired,,Bizkaia,"Per 10,000 inhabitants",0.0
2018,Dentist,,,Bizkaia,"Per 10,000 inhabitants",9.0
2023,Dentist,Retired,,Bizkaia,"Per 10,000 inhabitants",0.0
2014,Dentist,,,Bizkaia,"Per 10,000 inhabitants",8.3
2021,Dentist,Retired,,Bizkaia,"Per 10,000 inhabitants",0.0
2019,Dentist,Retired,,Bizkaia,"Per 10,000 inhabitants",0.0
2024,Dentist,Retired,,Bizkaia,"Per 10,000 inhabitants",0.0
2016,Dentist,,,Bizkaia,"Per 10,000 inhabitants",8.7
2010,Dentist,,,Bizkaia,"Per 10,000 inhabitants",7.7
2017,Dentist,Retired,,Bizkaia,"Per 10,000 inhabitants",0.0
2020,Dentist,Retired,,Bizkaia,"Per 10,000 inhabitants",0.0
2025,Dentist,Retired,,Bizkaia,"Per 10,000 inhabitants",0.0
2010,Dentist,Retired,,Bizkaia,"Per 10,000 inhabitants",0.0
2012,Dentist,,,Bizkaia,"Per 10,000 inhabitants",7.9
2013,Dentist,Retired,,Bizkaia,"Per 10,000 inhabitants",0.0
2012,Dentist,Retired,,Bizkaia,"Per 10,000 inhabitants",0.0
2022,Dentist,,,Bizkaia,"Per 10,000 inhabitants",9.3
2015,Dentist,Retired,,Bizkaia,"Per 10,000 inhabitants",0.0
2015,Dentist,,,Bizkaia,"Per 10,000 inhabitants",8.5
2011,Dentist,,,Bizkaia,"Per 10,000 inhabitants",7.9
2025,Dentist,,,Bizkaia,"Per 10,000 inhabitants",9.1
2021,Dentist,,,Bizkaia,"Per 10,000 inhabitants",9.3
2019,Dentist,,,Bizkaia,"Per 10,000 inhabitants",9.1
2021,Dentist,Not retired,,Bizkaia,"Per 10,000 inhabitants",9.3
2022,Dentist,Not retired,,Bizkaia,"Per 10,000 inhabitants",9.3
2024,Dentist,Not retired,,Bizkaia,"Per 10,000 inhabitants",9.1
2018,Dentist,Not retired,,Bizkaia,"Per 10,000 inhabitants",9.0
2025,Dentist,Not retired,,Bizkaia,"Per 10,000 inhabitants",9.1
2020,Dentist,Not retired,,Bizkaia,"Per 10,000 inhabitants",9.1
2023,Dentist,Not retired,,Bizkaia,"Per 10,000 inhabitants",9.2
2019,Dentist,Not retired,,Bizkaia,"Per 10,000 inhabitants",9.1
2014,Dentist,Not retired,,Bizkaia,"Per 10,000 inhabitants",8.3
2010,Dentist,Not retired,,Bizkaia,"Per 10,000 inhabitants",7.7
2013,Dentist,Not retired,,Bizkaia,"Per 10,000 inhabitants",8.1
2015,Dentist,Not retired,,Bizkaia,"Per 10,000 inhabitants",8.5
2017,Dentist,Not retired,,Bizkaia,"Per 10,000 inhabitants",8.9
2016,Dentist,Not retired,,Bizkaia,"Per 10,000 inhabitants",8.7
2012,Dentist,Not retired,,Bizkaia,"Per 10,000 inhabitants",7.9
2021,Dentist,Retired,,Gipuzkoa,"Per 10,000 inhabitants",0.8
2017,Dentist,Retired,,Gipuzkoa,"Per 10,000 inhabitants",0.4
2019,Dentist,,,Gipuzkoa,"Per 10,000 inhabitants",8.8
2011,Dentist,,,Gipuzkoa,"Per 10,000 inhabitants",7.3
2025,Dentist,,,Gipuzkoa,"Per 10,000 inhabitants",10.2
2022,Dentist,,,Gipuzkoa,"Per 10,000 inhabitants",9.8
2017,Dentist,,,Gipuzkoa,"Per 10,000 inhabitants",8.7
2021,Dentist,,,Gipuzkoa,"Per 10,000 inhabitants",9.7
2018,Dentist,,,Gipuzkoa,"Per 10,000 inhabitants",8.8
2020,Dentist,,,Gipuzkoa,"Per 10,000 inhabitants",9.2
2012,Dentist,,,Gipuzkoa,"Per 10,000 inhabitants",8.0
2016,Dentist,Not retired,,Gipuzkoa,"Per 10,000 inhabitants",8.2
2014,Dentist,,,Gipuzkoa,"Per 10,000 inhabitants",8.0
2024,Dentist,Retired,,Gipuzkoa,"Per 10,000 inhabitants",1.2
2019,Dentist,Retired,,Gipuzkoa,"Per 10,000 inhabitants",0.6
2023,Dentist,Retired,,Gipuzkoa,"Per 10,000 inhabitants",1.1
2018,Dentist,Retired,,Gipuzkoa,"Per 10,000 inhabitants",0.4
2025,Dentist,Retired,,Gipuzkoa,"Per 10,000 inhabitants",1.4
2015,Dentist,Retired,,Gipuzkoa,"Per 10,000 inhabitants",0.4
2010,Dentist,,,Gipuzkoa,"Per 10,000 inhabitants",7.3
2012,Dentist,Retired,,Gipuzkoa,"Per 10,000 inhabitants",0.5
2014,Dentist,Retired,,Gipuzkoa,"Per 10,000 inhabitants",0.3
2022,Dentist,Retired,,Gipuzkoa,"Per 10,000 inhabitants",1.0
2013,Dentist,,,Gipuzkoa,"Per 10,000 inhabitants",8.1
2016,Dentist,,,Gipuzkoa,"Per 10,000 inhabitants",8.7
2010,Dentist,Retired,,Gipuzkoa,"Per 10,000 inhabitants",0.0
2015,Dentist,,,Gipuzkoa,"Per 10,000 inhabitants",8.5
2023,Dentist,,,Gipuzkoa,"Per 10,000 inhabitants",10.0
2024,Dentist,,,Gipuzkoa,"Per 10,000 inhabitants",10.0
2013,Dentist,Retired,,Gipuzkoa,"Per 10,000 inhabitants",0.4
2025,Dentist,Not retired,,Gipuzkoa,"Per 10,000 inhabitants",8.8
2023,Dentist,Not retired,,Gipuzkoa,"Per 10,000 inhabitants",8.9
2024,Dentist,Not retired,,Gipuzkoa,"Per 10,000 inhabitants",8.9
2021,Dentist,Not retired,,Gipuzkoa,"Per 10,000 inhabitants",8.9
2019,Dentist,Not retired,,Gipuzkoa,"Per 10,000 inhabitants",8.2
2015,Dentist,Not retired,,Gipuzkoa,"Per 10,000 inhabitants",8.1
2018,Dentist,Not retired,,Gipuzkoa,"Per 10,000 inhabitants",8.4
2022,Dentist,Not retired,,Gipuzkoa,"Per 10,000 inhabitants",8.8
2020,Dentist,Not retired,,Gipuzkoa,"Per 10,000 inhabitants",8.5
2014,Dentist,Not retired,,Gipuzkoa,"Per 10,000 inhabitants",7.7
2017,Dentist,Not retired,,Gipuzkoa,"Per 10,000 inhabitants",8.3
2010,Dentist,Not retired,,Gipuzkoa,"Per 10,000 inhabitants",7.3
2012,Dentist,Not retired,,Gipuzkoa,"Per 10,000 inhabitants",7.5
2013,Dentist,Not retired,,Gipuzkoa,"Per 10,000 inhabitants",7.7
2016,Dentist,Retired,,Gipuzkoa,"Per 10,000 inhabitants",0.4
2020,Dentist,Retired,,Gipuzkoa,"Per 10,000 inhabitants",0.7
2020,Dentist,,Female,,"Per 10,000 inhabitants",11.1
2022,Dentist,,Female,,"Per 10,000 inhabitants",11.4
2016,Dentist,Retired,Female,,"Per 10,000 inhabitants",0.0
2017,Dentist,,Female,,"Per 10,000 inhabitants",10.4
2021,Dentist,Not retired,Female,,"Per 10,000 inhabitants",11.3
2023,Dentist,,Female,,"Per 10,000 inhabitants",11.5
2016,Dentist,Not retired,Female,,"Per 10,000 inhabitants",10.1
2015,Dentist,Not retired,Female,,"Per 10,000 inhabitants",9.9
2017,Dentist,Not retired,Female,,"Per 10,000 inhabitants",10.3
2017,Dentist,Retired,Female,,"Per 10,000 inhabitants",0.0
2025,Dentist,,Female,,"Per 10,000 inhabitants",11.8
2022,Dentist,Retired,Female,,"Per 10,000 inhabitants",0.2
2021,Dentist,Retired,Female,,"Per 10,000 inhabitants",0.1
2014,Dentist,Retired,Female,,"Per 10,000 inhabitants",0.0
2016,Dentist,,Female,,"Per 10,000 inhabitants",10.2
2025,Dentist,Not retired,Female,,"Per 10,000 inhabitants",11.6
2021,Dentist,,Female,,"Per 10,000 inhabitants",11.4
2020,Dentist,Retired,Female,,"Per 10,000 inhabitants",0.1
2015,Dentist,Retired,Female,,"Per 10,000 inhabitants",0.0
2024,Dentist,Not retired,Female,,"Per 10,000 inhabitants",11.5
2012,Dentist,Retired,Female,,"Per 10,000 inhabitants",0.0
2013,Dentist,Retired,Female,,"Per 10,000 inhabitants",0.0
2012,Dentist,Not retired,Female,,"Per 10,000 inhabitants",9.0
2010,Dentist,Retired,Female,,"Per 10,000 inhabitants",0.0
2025,Dentist,Retired,Female,,"Per 10,000 inhabitants",0.3
2012,Dentist,,Female,,"Per 10,000 inhabitants",9.1
2010,Dentist,Not retired,Female,,"Per 10,000 inhabitants",6.7
2010,Dentist,,Female,,"Per 10,000 inhabitants",6.7
2014,Dentist,,Female,,"Per 10,000 inhabitants",9.5
2019,Dentist,,Female,,"Per 10,000 inhabitants",10.6
2011,Dentist,,Female,,"Per 10,000 inhabitants",6.8
2020,Dentist,Not retired,Female,,"Per 10,000 inhabitants",11.1
2018,Dentist,Not retired,Female,,"Per 10,000 inhabitants",10.6
2023,Dentist,Not retired,Female,,"Per 10,000 inhabitants",11.3
2014,Dentist,Not retired,Female,,"Per 10,000 inhabitants",9.5
2013,Dentist,Not retired,Female,,"Per 10,000 inhabitants",9.2
2023,Dentist,Retired,Female,,"Per 10,000 inhabitants",0.2
2018,Dentist,,Female,,"Per 10,000 inhabitants",10.6
2013,Dentist,,Female,,"Per 10,000 inhabitants",9.3
2019,Dentist,Retired,Female,,"Per 10,000 inhabitants",0.1
2015,Dentist,,Female,,"Per 10,000 inhabitants",9.9
2024,Dentist,Retired,Female,,"Per 10,000 inhabitants",0.2
2024,Dentist,,Female,,"Per 10,000 inhabitants",11.7
2019,Dentist,Not retired,Female,,"Per 10,000 inhabitants",10.5
2018,Dentist,Retired,Female,,"Per 10,000 inhabitants",0.0
2022,Dentist,Not retired,Female,,"Per 10,000 inhabitants",11.2
2019,Dentist,Retired,Female,Araba/Álava,"Per 10,000 inhabitants",0.0
2021,Dentist,Retired,Female,Araba/Álava,"Per 10,000 inhabitants",0.0
2017,Dentist,Retired,Female,Araba/Álava,"Per 10,000 inhabitants",0.0
2013,Dentist,Retired,Female,Araba/Álava,"Per 10,000 inhabitants",0.0
2016,Dentist,Not retired,Female,Araba/Álava,"Per 10,000 inhabitants",8.2
2010,Dentist,,Female,Araba/Álava,"Per 10,000 inhabitants",5.3
2023,Dentist,Not retired,Female,Araba/Álava,"Per 10,000 inhabitants",8.1
2025,Dentist,,Female,Araba/Álava,"Per 10,000 inhabitants",8.3
2019,Dentist,Not retired,Female,Araba/Álava,"Per 10,000 inhabitants",8.4
2019,Dentist,,Female,Araba/Álava,"Per 10,000 inhabitants",8.4
2018,Dentist,,Female,Araba/Álava,"Per 10,000 inhabitants",8.0
2012,Dentist,,Female,Araba/Álava,"Per 10,000 inhabitants",7.2
2024,Dentist,,Female,Araba/Álava,"Per 10,000 inhabitants",8.6
2010,Dentist,Not retired,Female,Araba/Álava,"Per 10,000 inhabitants",5.3
2011,Dentist,,Female,Araba/Álava,"Per 10,000 inhabitants",5.5
2023,Dentist,,Female,Araba/Álava,"Per 10,000 inhabitants",8.1
2014,Dentist,Not retired,Female,Araba/Álava,"Per 10,000 inhabitants",7.9
2013,Dentist,Not retired,Female,Araba/Álava,"Per 10,000 inhabitants",7.7
2023,Dentist,Retired,Female,Araba/Álava,"Per 10,000 inhabitants",0.0
2015,Dentist,Not retired,Female,Araba/Álava,"Per 10,000 inhabitants",8.2
2018,Dentist,Not retired,Female,Araba/Álava,"Per 10,000 inhabitants",8.0
2017,Dentist,,Female,Araba/Álava,"Per 10,000 inhabitants",7.9
2021,Dentist,Not retired,Female,Araba/Álava,"Per 10,000 inhabitants",8.2
2020,Dentist,,Female,Araba/Álava,"Per 10,000 inhabitants",8.5
2016,Dentist,,Female,Araba/Álava,"Per 10,000 inhabitants",8.2
2022,Dentist,Not retired,Female,Araba/Álava,"Per 10,000 inhabitants",8.0
2025,Dentist,Not retired,Female,Araba/Álava,"Per 10,000 inhabitants",8.3
2021,Dentist,,Female,Araba/Álava,"Per 10,000 inhabitants",8.2
2015,Dentist,,Female,Araba/Álava,"Per 10,000 inhabitants",8.2
2013,Dentist,,Female,Araba/Álava,"Per 10,000 inhabitants",7.7
2022,Dentist,,Female,Araba/Álava,"Per 10,000 inhabitants",8.0
2018,Dentist,Retired,Female,Araba/Álava,"Per 10,000 inhabitants",0.0
2015,Dentist,Retired,Female,Araba/Álava,"Per 10,000 inhabitants",0.0
2014,Dentist,Retired,Female,Araba/Álava,"Per 10,000 inhabitants",0.0
2025,Dentist,Retired,Female,Araba/Álava,"Per 10,000 inhabitants",0.0
2022,Dentist,Retired,Female,Araba/Álava,"Per 10,000 inhabitants",0.0
2024,Dentist,Retired,Female,Araba/Álava,"Per 10,000 inhabitants",0.0
2012,Dentist,Retired,Female,Araba/Álava,"Per 10,000 inhabitants",0.0
2012,Dentist,Not retired,Female,Araba/Álava,"Per 10,000 inhabitants",7.2
2016,Dentist,Retired,Female,Araba/Álava,"Per 10,000 inhabitants",0.0
2014,Dentist,,Female,Araba/Álava,"Per 10,000 inhabitants",7.9
2020,Dentist,Not retired,Female,Araba/Álava,"Per 10,000 inhabitants",8.5
2010,Dentist,Retired,Female,Araba/Álava,"Per 10,000 inhabitants",0.0
2024,Dentist,Not retired,Female,Araba/Álava,"Per 10,000 inhabitants",8.6
2020,Dentist,Retired,Female,Araba/Álava,"Per 10,000 inhabitants",0.0
2017,Dentist,Not retired,Female,Araba/Álava,"Per 10,000 inhabitants",7.9
2020,Dentist,,Female,Bizkaia,"Per 10,000 inhabitants",11.5
2018,Dentist,,Female,Bizkaia,"Per 10,000 inhabitants",11.1
2015,Dentist,,Female,Bizkaia,"Per 10,000 inhabitants",10.1
2012,Dentist,,Female,Bizkaia,"Per 10,000 inhabitants",9.3
2016,Dentist,,Female,Bizkaia,"Per 10,000 inhabitants",10.4
2024,Dentist,,Female,Bizkaia,"Per 10,000 inhabitants",11.9
2019,Dentist,,Female,Bizkaia,"Per 10,000 inhabitants",11.3
2023,Dentist,,Female,Bizkaia,"Per 10,000 inhabitants",11.9
2013,Dentist,Not retired,Female,Bizkaia,"Per 10,000 inhabitants",9.5
2016,Dentist,Not retired,Female,Bizkaia,"Per 10,000 inhabitants",10.4
2025,Dentist,,Female,Bizkaia,"Per 10,000 inhabitants",12.1
2017,Dentist,,Female,Bizkaia,"Per 10,000 inhabitants",10.8
2019,Dentist,Retired,Female,Bizkaia,"Per 10,000 inhabitants",0.0
2021,Dentist,Retired,Female,Bizkaia,"Per 10,000 inhabitants",0.0
2016,Dentist,Retired,Female,Bizkaia,"Per 10,000 inhabitants",0.0
2010,Dentist,Retired,Female,Bizkaia,"Per 10,000 inhabitants",0.0
2017,Dentist,Retired,Female,Bizkaia,"Per 10,000 inhabitants",0.0
2013,Dentist,Retired,Female,Bizkaia,"Per 10,000 inhabitants",0.0
2022,Dentist,Retired,Female,Bizkaia,"Per 10,000 inhabitants",0.0
2015,Dentist,Retired,Female,Bizkaia,"Per 10,000 inhabitants",0.0
2025,Dentist,Retired,Female,Bizkaia,"Per 10,000 inhabitants",0.0
2023,Dentist,Retired,Female,Bizkaia,"Per 10,000 inhabitants",0.0
2020,Dentist,Retired,Female,Bizkaia,"Per 10,000 inhabitants",0.0
2024,Dentist,Retired,Female,Bizkaia,"Per 10,000 inhabitants",0.0
2014,Dentist,Retired,Female,Bizkaia,"Per 10,000 inhabitants",0.0
2012,Dentist,Retired,Female,Bizkaia,"Per 10,000 inhabitants",0.0
2018,Dentist,Retired,Female,Bizkaia,"Per 10,000 inhabitants",0.0
2011,Dentist,,Female,Bizkaia,"Per 10,000 inhabitants",7.3
2014,Dentist,Not retired,Female,Bizkaia,"Per 10,000 inhabitants",9.7
2018,Dentist,Not retired,Female,Bizkaia,"Per 10,000 inhabitants",11.1
2022,Dentist,Not retired,Female,Bizkaia,"Per 10,000 inhabitants",11.8
2024,Dentist,Not retired,Female,Bizkaia,"Per 10,000 inhabitants",11.9
2020,Dentist,Not retired,Female,Bizkaia,"Per 10,000 inhabitants",11.5
2025,Dentist,Not retired,Female,Bizkaia,"Per 10,000 inhabitants",12.1
2023,Dentist,Not retired,Female,Bizkaia,"Per 10,000 inhabitants",11.9
2021,Dentist,Not retired,Female,Bizkaia,"Per 10,000 inhabitants",11.8
2017,Dentist,Not retired,Female,Bizkaia,"Per 10,000 inhabitants",10.8
2015,Dentist,Not retired,Female,Bizkaia,"Per 10,000 inhabitants",10.1
2019,Dentist,Not retired,Female,Bizkaia,"Per 10,000 inhabitants",11.3
2012,Dentist,Not retired,Female,Bizkaia,"Per 10,000 inhabitants",9.3
2010,Dentist,Not retired,Female,Bizkaia,"Per 10,000 inhabitants",7.2
2010,Dentist,,Female,Bizkaia,"Per 10,000 inhabitants",7.2
2021,Dentist,,Female,Bizkaia,"Per 10,000 inhabitants",11.8
2014,Dentist,,Female,Bizkaia,"Per 10,000 inhabitants",9.7
2022,Dentist,,Female,Bizkaia,"Per 10,000 inhabitants",11.8
2013,Dentist,,Female,Bizkaia,"Per 10,000 inhabitants",9.5
2023,Dentist,Retired,Female,Gipuzkoa,"Per 10,000 inhabitants",0.6
2021,Dentist,Retired,Female,Gipuzkoa,"Per 10,000 inhabitants",0.3
2022,Dentist,Retired,Female,Gipuzkoa,"Per 10,000 inhabitants",0.5
2024,Dentist,Retired,Female,Gipuzkoa,"Per 10,000 inhabitants",0.7
2016,Dentist,Retired,Female,Gipuzkoa,"Per 10,000 inhabitants",0.1
2019,Dentist,Retired,Female,Gipuzkoa,"Per 10,000 inhabitants",0.2
2015,Dentist,Retired,Female,Gipuzkoa,"Per 10,000 inhabitants",0.1
2018,Dentist,Retired,Female,Gipuzkoa,"Per 10,000 inhabitants",0.1
2014,Dentist,Retired,Female,Gipuzkoa,"Per 10,000 inhabitants",0.1
2020,Dentist,Retired,Female,Gipuzkoa,"Per 10,000 inhabitants",0.2
2012,Dentist,Retired,Female,Gipuzkoa,"Per 10,000 inhabitants",0.1
2010,Dentist,Retired,Female,Gipuzkoa,"Per 10,000 inhabitants",0.0
2022,Dentist,,Female,Gipuzkoa,"Per 10,000 inhabitants",12.1
2017,Dentist,Retired,Female,Gipuzkoa,"Per 10,000 inhabitants",0.1
2025,Dentist,Retired,Female,Gipuzkoa,"Per 10,000 inhabitants",0.8
2013,Dentist,Retired,Female,Gipuzkoa,"Per 10,000 inhabitants",0.1
2013,Dentist,Not retired,Female,Gipuzkoa,"Per 10,000 inhabitants",9.5
2019,Dentist,Not retired,Female,Gipuzkoa,"Per 10,000 inhabitants",10.4
2017,Dentist,Not retired,Female,Gipuzkoa,"Per 10,000 inhabitants",10.7
2015,Dentist,Not retired,Female,Gipuzkoa,"Per 10,000 inhabitants",10.2
2018,Dentist,Not retired,Female,Gipuzkoa,"Per 10,000 inhabitants",10.9
2012,Dentist,Not retired,Female,Gipuzkoa,"Per 10,000 inhabitants",9.3
2016,Dentist,Not retired,Female,Gipuzkoa,"Per 10,000 inhabitants",10.5
2010,Dentist,Not retired,Female,Gipuzkoa,"Per 10,000 inhabitants",6.6
2023,Dentist,Not retired,Female,Gipuzkoa,"Per 10,000 inhabitants",11.9
2010,Dentist,,Female,Gipuzkoa,"Per 10,000 inhabitants",6.6
2014,Dentist,,Female,Gipuzkoa,"Per 10,000 inhabitants",9.8
2023,Dentist,,Female,Gipuzkoa,"Per 10,000 inhabitants",12.6
2022,Dentist,Not retired,Female,Gipuzkoa,"Per 10,000 inhabitants",11.6
2017,Dentist,,Female,Gipuzkoa,"Per 10,000 inhabitants",10.8
2014,Dentist,Not retired,Female,Gipuzkoa,"Per 10,000 inhabitants",9.8
2018,Dentist,,Female,Gipuzkoa,"Per 10,000 inhabitants",11.0
2025,Dentist,,Female,Gipuzkoa,"Per 10,000 inhabitants",13.1
2016,Dentist,,Female,Gipuzkoa,"Per 10,000 inhabitants",10.6
2020,Dentist,,Female,Gipuzkoa,"Per 10,000 inhabitants",11.8
2024,Dentist,,Female,Gipuzkoa,"Per 10,000 inhabitants",12.8
2012,Dentist,,Female,Gipuzkoa,"Per 10,000 inhabitants",9.4
2021,Dentist,,Female,Gipuzkoa,"Per 10,000 inhabitants",12.1
2011,Dentist,,Female,Gipuzkoa,"Per 10,000 inhabitants",6.7
2015,Dentist,,Female,Gipuzkoa,"Per 10,000 inhabitants",10.3
2020,Dentist,Not retired,Female,Gipuzkoa,"Per 10,000 inhabitants",11.6
2024,Dentist,Not retired,Female,Gipuzkoa,"Per 10,000 inhabitants",12.1
2021,Dentist,Not retired,Female,Gipuzkoa,"Per 10,000 inhabitants",11.8
2025,Dentist,Not retired,Female,Gipuzkoa,"Per 10,000 inhabitants",12.3
2013,Dentist,,Female,Gipuzkoa,"Per 10,000 inhabitants",9.6
2019,Dentist,,Female,Gipuzkoa,"Per 10,000 inhabitants",10.5
2024,Dentist,,Male,,"Per 10,000 inhabitants",6.3
2025,Dentist,Retired,Male,,"Per 10,000 inhabitants",0.7
2017,Dentist,Not retired,Male,,"Per 10,000 inhabitants",6.1
2023,Dentist,Not retired,Male,,"Per 10,000 inhabitants",5.9
2021,Dentist,Not retired,Male,,"Per 10,000 inhabitants",6.1
2024,Dentist,Retired,Male,,"Per 10,000 inhabitants",0.5
2018,Dentist,Retired,Male,,"Per 10,000 inhabitants",0.2
2025,Dentist,,Male,,"Per 10,000 inhabitants",6.1
2022,Dentist,,Male,,"Per 10,000 inhabitants",6.5
2019,Dentist,Retired,Male,,"Per 10,000 inhabitants",0.3
2013,Dentist,Retired,Male,,"Per 10,000 inhabitants",0.3
2020,Dentist,,Male,,"Per 10,000 inhabitants",6.2
2021,Dentist,,Male,,"Per 10,000 inhabitants",6.5
2023,Dentist,,Male,,"Per 10,000 inhabitants",6.4
2021,Dentist,Retired,Male,,"Per 10,000 inhabitants",0.4
2016,Dentist,Retired,Male,,"Per 10,000 inhabitants",0.3
2014,Dentist,Retired,Male,,"Per 10,000 inhabitants",0.2
2020,Dentist,Retired,Male,,"Per 10,000 inhabitants",0.4
2011,Dentist,,Male,,"Per 10,000 inhabitants",7.9
2022,Dentist,Retired,Male,,"Per 10,000 inhabitants",0.5
2012,Dentist,Retired,Male,,"Per 10,000 inhabitants",0.3
2014,Dentist,,Male,,"Per 10,000 inhabitants",6.2
2017,Dentist,Retired,Male,,"Per 10,000 inhabitants",0.3
2010,Dentist,Not retired,Male,,"Per 10,000 inhabitants",7.8
2023,Dentist,Retired,Male,,"Per 10,000 inhabitants",0.5
2018,Dentist,,Male,,"Per 10,000 inhabitants",6.4
2015,Dentist,,Male,,"Per 10,000 inhabitants",6.4
2019,Dentist,,Male,,"Per 10,000 inhabitants",6.5
2014,Dentist,Not retired,Male,,"Per 10,000 inhabitants",6.0
2010,Dentist,,Male,,"Per 10,000 inhabitants",7.8
2017,Dentist,,Male,,"Per 10,000 inhabitants",6.4
2012,Dentist,Not retired,Male,,"Per 10,000 inhabitants",5.8
2018,Dentist,Not retired,Male,,"Per 10,000 inhabitants",6.1
2020,Dentist,Not retired,Male,,"Per 10,000 inhabitants",5.9
2015,Dentist,Retired,Male,,"Per 10,000 inhabitants",0.3
2019,Dentist,Not retired,Male,,"Per 10,000 inhabitants",6.2
2025,Dentist,Not retired,Male,,"Per 10,000 inhabitants",5.5
2024,Dentist,Not retired,Male,,"Per 10,000 inhabitants",5.7
2013,Dentist,,Male,,"Per 10,000 inhabitants",6.3
2012,Dentist,,Male,,"Per 10,000 inhabitants",6.1
2022,Dentist,Not retired,Male,,"Per 10,000 inhabitants",6.0
2010,Dentist,Retired,Male,,"Per 10,000 inhabitants",0.0
2015,Dentist,Not retired,Male,,"Per 10,000 inhabitants",6.2
2013,Dentist,Not retired,Male,,"Per 10,000 inhabitants",6.0
2016,Dentist,Not retired,Male,,"Per 10,000 inhabitants",6.1
2016,Dentist,,Male,,"Per 10,000 inhabitants",6.4
2012,Dentist,Retired,Male,Araba/Álava,"Per 10,000 inhabitants",0.0
2010,Dentist,,Male,Araba/Álava,"Per 10,000 inhabitants",5.9
2020,Dentist,Not retired,Male,Araba/Álava,"Per 10,000 inhabitants",4.9
2022,Dentist,Retired,Male,Araba/Álava,"Per 10,000 inhabitants",0.0
2019,Dentist,Retired,Male,Araba/Álava,"Per 10,000 inhabitants",0.0
2017,Dentist,Retired,Male,Araba/Álava,"Per 10,000 inhabitants",0.0
2025,Dentist,Retired,Male,Araba/Álava,"Per 10,000 inhabitants",0.0
2015,Dentist,Retired,Male,Araba/Álava,"Per 10,000 inhabitants",0.0
2021,Dentist,Retired,Male,Araba/Álava,"Per 10,000 inhabitants",0.0
2013,Dentist,Retired,Male,Araba/Álava,"Per 10,000 inhabitants",0.0
2018,Dentist,Retired,Male,Araba/Álava,"Per 10,000 inhabitants",0.0
2014,Dentist,Retired,Male,Araba/Álava,"Per 10,000 inhabitants",0.0
2022,Dentist,,Male,Araba/Álava,"Per 10,000 inhabitants",4.7
2014,Dentist,,Male,Araba/Álava,"Per 10,000 inhabitants",4.5
2015,Dentist,,Male,Araba/Álava,"Per 10,000 inhabitants",4.7
2011,Dentist,,Male,Araba/Álava,"Per 10,000 inhabitants",6.0
2013,Dentist,,Male,Araba/Álava,"Per 10,000 inhabitants",4.4
2023,Dentist,Retired,Male,Araba/Álava,"Per 10,000 inhabitants",0.0
2025,Dentist,,Male,Araba/Álava,"Per 10,000 inhabitants",4.6
2019,Dentist,,Male,Araba/Álava,"Per 10,000 inhabitants",4.9
2023,Dentist,,Male,Araba/Álava,"Per 10,000 inhabitants",4.6
2018,Dentist,,Male,Araba/Álava,"Per 10,000 inhabitants",4.7
2017,Dentist,,Male,Araba/Álava,"Per 10,000 inhabitants",4.6
2010,Dentist,Retired,Male,Araba/Álava,"Per 10,000 inhabitants",0.0
2018,Dentist,Not retired,Male,Araba/Álava,"Per 10,000 inhabitants",4.7
2020,Dentist,Retired,Male,Araba/Álava,"Per 10,000 inhabitants",0.0
2016,Dentist,Not retired,Male,Araba/Álava,"Per 10,000 inhabitants",4.7
2014,Dentist,Not retired,Male,Araba/Álava,"Per 10,000 inhabitants",4.5
2023,Dentist,Not retired,Male,Araba/Álava,"Per 10,000 inhabitants",4.6
2024,Dentist,Not retired,Male,Araba/Álava,"Per 10,000 inhabitants",4.7
2025,Dentist,Not retired,Male,Araba/Álava,"Per 10,000 inhabitants",4.6
2017,Dentist,Not retired,Male,Araba/Álava,"Per 10,000 inhabitants",4.6
2021,Dentist,Not retired,Male,Araba/Álava,"Per 10,000 inhabitants",5.0
2013,Dentist,Not retired,Male,Araba/Álava,"Per 10,000 inhabitants",4.4
2015,Dentist,Not retired,Male,Araba/Álava,"Per 10,000 inhabitants",4.7
2012,Dentist,Not retired,Male,Araba/Álava,"Per 10,000 inhabitants",4.3
2010,Dentist,Not retired,Male,Araba/Álava,"Per 10,000 inhabitants",5.9
2024,Dentist,,Male,Araba/Álava,"Per 10,000 inhabitants",4.7
2021,Dentist,,Male,Araba/Álava,"Per 10,000 inhabitants",5.0
2012,Dentist,,Male,Araba/Álava,"Per 10,000 inhabitants",4.3
2020,Dentist,,Male,Araba/Álava,"Per 10,000 inhabitants",4.9
2016,Dentist,,Male,Araba/Álava,"Per 10,000 inhabitants",4.7
2024,Dentist,Retired,Male,Araba/Álava,"Per 10,000 inhabitants",0.0
2019,Dentist,Not retired,Male,Araba/Álava,"Per 10,000 inhabitants",4.9
2022,Dentist,Not retired,Male,Araba/Álava,"Per 10,000 inhabitants",4.7
2016,Dentist,Retired,Male,Araba/Álava,"Per 10,000 inhabitants",0.0
2014,Dentist,Not retired,Male,Bizkaia,"Per 10,000 inhabitants",6.7
2015,Dentist,Not retired,Male,Bizkaia,"Per 10,000 inhabitants",6.8
2012,Dentist,Not retired,Male,Bizkaia,"Per 10,000 inhabitants",6.4
2013,Dentist,Not retired,Male,Bizkaia,"Per 10,000 inhabitants",6.6
2010,Dentist,Not retired,Male,Bizkaia,"Per 10,000 inhabitants",8.3
2022,Dentist,Not retired,Male,Bizkaia,"Per 10,000 inhabitants",6.5
2021,Dentist,Not retired,Male,Bizkaia,"Per 10,000 inhabitants",6.6
2023,Dentist,Not retired,Male,Bizkaia,"Per 10,000 inhabitants",6.4
2016,Dentist,Not retired,Male,Bizkaia,"Per 10,000 inhabitants",6.8
2019,Dentist,Not retired,Male,Bizkaia,"Per 10,000 inhabitants",6.7
2017,Dentist,Not retired,Male,Bizkaia,"Per 10,000 inhabitants",6.9
2020,Dentist,Not retired,Male,Bizkaia,"Per 10,000 inhabitants",6.5
2025,Dentist,Not retired,Male,Bizkaia,"Per 10,000 inhabitants",5.9
2024,Dentist,Not retired,Male,Bizkaia,"Per 10,000 inhabitants",6.1
2016,Dentist,,Male,Bizkaia,"Per 10,000 inhabitants",6.8
2019,Dentist,,Male,Bizkaia,"Per 10,000 inhabitants",6.7
2018,Dentist,Not retired,Male,Bizkaia,"Per 10,000 inhabitants",6.8
2022,Dentist,Retired,Male,Bizkaia,"Per 10,000 inhabitants",0.0
2014,Dentist,Retired,Male,Bizkaia,"Per 10,000 inhabitants",0.0
2024,Dentist,Retired,Male,Bizkaia,"Per 10,000 inhabitants",0.0
2019,Dentist,Retired,Male,Bizkaia,"Per 10,000 inhabitants",0.0
2023,Dentist,Retired,Male,Bizkaia,"Per 10,000 inhabitants",0.0
2025,Dentist,Retired,Male,Bizkaia,"Per 10,000 inhabitants",0.0
2020,Dentist,Retired,Male,Bizkaia,"Per 10,000 inhabitants",0.0
2015,Dentist,Retired,Male,Bizkaia,"Per 10,000 inhabitants",0.0
2016,Dentist,Retired,Male,Bizkaia,"Per 10,000 inhabitants",0.0
2018,Dentist,Retired,Male,Bizkaia,"Per 10,000 inhabitants",0.0
2021,Dentist,Retired,Male,Bizkaia,"Per 10,000 inhabitants",0.0
2012,Dentist,Retired,Male,Bizkaia,"Per 10,000 inhabitants",0.0
2010,Dentist,Retired,Male,Bizkaia,"Per 10,000 inhabitants",0.0
2013,Dentist,Retired,Male,Bizkaia,"Per 10,000 inhabitants",0.0
2014,Dentist,,Male,Bizkaia,"Per 10,000 inhabitants",6.7
2022,Dentist,,Male,Bizkaia,"Per 10,000 inhabitants",6.5
2012,Dentist,,Male,Bizkaia,"Per 10,000 inhabitants",6.4
2021,Dentist,,Male,Bizkaia,"Per 10,000 inhabitants",6.6
2013,Dentist,,Male,Bizkaia,"Per 10,000 inhabitants",6.6
2025,Dentist,,Male,Bizkaia,"Per 10,000 inhabitants",5.9
2017,Dentist,,Male,Bizkaia,"Per 10,000 inhabitants",6.9
2024,Dentist,,Male,Bizkaia,"Per 10,000 inhabitants",6.1
2018,Dentist,,Male,Bizkaia,"Per 10,000 inhabitants",6.8
2015,Dentist,,Male,Bizkaia,"Per 10,000 inhabitants",6.8
2011,Dentist,,Male,Bizkaia,"Per 10,000 inhabitants",8.4
2017,Dentist,Retired,Male,Bizkaia,"Per 10,000 inhabitants",0.0
2020,Dentist,,Male,Bizkaia,"Per 10,000 inhabitants",6.5
2023,Dentist,,Male,Bizkaia,"Per 10,000 inhabitants",6.4
2010,Dentist,,Male,Bizkaia,"Per 10,000 inhabitants",8.3
2018,Dentist,Not retired,Male,Gipuzkoa,"Per 10,000 inhabitants",5.8
2019,Dentist,Not retired,Male,Gipuzkoa,"Per 10,000 inhabitants",6.0
2016,Dentist,Not retired,Male,Gipuzkoa,"Per 10,000 inhabitants",5.8
2014,Dentist,Not retired,Male,Gipuzkoa,"Per 10,000 inhabitants",5.6
2017,Dentist,Not retired,Male,Gipuzkoa,"Per 10,000 inhabitants",5.7
2010,Dentist,Not retired,Male,Gipuzkoa,"Per 10,000 inhabitants",7.9
2015,Dentist,Not retired,Male,Gipuzkoa,"Per 10,000 inhabitants",5.8
2024,Dentist,Not retired,Male,Gipuzkoa,"Per 10,000 inhabitants",5.6
2023,Dentist,Not retired,Male,Gipuzkoa,"Per 10,000 inhabitants",5.7
2025,Dentist,Not retired,Male,Gipuzkoa,"Per 10,000 inhabitants",5.2
2021,Dentist,Not retired,Male,Gipuzkoa,"Per 10,000 inhabitants",5.9
2022,Dentist,Not retired,Male,Gipuzkoa,"Per 10,000 inhabitants",5.9
2024,Dentist,,Male,Gipuzkoa,"Per 10,000 inhabitants",7.2
2016,Dentist,,Male,Gipuzkoa,"Per 10,000 inhabitants",6.6
2013,Dentist,,Male,Gipuzkoa,"Per 10,000 inhabitants",6.5
2023,Dentist,,Male,Gipuzkoa,"Per 10,000 inhabitants",7.3
2020,Dentist,,Male,Gipuzkoa,"Per 10,000 inhabitants",6.4
2012,Dentist,Not retired,Male,Gipuzkoa,"Per 10,000 inhabitants",5.6
2025,Dentist,Retired,Male,Gipuzkoa,"Per 10,000 inhabitants",2.0
2020,Dentist,Not retired,Male,Gipuzkoa,"Per 10,000 inhabitants",5.2
2013,Dentist,Retired,Male,Gipuzkoa,"Per 10,000 inhabitants",0.8
2017,Dentist,Retired,Male,Gipuzkoa,"Per 10,000 inhabitants",0.8
2013,Dentist,Not retired,Male,Gipuzkoa,"Per 10,000 inhabitants",5.8
2021,Dentist,Retired,Male,Gipuzkoa,"Per 10,000 inhabitants",1.3
2010,Dentist,Retired,Male,Gipuzkoa,"Per 10,000 inhabitants",0.0
2024,Dentist,Retired,Male,Gipuzkoa,"Per 10,000 inhabitants",1.6
2022,Dentist,Retired,Male,Gipuzkoa,"Per 10,000 inhabitants",1.4
2019,Dentist,Retired,Male,Gipuzkoa,"Per 10,000 inhabitants",1.1
2020,Dentist,Retired,Male,Gipuzkoa,"Per 10,000 inhabitants",1.1
2018,Dentist,Retired,Male,Gipuzkoa,"Per 10,000 inhabitants",0.7
2023,Dentist,Retired,Male,Gipuzkoa,"Per 10,000 inhabitants",1.5
2015,Dentist,Retired,Male,Gipuzkoa,"Per 10,000 inhabitants",0.8
2012,Dentist,Retired,Male,Gipuzkoa,"Per 10,000 inhabitants",0.9
2014,Dentist,Retired,Male,Gipuzkoa,"Per 10,000 inhabitants",0.5
2016,Dentist,Retired,Male,Gipuzkoa,"Per 10,000 inhabitants",0.8
2014,Dentist,,Male,Gipuzkoa,"Per 10,000 inhabitants",6.1
2022,Dentist,,Male,Gipuzkoa,"Per 10,000 inhabitants",7.3
2017,Dentist,,Male,Gipuzkoa,"Per 10,000 inhabitants",6.5
2019,Dentist,,Male,Gipuzkoa,"Per 10,000 inhabitants",7.0
2021,Dentist,,Male,Gipuzkoa,"Per 10,000 inhabitants",7.2
2012,Dentist,,Male,Gipuzkoa,"Per 10,000 inhabitants",6.5
2011,Dentist,,Male,Gipuzkoa,"Per 10,000 inhabitants",8.0
2018,Dentist,,Male,Gipuzkoa,"Per 10,000 inhabitants",6.5
2015,Dentist,,Male,Gipuzkoa,"Per 10,000 inhabitants",6.6
2025,Dentist,,Male,Gipuzkoa,"Per 10,000 inhabitants",7.2
2010,Dentist,,Male,Gipuzkoa,"Per 10,000 inhabitants",7.9
2011,Pharmacist,Not retired,,,"Per 10,000 inhabitants",12.8
2022,Pharmacist,Not retired,,,"Per 10,000 inhabitants",15.4
2019,Pharmacist,Not retired,,,"Per 10,000 inhabitants",14.5
2012,Pharmacist,Not retired,,,"Per 10,000 inhabitants",13.1
2015,Pharmacist,Not retired,,,"Per 10,000 inhabitants",13.8
2024,Pharmacist,Retired,,,"Per 10,000 inhabitants",1.6
2017,Pharmacist,Not retired,,,"Per 10,000 inhabitants",14.3
2013,Pharmacist,Not retired,,,"Per 10,000 inhabitants",13.3
2019,Pharmacist,,,,"Per 10,000 inhabitants",15.9
2023,Pharmacist,,,,"Per 10,000 inhabitants",16.6
2019,Pharmacist,Retired,,,"Per 10,000 inhabitants",1.2
2011,Pharmacist,,,,"Per 10,000 inhabitants",13.8
2025,Pharmacist,Retired,,,"Per 10,000 inhabitants",1.6
2015,Pharmacist,Retired,,,"Per 10,000 inhabitants",0.9
2020,Pharmacist,,,,"Per 10,000 inhabitants",16.3
2020,Pharmacist,Not retired,,,"Per 10,000 inhabitants",14.8
2012,Pharmacist,Retired,,,"Per 10,000 inhabitants",0.8
2016,Pharmacist,Retired,,,"Per 10,000 inhabitants",1.0
2011,Pharmacist,Retired,,,"Per 10,000 inhabitants",0.8
2013,Pharmacist,Retired,,,"Per 10,000 inhabitants",0.8
2024,Pharmacist,Not retired,,,"Per 10,000 inhabitants",15.1
2023,Pharmacist,Retired,,,"Per 10,000 inhabitants",1.5
2025,Pharmacist,Not retired,,,"Per 10,000 inhabitants",15.1
2021,Pharmacist,Retired,,,"Per 10,000 inhabitants",1.3
2022,Pharmacist,Retired,,,"Per 10,000 inhabitants",1.3
2016,Pharmacist,Not retired,,,"Per 10,000 inhabitants",14.2
2023,Pharmacist,Not retired,,,"Per 10,000 inhabitants",15.1
2020,Pharmacist,Retired,,,"Per 10,000 inhabitants",1.2
2010,Pharmacist,,,,"Per 10,000 inhabitants",13.6
2025,Pharmacist,,,,"Per 10,000 inhabitants",16.8
2022,Pharmacist,,,,"Per 10,000 inhabitants",16.7
2021,Pharmacist,Not retired,,,"Per 10,000 inhabitants",14.9
2017,Pharmacist,Retired,,,"Per 10,000 inhabitants",1.1
2010,Pharmacist,Not retired,,,"Per 10,000 inhabitants",12.6
2014,Pharmacist,,,,"Per 10,000 inhabitants",14.7
2014,Pharmacist,Not retired,,,"Per 10,000 inhabitants",13.6
2014,Pharmacist,Retired,,,"Per 10,000 inhabitants",0.9
2010,Pharmacist,Retired,,,"Per 10,000 inhabitants",0.7
2021,Pharmacist,,,,"Per 10,000 inhabitants",16.4
2013,Pharmacist,,,,"Per 10,000 inhabitants",14.4
2015,Pharmacist,,,,"Per 10,000 inhabitants",15.0
2018,Pharmacist,Not retired,,,"Per 10,000 inhabitants",14.5
2012,Pharmacist,,,,"Per 10,000 inhabitants",14.1
2024,Pharmacist,,,,"Per 10,000 inhabitants",16.7
2018,Pharmacist,,,,"Per 10,000 inhabitants",15.9
2016,Pharmacist,,,,"Per 10,000 inhabitants",15.4
2017,Pharmacist,,,,"Per 10,000 inhabitants",15.6
2018,Pharmacist,Retired,,,"Per 10,000 inhabitants",1.1
2021,Pharmacist,Retired,,Araba/Álava,"Per 10,000 inhabitants",0.8
2023,Pharmacist,Retired,,Araba/Álava,"Per 10,000 inhabitants",0.8
2019,Pharmacist,Retired,,Araba/Álava,"Per 10,000 inhabitants",0.8
2019,Pharmacist,,,Araba/Álava,"Per 10,000 inhabitants",16.1
2022,Pharmacist,,,Araba/Álava,"Per 10,000 inhabitants",17.2
2013,Pharmacist,Not retired,,Araba/Álava,"Per 10,000 inhabitants",14.2
2014,Pharmacist,Not retired,,Araba/Álava,"Per 10,000 inhabitants",14.5
2018,Pharmacist,Not retired,,Araba/Álava,"Per 10,000 inhabitants",15.1
2012,Pharmacist,Retired,,Araba/Álava,"Per 10,000 inhabitants",0.5
2017,Pharmacist,Not retired,,Araba/Álava,"Per 10,000 inhabitants",14.9
2021,Pharmacist,Not retired,,Araba/Álava,"Per 10,000 inhabitants",15.7
2019,Pharmacist,Not retired,,Araba/Álava,"Per 10,000 inhabitants",15.3
2022,Pharmacist,Not retired,,Araba/Álava,"Per 10,000 inhabitants",16.5
2015,Pharmacist,Not retired,,Araba/Álava,"Per 10,000 inhabitants",14.6
2018,Pharmacist,Retired,,Araba/Álava,"Per 10,000 inhabitants",0.8
2024,Pharmacist,Retired,,Araba/Álava,"Per 10,000 inhabitants",0.9
2025,Pharmacist,,,Araba/Álava,"Per 10,000 inhabitants",17.5
2025,Pharmacist,Retired,,Araba/Álava,"Per 10,000 inhabitants",1.0
2013,Pharmacist,Retired,,Araba/Álava,"Per 10,000 inhabitants",0.5
2015,Pharmacist,Retired,,Araba/Álava,"Per 10,000 inhabitants",0.6
2014,Pharmacist,Retired,,Araba/Álava,"Per 10,000 inhabitants",0.5
2011,Pharmacist,Retired,,Araba/Álava,"Per 10,000 inhabitants",0.5
2010,Pharmacist,Retired,,Araba/Álava,"Per 10,000 inhabitants",0.4
2016,Pharmacist,,,Araba/Álava,"Per 10,000 inhabitants",15.6
2016,Pharmacist,Retired,,Araba/Álava,"Per 10,000 inhabitants",0.7
2017,Pharmacist,Retired,,Araba/Álava,"Per 10,000 inhabitants",0.8
2011,Pharmacist,,,Araba/Álava,"Per 10,000 inhabitants",13.9
2014,Pharmacist,,,Araba/Álava,"Per 10,000 inhabitants",14.9
2024,Pharmacist,,,Araba/Álava,"Per 10,000 inhabitants",17.2
2020,Pharmacist,Retired,,Araba/Álava,"Per 10,000 inhabitants",0.8
2018,Pharmacist,,,Araba/Álava,"Per 10,000 inhabitants",15.9
2015,Pharmacist,,,Araba/Álava,"Per 10,000 inhabitants",15.1
2022,Pharmacist,Retired,,Araba/Álava,"Per 10,000 inhabitants",0.7
2010,Pharmacist,,,Araba/Álava,"Per 10,000 inhabitants",13.7
2012,Pharmacist,,,Araba/Álava,"Per 10,000 inhabitants",14.5
2023,Pharmacist,,,Araba/Álava,"Per 10,000 inhabitants",17.0
2017,Pharmacist,,,Araba/Álava,"Per 10,000 inhabitants",15.7
2013,Pharmacist,,,Araba/Álava,"Per 10,000 inhabitants",14.7
2020,Pharmacist,,,Araba/Álava,"Per 10,000 inhabitants",16.5
2021,Pharmacist,,,Araba/Álava,"Per 10,000 inhabitants",16.5
2020,Pharmacist,Not retired,,Araba/Álava,"Per 10,000 inhabitants",15.8
2010,Pharmacist,Not retired,,Araba/Álava,"Per 10,000 inhabitants",13.1
2023,Pharmacist,Not retired,,Araba/Álava,"Per 10,000 inhabitants",16.1
2025,Pharmacist,Not retired,,Araba/Álava,"Per 10,000 inhabitants",16.4
2011,Pharmacist,Not retired,,Araba/Álava,"Per 10,000 inhabitants",13.4
2012,Pharmacist,Not retired,,Araba/Álava,"Per 10,000 inhabitants",14.0
2016,Pharmacist,Not retired,,Araba/Álava,"Per 10,000 inhabitants",14.9
2024,Pharmacist,Not retired,,Araba/Álava,"Per 10,000 inhabitants",16.3
2017,Pharmacist,,,Bizkaia,"Per 10,000 inhabitants",15.8
2018,Pharmacist,,,Bizkaia,"Per 10,000 inhabitants",16.0
2010,Pharmacist,Not retired,,Bizkaia,"Per 10,000 inhabitants",12.8
2014,Pharmacist,Not retired,,Bizkaia,"Per 10,000 inhabitants",13.5
2022,Pharmacist,Not retired,,Bizkaia,"Per 10,000 inhabitants",15.5
2018,Pharmacist,Not retired,,Bizkaia,"Per 10,000 inhabitants",14.6
2024,Pharmacist,Not retired,,Bizkaia,"Per 10,000 inhabitants",15.2
2020,Pharmacist,Not retired,,Bizkaia,"Per 10,000 inhabitants",14.8
2017,Pharmacist,Not retired,,Bizkaia,"Per 10,000 inhabitants",14.4
2019,Pharmacist,Not retired,,Bizkaia,"Per 10,000 inhabitants",14.6
2025,Pharmacist,Not retired,,Bizkaia,"Per 10,000 inhabitants",15.2
2016,Pharmacist,Not retired,,Bizkaia,"Per 10,000 inhabitants",14.3
2021,Pharmacist,Not retired,,Bizkaia,"Per 10,000 inhabitants",15.0
2013,Pharmacist,Not retired,,Bizkaia,"Per 10,000 inhabitants",13.3
2015,Pharmacist,Not retired,,Bizkaia,"Per 10,000 inhabitants",13.9
2023,Pharmacist,Not retired,,Bizkaia,"Per 10,000 inhabitants",15.3
2011,Pharmacist,Not retired,,Bizkaia,"Per 10,000 inhabitants",12.9
2012,Pharmacist,Not retired,,Bizkaia,"Per 10,000 inhabitants",13.0
2024,Pharmacist,Retired,,Bizkaia,"Per 10,000 inhabitants",1.2
2021,Pharmacist,Retired,,Bizkaia,"Per 10,000 inhabitants",1.1
2020,Pharmacist,Retired,,Bizkaia,"Per 10,000 inhabitants",1.0
2025,Pharmacist,Retired,,Bizkaia,"Per 10,000 inhabitants",1.2
2017,Pharmacist,Retired,,Bizkaia,"Per 10,000 inhabitants",0.9
2023,Pharmacist,Retired,,Bizkaia,"Per 10,000 inhabitants",1.2
2019,Pharmacist,Retired,,Bizkaia,"Per 10,000 inhabitants",0.9
2011,Pharmacist,Retired,,Bizkaia,"Per 10,000 inhabitants",0.9
2013,Pharmacist,Retired,,Bizkaia,"Per 10,000 inhabitants",0.9
2025,Pharmacist,,,Bizkaia,"Per 10,000 inhabitants",16.5
2012,Pharmacist,Retired,,Bizkaia,"Per 10,000 inhabitants",0.9
2015,Pharmacist,Retired,,Bizkaia,"Per 10,000 inhabitants",0.8
2022,Pharmacist,,,Bizkaia,"Per 10,000 inhabitants",16.5
2010,Pharmacist,,,Bizkaia,"Per 10,000 inhabitants",14.0
2024,Pharmacist,,,Bizkaia,"Per 10,000 inhabitants",16.4
2014,Pharmacist,Retired,,Bizkaia,"Per 10,000 inhabitants",0.9
2010,Pharmacist,Retired,,Bizkaia,"Per 10,000 inhabitants",0.8
2018,Pharmacist,Retired,,Bizkaia,"Per 10,000 inhabitants",1.0
2016,Pharmacist,Retired,,Bizkaia,"Per 10,000 inhabitants",0.9
2022,Pharmacist,Retired,,Bizkaia,"Per 10,000 inhabitants",1.0
2023,Pharmacist,,,Bizkaia,"Per 10,000 inhabitants",16.4
2020,Pharmacist,,,Bizkaia,"Per 10,000 inhabitants",16.2
2015,Pharmacist,,,Bizkaia,"Per 10,000 inhabitants",15.2
2014,Pharmacist,,,Bizkaia,"Per 10,000 inhabitants",14.8
2019,Pharmacist,,,Bizkaia,"Per 10,000 inhabitants",15.9
2011,Pharmacist,,,Bizkaia,"Per 10,000 inhabitants",14.1
2021,Pharmacist,,,Bizkaia,"Per 10,000 inhabitants",16.5
2012,Pharmacist,,,Bizkaia,"Per 10,000 inhabitants",14.3
2013,Pharmacist,,,Bizkaia,"Per 10,000 inhabitants",14.6
2016,Pharmacist,,,Bizkaia,"Per 10,000 inhabitants",15.6
2011,Pharmacist,,,Gipuzkoa,"Per 10,000 inhabitants",13.2
2013,Pharmacist,,,Gipuzkoa,"Per 10,000 inhabitants",14.0
2022,Pharmacist,,,Gipuzkoa,"Per 10,000 inhabitants",16.8
2018,Pharmacist,Not retired,,Gipuzkoa,"Per 10,000 inhabitants",14.1
2016,Pharmacist,Not retired,,Gipuzkoa,"Per 10,000 inhabitants",13.6
2012,Pharmacist,Not retired,,Gipuzkoa,"Per 10,000 inhabitants",12.8
2014,Pharmacist,Not retired,,Gipuzkoa,"Per 10,000 inhabitants",13.4
2010,Pharmacist,Not retired,,Gipuzkoa,"Per 10,000 inhabitants",12.0
2011,Pharmacist,Not retired,,Gipuzkoa,"Per 10,000 inhabitants",12.3
2015,Pharmacist,Not retired,,Gipuzkoa,"Per 10,000 inhabitants",13.3
2013,Pharmacist,Not retired,,Gipuzkoa,"Per 10,000 inhabitants",13.0
2024,Pharmacist,,,Gipuzkoa,"Per 10,000 inhabitants",16.8
2018,Pharmacist,,,Gipuzkoa,"Per 10,000 inhabitants",15.7
2020,Pharmacist,,,Gipuzkoa,"Per 10,000 inhabitants",16.3
2024,Pharmacist,Not retired,,Gipuzkoa,"Per 10,000 inhabitants",14.3
2022,Pharmacist,Not retired,,Gipuzkoa,"Per 10,000 inhabitants",14.6
2017,Pharmacist,Not retired,,Gipuzkoa,"Per 10,000 inhabitants",13.9
2021,Pharmacist,Not retired,,Gipuzkoa,"Per 10,000 inhabitants",14.5
2019,Pharmacist,Not retired,,Gipuzkoa,"Per 10,000 inhabitants",14.1
2023,Pharmacist,Not retired,,Gipuzkoa,"Per 10,000 inhabitants",14.5
2025,Pharmacist,Not retired,,Gipuzkoa,"Per 10,000 inhabitants",14.4
2020,Pharmacist,Not retired,,Gipuzkoa,"Per 10,000 inhabitants",14.5
2021,Pharmacist,Retired,,Gipuzkoa,"Per 10,000 inhabitants",1.9
2023,Pharmacist,Retired,,Gipuzkoa,"Per 10,000 inhabitants",2.2
2017,Pharmacist,Retired,,Gipuzkoa,"Per 10,000 inhabitants",1.3
2025,Pharmacist,Retired,,Gipuzkoa,"Per 10,000 inhabitants",2.6
2019,Pharmacist,Retired,,Gipuzkoa,"Per 10,000 inhabitants",1.7
2020,Pharmacist,Retired,,Gipuzkoa,"Per 10,000 inhabitants",1.9
2013,Pharmacist,Retired,,Gipuzkoa,"Per 10,000 inhabitants",0.9
2011,Pharmacist,Retired,,Gipuzkoa,"Per 10,000 inhabitants",0.9
2015,Pharmacist,Retired,,Gipuzkoa,"Per 10,000 inhabitants",1.1
2012,Pharmacist,Retired,,Gipuzkoa,"Per 10,000 inhabitants",0.9
2010,Pharmacist,Retired,,Gipuzkoa,"Per 10,000 inhabitants",0.9
2014,Pharmacist,Retired,,Gipuzkoa,"Per 10,000 inhabitants",1.0
2018,Pharmacist,Retired,,Gipuzkoa,"Per 10,000 inhabitants",1.5
2016,Pharmacist,Retired,,Gipuzkoa,"Per 10,000 inhabitants",1.2
2022,Pharmacist,Retired,,Gipuzkoa,"Per 10,000 inhabitants",2.1
2024,Pharmacist,Retired,,Gipuzkoa,"Per 10,000 inhabitants",2.5
2012,Pharmacist,,,Gipuzkoa,"Per 10,000 inhabitants",13.6
2014,Pharmacist,,,Gipuzkoa,"Per 10,000 inhabitants",14.5
2019,Pharmacist,,,Gipuzkoa,"Per 10,000 inhabitants",15.8
2010,Pharmacist,,,Gipuzkoa,"Per 10,000 inhabitants",12.9
2023,Pharmacist,,,Gipuzkoa,"Per 10,000 inhabitants",16.7
2015,Pharmacist,,,Gipuzkoa,"Per 10,000 inhabitants",14.5
2025,Pharmacist,,,Gipuzkoa,"Per 10,000 inhabitants",16.9
2021,Pharmacist,,,Gipuzkoa,"Per 10,000 inhabitants",16.4
2017,Pharmacist,,,Gipuzkoa,"Per 10,000 inhabitants",15.2
2016,Pharmacist,,,Gipuzkoa,"Per 10,000 inhabitants",14.8
2022,Pharmacist,Not retired,Female,,"Per 10,000 inhabitants",24.3
2023,Pharmacist,,Female,,"Per 10,000 inhabitants",25.9
2014,Pharmacist,Not retired,Female,,"Per 10,000 inhabitants",21.5
2025,Pharmacist,,Female,,"Per 10,000 inhabitants",26.3
2020,Pharmacist,Not retired,Female,,"Per 10,000 inhabitants",23.3
2015,Pharmacist,,Female,,"Per 10,000 inhabitants",23.3
2016,Pharmacist,,Female,,"Per 10,000 inhabitants",23.9
2022,Pharmacist,Retired,Female,,"Per 10,000 inhabitants",1.9
2020,Pharmacist,Retired,Female,,"Per 10,000 inhabitants",1.7
2025,Pharmacist,Retired,Female,,"Per 10,000 inhabitants",2.3
2019,Pharmacist,Not retired,Female,,"Per 10,000 inhabitants",22.9
2018,Pharmacist,Retired,Female,,"Per 10,000 inhabitants",1.5
2012,Pharmacist,Retired,Female,,"Per 10,000 inhabitants",0.9
2017,Pharmacist,Retired,Female,,"Per 10,000 inhabitants",1.4
2019,Pharmacist,Retired,Female,,"Per 10,000 inhabitants",1.5
2010,Pharmacist,Retired,Female,,"Per 10,000 inhabitants",0.8
2013,Pharmacist,Retired,Female,,"Per 10,000 inhabitants",0.9
2011,Pharmacist,Retired,Female,,"Per 10,000 inhabitants",0.9
2016,Pharmacist,Retired,Female,,"Per 10,000 inhabitants",1.2
2024,Pharmacist,Retired,Female,,"Per 10,000 inhabitants",2.2
2017,Pharmacist,Not retired,Female,,"Per 10,000 inhabitants",22.6
2013,Pharmacist,Not retired,Female,,"Per 10,000 inhabitants",21.1
2021,Pharmacist,Not retired,Female,,"Per 10,000 inhabitants",23.6
2018,Pharmacist,Not retired,Female,,"Per 10,000 inhabitants",22.8
2011,Pharmacist,Not retired,Female,,"Per 10,000 inhabitants",20.4
2023,Pharmacist,Not retired,Female,,"Per 10,000 inhabitants",23.9
2012,Pharmacist,Not retired,Female,,"Per 10,000 inhabitants",20.7
2015,Pharmacist,Not retired,Female,,"Per 10,000 inhabitants",21.8
2024,Pharmacist,Not retired,Female,,"Per 10,000 inhabitants",23.8
2019,Pharmacist,,Female,,"Per 10,000 inhabitants",24.8
2020,Pharmacist,,Female,,"Per 10,000 inhabitants",25.3
2012,Pharmacist,,Female,,"Per 10,000 inhabitants",21.9
2018,Pharmacist,,Female,,"Per 10,000 inhabitants",24.7
2010,Pharmacist,,Female,,"Per 10,000 inhabitants",21.2
2017,Pharmacist,,Female,,"Per 10,000 inhabitants",24.3
2015,Pharmacist,Retired,Female,,"Per 10,000 inhabitants",1.1
2023,Pharmacist,Retired,Female,,"Per 10,000 inhabitants",2.0
2016,Pharmacist,Not retired,Female,,"Per 10,000 inhabitants",22.3
2021,Pharmacist,Retired,Female,,"Per 10,000 inhabitants",1.8
2021,Pharmacist,,Female,,"Per 10,000 inhabitants",25.8
2022,Pharmacist,,Female,,"Per 10,000 inhabitants",26.2
2014,Pharmacist,Retired,Female,,"Per 10,000 inhabitants",1.0
2014,Pharmacist,,Female,,"Per 10,000 inhabitants",22.9
2010,Pharmacist,Not retired,Female,,"Per 10,000 inhabitants",20.1
2013,Pharmacist,,Female,,"Per 10,000 inhabitants",22.4
2011,Pharmacist,,Female,,"Per 10,000 inhabitants",21.6
2025,Pharmacist,Not retired,Female,,"Per 10,000 inhabitants",24.0
2024,Pharmacist,,Female,,"Per 10,000 inhabitants",26.0
2019,Pharmacist,,Female,Araba/Álava,"Per 10,000 inhabitants",24.5
2019,Pharmacist,Not retired,Female,Araba/Álava,"Per 10,000 inhabitants",23.5
2010,Pharmacist,Not retired,Female,Araba/Álava,"Per 10,000 inhabitants",20.6
2017,Pharmacist,Retired,Female,Araba/Álava,"Per 10,000 inhabitants",1.0
2011,Pharmacist,Not retired,Female,Araba/Álava,"Per 10,000 inhabitants",21.3
2023,Pharmacist,,Female,Araba/Álava,"Per 10,000 inhabitants",26.8
2014,Pharmacist,Not retired,Female,Araba/Álava,"Per 10,000 inhabitants",22.7
2014,Pharmacist,Retired,Female,Araba/Álava,"Per 10,000 inhabitants",0.6
2012,Pharmacist,Retired,Female,Araba/Álava,"Per 10,000 inhabitants",0.6
2020,Pharmacist,Retired,Female,Araba/Álava,"Per 10,000 inhabitants",1.0
2014,Pharmacist,,Female,Araba/Álava,"Per 10,000 inhabitants",23.2
2020,Pharmacist,,Female,Araba/Álava,"Per 10,000 inhabitants",25.4
2018,Pharmacist,,Female,Araba/Álava,"Per 10,000 inhabitants",24.1
2024,Pharmacist,Retired,Female,Araba/Álava,"Per 10,000 inhabitants",1.3
2013,Pharmacist,,Female,Araba/Álava,"Per 10,000 inhabitants",22.8
2016,Pharmacist,,Female,Araba/Álava,"Per 10,000 inhabitants",23.6
2015,Pharmacist,,Female,Araba/Álava,"Per 10,000 inhabitants",23.2
2021,Pharmacist,Retired,Female,Araba/Álava,"Per 10,000 inhabitants",1.0
2017,Pharmacist,,Female,Araba/Álava,"Per 10,000 inhabitants",23.9
2022,Pharmacist,,Female,Araba/Álava,"Per 10,000 inhabitants",27.3
2021,Pharmacist,,Female,Araba/Álava,"Per 10,000 inhabitants",25.4
2012,Pharmacist,,Female,Araba/Álava,"Per 10,000 inhabitants",22.5
2024,Pharmacist,,Female,Araba/Álava,"Per 10,000 inhabitants",27.4
2013,Pharmacist,Not retired,Female,Araba/Álava,"Per 10,000 inhabitants",22.2
2011,Pharmacist,Retired,Female,Araba/Álava,"Per 10,000 inhabitants",0.6
2022,Pharmacist,Retired,Female,Araba/Álava,"Per 10,000 inhabitants",1.0
2010,Pharmacist,Retired,Female,Araba/Álava,"Per 10,000 inhabitants",0.5
2018,Pharmacist,Retired,Female,Araba/Álava,"Per 10,000 inhabitants",1.0
2010,Pharmacist,,Female,Araba/Álava,"Per 10,000 inhabitants",21.1
2011,Pharmacist,,Female,Araba/Álava,"Per 10,000 inhabitants",21.9
2023,Pharmacist,Retired,Female,Araba/Álava,"Per 10,000 inhabitants",1.2
2020,Pharmacist,Not retired,Female,Araba/Álava,"Per 10,000 inhabitants",24.4
2015,Pharmacist,Retired,Female,Araba/Álava,"Per 10,000 inhabitants",0.7
2025,Pharmacist,Retired,Female,Araba/Álava,"Per 10,000 inhabitants",1.7
2013,Pharmacist,Retired,Female,Araba/Álava,"Per 10,000 inhabitants",0.6
2022,Pharmacist,Not retired,Female,Araba/Álava,"Per 10,000 inhabitants",26.3
2016,Pharmacist,Not retired,Female,Araba/Álava,"Per 10,000 inhabitants",22.7
2025,Pharmacist,,Female,Araba/Álava,"Per 10,000 inhabitants",28.0
2021,Pharmacist,Not retired,Female,Araba/Álava,"Per 10,000 inhabitants",24.4
2023,Pharmacist,Not retired,Female,Araba/Álava,"Per 10,000 inhabitants",25.6
2015,Pharmacist,Not retired,Female,Araba/Álava,"Per 10,000 inhabitants",22.4
2018,Pharmacist,Not retired,Female,Araba/Álava,"Per 10,000 inhabitants",23.1
2012,Pharmacist,Not retired,Female,Araba/Álava,"Per 10,000 inhabitants",21.9
2017,Pharmacist,Not retired,Female,Araba/Álava,"Per 10,000 inhabitants",22.9
2024,Pharmacist,Not retired,Female,Araba/Álava,"Per 10,000 inhabitants",26.1
2019,Pharmacist,Retired,Female,Araba/Álava,"Per 10,000 inhabitants",1.0
2016,Pharmacist,Retired,Female,Araba/Álava,"Per 10,000 inhabitants",0.9
2025,Pharmacist,Not retired,Female,Araba/Álava,"Per 10,000 inhabitants",26.3
2021,Pharmacist,,Female,Bizkaia,"Per 10,000 inhabitants",25.5
2020,Pharmacist,,Female,Bizkaia,"Per 10,000 inhabitants",25.0
2018,Pharmacist,,Female,Bizkaia,"Per 10,000 inhabitants",24.7
2016,Pharmacist,,Female,Bizkaia,"Per 10,000 inhabitants",24.2
2014,Pharmacist,,Female,Bizkaia,"Per 10,000 inhabitants",22.9
2023,Pharmacist,,Female,Bizkaia,"Per 10,000 inhabitants",25.2
2013,Pharmacist,,Female,Bizkaia,"Per 10,000 inhabitants",22.6
2015,Pharmacist,,Female,Bizkaia,"Per 10,000 inhabitants",23.5
2022,Pharmacist,,Female,Bizkaia,"Per 10,000 inhabitants",25.7
2023,Pharmacist,Retired,Female,Bizkaia,"Per 10,000 inhabitants",1.6
2012,Pharmacist,Retired,Female,Bizkaia,"Per 10,000 inhabitants",1.0
2018,Pharmacist,Retired,Female,Bizkaia,"Per 10,000 inhabitants",1.2
2016,Pharmacist,Retired,Female,Bizkaia,"Per 10,000 inhabitants",1.1
2020,Pharmacist,Retired,Female,Bizkaia,"Per 10,000 inhabitants",1.3
2014,Pharmacist,Retired,Female,Bizkaia,"Per 10,000 inhabitants",1.0
2011,Pharmacist,Retired,Female,Bizkaia,"Per 10,000 inhabitants",1.0
2010,Pharmacist,Retired,Female,Bizkaia,"Per 10,000 inhabitants",0.8
2021,Pharmacist,Retired,Female,Bizkaia,"Per 10,000 inhabitants",1.5
2025,Pharmacist,Retired,Female,Bizkaia,"Per 10,000 inhabitants",1.7
2013,Pharmacist,Retired,Female,Bizkaia,"Per 10,000 inhabitants",1.0
2017,Pharmacist,Retired,Female,Bizkaia,"Per 10,000 inhabitants",1.2
2015,Pharmacist,Retired,Female,Bizkaia,"Per 10,000 inhabitants",0.9
2024,Pharmacist,Retired,Female,Bizkaia,"Per 10,000 inhabitants",1.6
2019,Pharmacist,Retired,Female,Bizkaia,"Per 10,000 inhabitants",1.2
2022,Pharmacist,Retired,Female,Bizkaia,"Per 10,000 inhabitants",1.4
2014,Pharmacist,Not retired,Female,Bizkaia,"Per 10,000 inhabitants",21.2
2016,Pharmacist,Not retired,Female,Bizkaia,"Per 10,000 inhabitants",22.5
2015,Pharmacist,Not retired,Female,Bizkaia,"Per 10,000 inhabitants",21.8
2013,Pharmacist,Not retired,Female,Bizkaia,"Per 10,000 inhabitants",21.0
2010,Pharmacist,Not retired,Female,Bizkaia,"Per 10,000 inhabitants",20.5
2012,Pharmacist,Not retired,Female,Bizkaia,"Per 10,000 inhabitants",20.6
2011,Pharmacist,Not retired,Female,Bizkaia,"Per 10,000 inhabitants",20.6
2022,Pharmacist,Not retired,Female,Bizkaia,"Per 10,000 inhabitants",24.3
2025,Pharmacist,Not retired,Female,Bizkaia,"Per 10,000 inhabitants",23.7
2021,Pharmacist,Not retired,Female,Bizkaia,"Per 10,000 inhabitants",23.3
2019,Pharmacist,Not retired,Female,Bizkaia,"Per 10,000 inhabitants",22.8
2023,Pharmacist,Not retired,Female,Bizkaia,"Per 10,000 inhabitants",23.6
2017,Pharmacist,Not retired,Female,Bizkaia,"Per 10,000 inhabitants",22.5
2018,Pharmacist,Not retired,Female,Bizkaia,"Per 10,000 inhabitants",22.8
2020,Pharmacist,Not retired,Female,Bizkaia,"Per 10,000 inhabitants",23.1
2024,Pharmacist,Not retired,Female,Bizkaia,"Per 10,000 inhabitants",23.6
2011,Pharmacist,,Female,Bizkaia,"Per 10,000 inhabitants",22.1
2010,Pharmacist,,Female,Bizkaia,"Per 10,000 inhabitants",21.8
2025,Pharmacist,,Female,Bizkaia,"Per 10,000 inhabitants",25.4
2012,Pharmacist,,Female,Bizkaia,"Per 10,000 inhabitants",22.1
2024,Pharmacist,,Female,Bizkaia,"Per 10,000 inhabitants",25.2
2017,Pharmacist,,Female,Bizkaia,"Per 10,000 inhabitants",24.4
2019,Pharmacist,,Female,Bizkaia,"Per 10,000 inhabitants",24.7
2010,Pharmacist,Retired,Female,Gipuzkoa,"Per 10,000 inhabitants",0.9
2019,Pharmacist,Retired,Female,Gipuzkoa,"Per 10,000 inhabitants",2.4
2012,Pharmacist,Retired,Female,Gipuzkoa,"Per 10,000 inhabitants",0.9
2020,Pharmacist,Retired,Female,Gipuzkoa,"Per 10,000 inhabitants",2.6
2017,Pharmacist,Retired,Female,Gipuzkoa,"Per 10,000 inhabitants",1.8
2022,Pharmacist,Retired,Female,Gipuzkoa,"Per 10,000 inhabitants",3.1
2014,Pharmacist,Retired,Female,Gipuzkoa,"Per 10,000 inhabitants",1.2
2011,Pharmacist,Retired,Female,Gipuzkoa,"Per 10,000 inhabitants",1.0
2025,Pharmacist,Retired,Female,Gipuzkoa,"Per 10,000 inhabitants",3.6
2024,Pharmacist,Retired,Female,Gipuzkoa,"Per 10,000 inhabitants",3.5
2023,Pharmacist,Retired,Female,Gipuzkoa,"Per 10,000 inhabitants",3.1
2021,Pharmacist,Retired,Female,Gipuzkoa,"Per 10,000 inhabitants",2.6
2013,Pharmacist,Retired,Female,Gipuzkoa,"Per 10,000 inhabitants",1.1
2016,Pharmacist,Retired,Female,Gipuzkoa,"Per 10,000 inhabitants",1.5
2018,Pharmacist,Retired,Female,Gipuzkoa,"Per 10,000 inhabitants",2.1
2021,Pharmacist,Not retired,Female,Gipuzkoa,"Per 10,000 inhabitants",23.7
2015,Pharmacist,,Female,Gipuzkoa,"Per 10,000 inhabitants",23.0
2014,Pharmacist,Not retired,Female,Gipuzkoa,"Per 10,000 inhabitants",21.5
2012,Pharmacist,Not retired,Female,Gipuzkoa,"Per 10,000 inhabitants",20.3
2017,Pharmacist,Not retired,Female,Gipuzkoa,"Per 10,000 inhabitants",22.6
2025,Pharmacist,,Female,Gipuzkoa,"Per 10,000 inhabitants",27.0
2025,Pharmacist,Not retired,Female,Gipuzkoa,"Per 10,000 inhabitants",23.3
2024,Pharmacist,Not retired,Female,Gipuzkoa,"Per 10,000 inhabitants",23.2
2022,Pharmacist,Not retired,Female,Gipuzkoa,"Per 10,000 inhabitants",23.4
2023,Pharmacist,Not retired,Female,Gipuzkoa,"Per 10,000 inhabitants",23.5
2018,Pharmacist,Not retired,Female,Gipuzkoa,"Per 10,000 inhabitants",22.7
2020,Pharmacist,Not retired,Female,Gipuzkoa,"Per 10,000 inhabitants",23.2
2016,Pharmacist,Not retired,Female,Gipuzkoa,"Per 10,000 inhabitants",21.9
2011,Pharmacist,Not retired,Female,Gipuzkoa,"Per 10,000 inhabitants",19.7
2019,Pharmacist,Not retired,Female,Gipuzkoa,"Per 10,000 inhabitants",22.7
2013,Pharmacist,Not retired,Female,Gipuzkoa,"Per 10,000 inhabitants",20.8
2015,Pharmacist,Not retired,Female,Gipuzkoa,"Per 10,000 inhabitants",21.6
2010,Pharmacist,Not retired,Female,Gipuzkoa,"Per 10,000 inhabitants",19.3
2015,Pharmacist,Retired,Female,Gipuzkoa,"Per 10,000 inhabitants",1.4
2011,Pharmacist,,Female,Gipuzkoa,"Per 10,000 inhabitants",20.7
2017,Pharmacist,,Female,Gipuzkoa,"Per 10,000 inhabitants",24.4
2020,Pharmacist,,Female,Gipuzkoa,"Per 10,000 inhabitants",25.8
2022,Pharmacist,,Female,Gipuzkoa,"Per 10,000 inhabitants",26.5
2014,Pharmacist,,Female,Gipuzkoa,"Per 10,000 inhabitants",22.7
2019,Pharmacist,,Female,Gipuzkoa,"Per 10,000 inhabitants",25.1
2010,Pharmacist,,Female,Gipuzkoa,"Per 10,000 inhabitants",20.2
2018,Pharmacist,,Female,Gipuzkoa,"Per 10,000 inhabitants",24.8
2016,Pharmacist,,Female,Gipuzkoa,"Per 10,000 inhabitants",23.4
2023,Pharmacist,,Female,Gipuzkoa,"Per 10,000 inhabitants",26.7
2013,Pharmacist,,Female,Gipuzkoa,"Per 10,000 inhabitants",21.9
2021,Pharmacist,,Female,Gipuzkoa,"Per 10,000 inhabitants",26.4
2024,Pharmacist,,Female,Gipuzkoa,"Per 10,000 inhabitants",26.7
2012,Pharmacist,,Female,Gipuzkoa,"Per 10,000 inhabitants",21.3
2024,Pharmacist,,Male,,"Per 10,000 inhabitants",6.7
2016,Pharmacist,,Male,,"Per 10,000 inhabitants",6.3
2015,Pharmacist,Retired,Male,,"Per 10,000 inhabitants",0.7
2017,Pharmacist,Retired,Male,,"Per 10,000 inhabitants",0.7
2024,Pharmacist,Retired,Male,,"Per 10,000 inhabitants",0.9
2023,Pharmacist,Retired,Male,,"Per 10,000 inhabitants",0.8
2020,Pharmacist,Retired,Male,,"Per 10,000 inhabitants",0.8
2025,Pharmacist,Retired,Male,,"Per 10,000 inhabitants",0.9
2021,Pharmacist,,Male,,"Per 10,000 inhabitants",6.5
2016,Pharmacist,Retired,Male,,"Per 10,000 inhabitants",0.7
2022,Pharmacist,Not retired,Male,,"Per 10,000 inhabitants",5.9
2018,Pharmacist,Retired,Male,,"Per 10,000 inhabitants",0.8
2022,Pharmacist,Retired,Male,,"Per 10,000 inhabitants",0.8
2023,Pharmacist,,Male,,"Per 10,000 inhabitants",6.7
2012,Pharmacist,Not retired,Male,,"Per 10,000 inhabitants",5.1
2018,Pharmacist,Not retired,Male,,"Per 10,000 inhabitants",5.7
2020,Pharmacist,,Male,,"Per 10,000 inhabitants",6.7
2025,Pharmacist,Not retired,Male,,"Per 10,000 inhabitants",5.8
2021,Pharmacist,Retired,Male,,"Per 10,000 inhabitants",0.8
2024,Pharmacist,Not retired,Male,,"Per 10,000 inhabitants",5.8
2022,Pharmacist,,Male,,"Per 10,000 inhabitants",6.7
2014,Pharmacist,Not retired,Male,,"Per 10,000 inhabitants",5.3
2017,Pharmacist,Not retired,Male,,"Per 10,000 inhabitants",5.5
2010,Pharmacist,Not retired,Male,,"Per 10,000 inhabitants",4.8
2019,Pharmacist,Not retired,Male,,"Per 10,000 inhabitants",5.7
2013,Pharmacist,Not retired,Male,,"Per 10,000 inhabitants",5.2
2017,Pharmacist,,Male,,"Per 10,000 inhabitants",6.3
2011,Pharmacist,Retired,Male,,"Per 10,000 inhabitants",0.7
2023,Pharmacist,Not retired,Male,,"Per 10,000 inhabitants",5.9
2013,Pharmacist,,Male,,"Per 10,000 inhabitants",6.0
2010,Pharmacist,Retired,Male,,"Per 10,000 inhabitants",0.7
2014,Pharmacist,Retired,Male,,"Per 10,000 inhabitants",0.7
2012,Pharmacist,Retired,Male,,"Per 10,000 inhabitants",0.7
2019,Pharmacist,,Male,,"Per 10,000 inhabitants",6.5
2018,Pharmacist,,Male,,"Per 10,000 inhabitants",6.5
2014,Pharmacist,,Male,,"Per 10,000 inhabitants",6.1
2010,Pharmacist,,Male,,"Per 10,000 inhabitants",5.6
2019,Pharmacist,Retired,Male,,"Per 10,000 inhabitants",0.7
2011,Pharmacist,Not retired,Male,,"Per 10,000 inhabitants",4.7
2016,Pharmacist,Not retired,Male,,"Per 10,000 inhabitants",5.5
2021,Pharmacist,Not retired,Male,,"Per 10,000 inhabitants",5.7
2012,Pharmacist,,Male,,"Per 10,000 inhabitants",5.9
2020,Pharmacist,Not retired,Male,,"Per 10,000 inhabitants",5.8
2025,Pharmacist,,Male,,"Per 10,000 inhabitants",6.7
2015,Pharmacist,,Male,,"Per 10,000 inhabitants",6.1
2015,Pharmacist,Not retired,Male,,"Per 10,000 inhabitants",5.3
2013,Pharmacist,Retired,Male,,"Per 10,000 inhabitants",0.7
2011,Pharmacist,,Male,,"Per 10,000 inhabitants",5.6
2013,Pharmacist,Retired,Male,Araba/Álava,"Per 10,000 inhabitants",0.4
2017,Pharmacist,Retired,Male,Araba/Álava,"Per 10,000 inhabitants",0.6
2022,Pharmacist,Not retired,Male,Araba/Álava,"Per 10,000 inhabitants",6.4
2012,Pharmacist,Retired,Male,Araba/Álava,"Per 10,000 inhabitants",0.4
2024,Pharmacist,Retired,Male,Araba/Álava,"Per 10,000 inhabitants",0.4
2014,Pharmacist,Retired,Male,Araba/Álava,"Per 10,000 inhabitants",0.4
2011,Pharmacist,Retired,Male,Araba/Álava,"Per 10,000 inhabitants",0.4
2018,Pharmacist,Retired,Male,Araba/Álava,"Per 10,000 inhabitants",0.6
2022,Pharmacist,Retired,Male,Araba/Álava,"Per 10,000 inhabitants",0.4
2010,Pharmacist,Retired,Male,Araba/Álava,"Per 10,000 inhabitants",0.3
2022,Pharmacist,,Male,Araba/Álava,"Per 10,000 inhabitants",6.8
2012,Pharmacist,,Male,Araba/Álava,"Per 10,000 inhabitants",6.4
2024,Pharmacist,,Male,Araba/Álava,"Per 10,000 inhabitants",6.6
2011,Pharmacist,,Male,Araba/Álava,"Per 10,000 inhabitants",5.9
2021,Pharmacist,,Male,Araba/Álava,"Per 10,000 inhabitants",7.2
2013,Pharmacist,,Male,Araba/Álava,"Per 10,000 inhabitants",6.5
2020,Pharmacist,,Male,Araba/Álava,"Per 10,000 inhabitants",7.4
2025,Pharmacist,,Male,Araba/Álava,"Per 10,000 inhabitants",6.6
2016,Pharmacist,,Male,Araba/Álava,"Per 10,000 inhabitants",7.3
2023,Pharmacist,,Male,Araba/Álava,"Per 10,000 inhabitants",6.7
2010,Pharmacist,,Male,Araba/Álava,"Per 10,000 inhabitants",6.3
2019,Pharmacist,Retired,Male,Araba/Álava,"Per 10,000 inhabitants",0.6
2019,Pharmacist,,Male,Araba/Álava,"Per 10,000 inhabitants",7.3
2015,Pharmacist,,Male,Araba/Álava,"Per 10,000 inhabitants",6.9
2016,Pharmacist,Retired,Male,Araba/Álava,"Per 10,000 inhabitants",0.4
2020,Pharmacist,Retired,Male,Araba/Álava,"Per 10,000 inhabitants",0.6
2014,Pharmacist,,Male,Araba/Álava,"Per 10,000 inhabitants",6.4
2016,Pharmacist,Not retired,Male,Araba/Álava,"Per 10,000 inhabitants",6.9
2011,Pharmacist,Not retired,Male,Araba/Álava,"Per 10,000 inhabitants",5.4
2018,Pharmacist,Not retired,Male,Araba/Álava,"Per 10,000 inhabitants",6.8
2015,Pharmacist,Not retired,Male,Araba/Álava,"Per 10,000 inhabitants",6.5
2010,Pharmacist,Not retired,Male,Araba/Álava,"Per 10,000 inhabitants",5.7
2017,Pharmacist,Not retired,Male,Araba/Álava,"Per 10,000 inhabitants",6.6
2012,Pharmacist,Not retired,Male,Araba/Álava,"Per 10,000 inhabitants",5.9
2019,Pharmacist,Not retired,Male,Araba/Álava,"Per 10,000 inhabitants",6.8
2014,Pharmacist,Not retired,Male,Araba/Álava,"Per 10,000 inhabitants",6.0
2013,Pharmacist,Not retired,Male,Araba/Álava,"Per 10,000 inhabitants",6.1
2025,Pharmacist,Not retired,Male,Araba/Álava,"Per 10,000 inhabitants",6.2
2024,Pharmacist,Not retired,Male,Araba/Álava,"Per 10,000 inhabitants",6.2
2020,Pharmacist,Not retired,Male,Araba/Álava,"Per 10,000 inhabitants",6.8
2021,Pharmacist,Not retired,Male,Araba/Álava,"Per 10,000 inhabitants",6.7
2023,Pharmacist,Not retired,Male,Araba/Álava,"Per 10,000 inhabitants",6.3
2018,Pharmacist,,Male,Araba/Álava,"Per 10,000 inhabitants",7.4
2017,Pharmacist,,Male,Araba/Álava,"Per 10,000 inhabitants",7.2
2023,Pharmacist,Retired,Male,Araba/Álava,"Per 10,000 inhabitants",0.4
2025,Pharmacist,Retired,Male,Araba/Álava,"Per 10,000 inhabitants",0.4
2021,Pharmacist,Retired,Male,Araba/Álava,"Per 10,000 inhabitants",0.6
2015,Pharmacist,Retired,Male,Araba/Álava,"Per 10,000 inhabitants",0.4
2011,Pharmacist,Retired,Male,Bizkaia,"Per 10,000 inhabitants",0.8
2012,Pharmacist,Not retired,Male,Bizkaia,"Per 10,000 inhabitants",4.9
2010,Pharmacist,Not retired,Male,Bizkaia,"Per 10,000 inhabitants",4.7
2014,Pharmacist,Not retired,Male,Bizkaia,"Per 10,000 inhabitants",5.2
2011,Pharmacist,Not retired,Male,Bizkaia,"Per 10,000 inhabitants",4.6
2013,Pharmacist,Not retired,Male,Bizkaia,"Per 10,000 inhabitants",5.1
2015,Pharmacist,Not retired,Male,Bizkaia,"Per 10,000 inhabitants",5.4
2024,Pharmacist,Not retired,Male,Bizkaia,"Per 10,000 inhabitants",6.2
2021,Pharmacist,Not retired,Male,Bizkaia,"Per 10,000 inhabitants",6.0
2020,Pharmacist,Not retired,Male,Bizkaia,"Per 10,000 inhabitants",5.8
2025,Pharmacist,Not retired,Male,Bizkaia,"Per 10,000 inhabitants",6.1
2018,Pharmacist,Not retired,Male,Bizkaia,"Per 10,000 inhabitants",5.7
2022,Pharmacist,Not retired,Male,Bizkaia,"Per 10,000 inhabitants",6.1
2016,Pharmacist,Not retired,Male,Bizkaia,"Per 10,000 inhabitants",5.5
2017,Pharmacist,Not retired,Male,Bizkaia,"Per 10,000 inhabitants",5.7
2019,Pharmacist,Not retired,Male,Bizkaia,"Per 10,000 inhabitants",5.7
2023,Pharmacist,Not retired,Male,Bizkaia,"Per 10,000 inhabitants",6.2
2020,Pharmacist,,Male,Bizkaia,"Per 10,000 inhabitants",6.6
2019,Pharmacist,,Male,Bizkaia,"Per 10,000 inhabitants",6.5
2023,Pharmacist,,Male,Bizkaia,"Per 10,000 inhabitants",7.0
2015,Pharmacist,Retired,Male,Bizkaia,"Per 10,000 inhabitants",0.6
2013,Pharmacist,Retired,Male,Bizkaia,"Per 10,000 inhabitants",0.8
2025,Pharmacist,Retired,Male,Bizkaia,"Per 10,000 inhabitants",0.7
2021,Pharmacist,Retired,Male,Bizkaia,"Per 10,000 inhabitants",0.7
2017,Pharmacist,Retired,Male,Bizkaia,"Per 10,000 inhabitants",0.7
2023,Pharmacist,Retired,Male,Bizkaia,"Per 10,000 inhabitants",0.7
2019,Pharmacist,Retired,Male,Bizkaia,"Per 10,000 inhabitants",0.7
2020,Pharmacist,Retired,Male,Bizkaia,"Per 10,000 inhabitants",0.7
2022,Pharmacist,Retired,Male,Bizkaia,"Per 10,000 inhabitants",0.6
2024,Pharmacist,Retired,Male,Bizkaia,"Per 10,000 inhabitants",0.7
2010,Pharmacist,Retired,Male,Bizkaia,"Per 10,000 inhabitants",0.7
2014,Pharmacist,Retired,Male,Bizkaia,"Per 10,000 inhabitants",0.8
2018,Pharmacist,Retired,Male,Bizkaia,"Per 10,000 inhabitants",0.7
2012,Pharmacist,Retired,Male,Bizkaia,"Per 10,000 inhabitants",0.8
2016,Pharmacist,Retired,Male,Bizkaia,"Per 10,000 inhabitants",0.7
2024,Pharmacist,,Male,Bizkaia,"Per 10,000 inhabitants",6.9
2011,Pharmacist,,Male,Bizkaia,"Per 10,000 inhabitants",5.5
2018,Pharmacist,,Male,Bizkaia,"Per 10,000 inhabitants",6.5
2010,Pharmacist,,Male,Bizkaia,"Per 10,000 inhabitants",5.5
2016,Pharmacist,,Male,Bizkaia,"Per 10,000 inhabitants",6.4
2022,Pharmacist,,Male,Bizkaia,"Per 10,000 inhabitants",6.7
2013,Pharmacist,,Male,Bizkaia,"Per 10,000 inhabitants",6.0
2021,Pharmacist,,Male,Bizkaia,"Per 10,000 inhabitants",6.7
2014,Pharmacist,,Male,Bizkaia,"Per 10,000 inhabitants",6.1
2015,Pharmacist,,Male,Bizkaia,"Per 10,000 inhabitants",6.3
2017,Pharmacist,,Male,Bizkaia,"Per 10,000 inhabitants",6.5
2012,Pharmacist,,Male,Bizkaia,"Per 10,000 inhabitants",5.8
2025,Pharmacist,,Male,Bizkaia,"Per 10,000 inhabitants",6.9
2023,Pharmacist,Not retired,Male,Gipuzkoa,"Per 10,000 inhabitants",5.0
2025,Pharmacist,Not retired,Male,Gipuzkoa,"Per 10,000 inhabitants",5.0
2022,Pharmacist,Not retired,Male,Gipuzkoa,"Per 10,000 inhabitants",5.4
2018,Pharmacist,Not retired,Male,Gipuzkoa,"Per 10,000 inhabitants",5.2
2019,Pharmacist,Not retired,Male,Gipuzkoa,"Per 10,000 inhabitants",5.1
2024,Pharmacist,Not retired,Male,Gipuzkoa,"Per 10,000 inhabitants",5.1
2015,Pharmacist,Not retired,Male,Gipuzkoa,"Per 10,000 inhabitants",4.7
2013,Pharmacist,Not retired,Male,Gipuzkoa,"Per 10,000 inhabitants",4.9
2016,Pharmacist,Not retired,Male,Gipuzkoa,"Per 10,000 inhabitants",4.9
2012,Pharmacist,Not retired,Male,Gipuzkoa,"Per 10,000 inhabitants",4.9
2014,Pharmacist,Not retired,Male,Gipuzkoa,"Per 10,000 inhabitants",5.0
2010,Pharmacist,Not retired,Male,Gipuzkoa,"Per 10,000 inhabitants",4.5
2017,Pharmacist,Not retired,Male,Gipuzkoa,"Per 10,000 inhabitants",4.8
2011,Pharmacist,Not retired,Male,Gipuzkoa,"Per 10,000 inhabitants",4.6
2014,Pharmacist,,Male,Gipuzkoa,"Per 10,000 inhabitants",5.9
2018,Pharmacist,,Male,Gipuzkoa,"Per 10,000 inhabitants",6.1
2018,Pharmacist,Retired,Male,Gipuzkoa,"Per 10,000 inhabitants",0.9
2025,Pharmacist,Retired,Male,Gipuzkoa,"Per 10,000 inhabitants",1.4
2021,Pharmacist,Retired,Male,Gipuzkoa,"Per 10,000 inhabitants",1.1
2017,Pharmacist,Retired,Male,Gipuzkoa,"Per 10,000 inhabitants",0.8
2013,Pharmacist,Retired,Male,Gipuzkoa,"Per 10,000 inhabitants",0.8
2019,Pharmacist,Retired,Male,Gipuzkoa,"Per 10,000 inhabitants",1.0
2023,Pharmacist,Retired,Male,Gipuzkoa,"Per 10,000 inhabitants",1.3
2020,Pharmacist,Retired,Male,Gipuzkoa,"Per 10,000 inhabitants",1.1
2022,Pharmacist,Retired,Male,Gipuzkoa,"Per 10,000 inhabitants",1.2
2014,Pharmacist,Retired,Male,Gipuzkoa,"Per 10,000 inhabitants",0.9
2016,Pharmacist,Retired,Male,Gipuzkoa,"Per 10,000 inhabitants",0.9
2024,Pharmacist,Retired,Male,Gipuzkoa,"Per 10,000 inhabitants",1.4
2015,Pharmacist,Retired,Male,Gipuzkoa,"Per 10,000 inhabitants",0.9
2011,Pharmacist,Retired,Male,Gipuzkoa,"Per 10,000 inhabitants",0.8
2010,Pharmacist,Retired,Male,Gipuzkoa,"Per 10,000 inhabitants",0.8
2012,Pharmacist,Retired,Male,Gipuzkoa,"Per 10,000 inhabitants",0.8
2020,Pharmacist,,Male,Gipuzkoa,"Per 10,000 inhabitants",6.4
2024,Pharmacist,,Male,Gipuzkoa,"Per 10,000 inhabitants",6.4
2011,Pharmacist,,Male,Gipuzkoa,"Per 10,000 inhabitants",5.4
2019,Pharmacist,,Male,Gipuzkoa,"Per 10,000 inhabitants",6.1
2017,Pharmacist,,Male,Gipuzkoa,"Per 10,000 inhabitants",5.6
2025,Pharmacist,,Male,Gipuzkoa,"Per 10,000 inhabitants",6.4
2015,Pharmacist,,Male,Gipuzkoa,"Per 10,000 inhabitants",5.6
2023,Pharmacist,,Male,Gipuzkoa,"Per 10,000 inhabitants",6.3
2021,Pharmacist,,Male,Gipuzkoa,"Per 10,000 inhabitants",5.9
2013,Pharmacist,,Male,Gipuzkoa,"Per 10,000 inhabitants",5.7
2021,Pharmacist,Not retired,Male,Gipuzkoa,"Per 10,000 inhabitants",4.8
2016,Pharmacist,,Male,Gipuzkoa,"Per 10,000 inhabitants",5.8
2020,Pharmacist,Not retired,Male,Gipuzkoa,"Per 10,000 inhabitants",5.3
2010,Pharmacist,,Male,Gipuzkoa,"Per 10,000 inhabitants",5.3
2022,Pharmacist,,Male,Gipuzkoa,"Per 10,000 inhabitants",6.6
2012,Pharmacist,,Male,Gipuzkoa,"Per 10,000 inhabitants",5.7
