Year,Lanbidea,Lan-egoera,Sexua,Lurralde historikoa,Units,Value
2022,,,,,10.000 biztanleko,175.6
2013,,Erretiratuak,,,10.000 biztanleko,6.2
2011,,,,,10.000 biztanleko,146.7
2014,,Ez erretiratuak,,,10.000 biztanleko,147.2
2015,,,,,10.000 biztanleko,156.8
2020,,Ez erretiratuak,,,10.000 biztanleko,157.8
2010,,Ez erretiratuak,,,10.000 biztanleko,138.0
2014,,Erretiratuak,,,10.000 biztanleko,6.6
2017,,Ez erretiratuak,,,10.000 biztanleko,151.9
2010,,,,,10.000 biztanleko,143.1
2020,,,,,10.000 biztanleko,170.8
2022,,Erretiratuak,,,10.000 biztanleko,14.8
2017,,Erretiratuak,,,10.000 biztanleko,9.2
2024,,Ez erretiratuak,,,10.000 biztanleko,163.1
2016,,,,,10.000 biztanleko,159.2
2017,,,,,10.000 biztanleko,161.3
2021,,Erretiratuak,,,10.000 biztanleko,14.0
2023,,Erretiratuak,,,10.000 biztanleko,24.9
2018,,Ez erretiratuak,,,10.000 biztanleko,153.4
2020,,Erretiratuak,,,10.000 biztanleko,12.8
2021,,Ez erretiratuak,,,10.000 biztanleko,159.5
2014,,,,,10.000 biztanleko,154.0
2019,,Ez erretiratuak,,,10.000 biztanleko,154.2
2019,,,,,10.000 biztanleko,166.1
2024,,,,,10.000 biztanleko,187.4
2023,,,,,10.000 biztanleko,186.6
2011,,Erretiratuak,,,10.000 biztanleko,5.4
2019,,Erretiratuak,,,10.000 biztanleko,11.7
2012,,,,,10.000 biztanleko,149.2
2018,,,,,10.000 biztanleko,163.7
2021,,,,,10.000 biztanleko,173.7
2016,,Erretiratuak,,,10.000 biztanleko,8.2
2013,,Ez erretiratuak,,,10.000 biztanleko,144.7
2015,,Erretiratuak,,,10.000 biztanleko,7.4
2015,,Ez erretiratuak,,,10.000 biztanleko,149.1
2018,,Erretiratuak,,,10.000 biztanleko,10.1
2016,,Ez erretiratuak,,,10.000 biztanleko,150.8
2013,,,,,10.000 biztanleko,151.2
2012,,Ez erretiratuak,,,10.000 biztanleko,142.9
2012,,Erretiratuak,,,10.000 biztanleko,6.0
2010,,Erretiratuak,,,10.000 biztanleko,4.9
2011,,Ez erretiratuak,,,10.000 biztanleko,133.7
2022,,Ez erretiratuak,,,10.000 biztanleko,160.7
2024,,Erretiratuak,,,10.000 biztanleko,24.3
2023,,Ez erretiratuak,,,10.000 biztanleko,161.7
2018,,Ez erretiratuak,,Araba / Álava,10.000 biztanleko,158.2
2013,,Erretiratuak,,Araba / Álava,10.000 biztanleko,5.5
2020,,Erretiratuak,,Araba / Álava,10.000 biztanleko,12.0
2010,,Ez erretiratuak,,Araba / Álava,10.000 biztanleko,141.0
2018,,,,Araba / Álava,10.000 biztanleko,168.3
2012,,Ez erretiratuak,,Araba / Álava,10.000 biztanleko,148.5
2015,,Erretiratuak,,Araba / Álava,10.000 biztanleko,7.4
2020,,Ez erretiratuak,,Araba / Álava,10.000 biztanleko,160.1
2019,,Ez erretiratuak,,Araba / Álava,10.000 biztanleko,157.7
2011,,Erretiratuak,,Araba / Álava,10.000 biztanleko,5.5
2022,,Erretiratuak,,Araba / Álava,10.000 biztanleko,14.1
2016,,,,Araba / Álava,10.000 biztanleko,164.6
2021,,,,Araba / Álava,10.000 biztanleko,174.2
2022,,,,Araba / Álava,10.000 biztanleko,175.5
2019,,,,Araba / Álava,10.000 biztanleko,168.9
2023,,Ez erretiratuak,,Araba / Álava,10.000 biztanleko,161.8
2010,,,,Araba / Álava,10.000 biztanleko,145.9
2023,,,,Araba / Álava,10.000 biztanleko,176.9
2017,,,,Araba / Álava,10.000 biztanleko,166.5
2010,,Erretiratuak,,Araba / Álava,10.000 biztanleko,4.7
2013,,,,Araba / Álava,10.000 biztanleko,155.7
2023,,Erretiratuak,,Araba / Álava,10.000 biztanleko,15.1
2024,,Erretiratuak,,Araba / Álava,10.000 biztanleko,16.0
2021,,Ez erretiratuak,,Araba / Álava,10.000 biztanleko,161.5
2011,,Ez erretiratuak,,Araba / Álava,10.000 biztanleko,138.2
2012,,,,Araba / Álava,10.000 biztanleko,153.7
2011,,,,Araba / Álava,10.000 biztanleko,149.6
2014,,Erretiratuak,,Araba / Álava,10.000 biztanleko,5.9
2019,,Erretiratuak,,Araba / Álava,10.000 biztanleko,11.2
2016,,Erretiratuak,,Araba / Álava,10.000 biztanleko,8.6
2017,,Ez erretiratuak,,Araba / Álava,10.000 biztanleko,157.0
2014,,,,Araba / Álava,10.000 biztanleko,159.4
2013,,Ez erretiratuak,,Araba / Álava,10.000 biztanleko,150.2
2021,,Erretiratuak,,Araba / Álava,10.000 biztanleko,12.6
2014,,Ez erretiratuak,,Araba / Álava,10.000 biztanleko,153.5
2017,,Erretiratuak,,Araba / Álava,10.000 biztanleko,9.5
2016,,Ez erretiratuak,,Araba / Álava,10.000 biztanleko,156.0
2024,,Ez erretiratuak,,Araba / Álava,10.000 biztanleko,162.7
2024,,,,Araba / Álava,10.000 biztanleko,178.7
2015,,Ez erretiratuak,,Araba / Álava,10.000 biztanleko,154.7
2015,,,,Araba / Álava,10.000 biztanleko,162.1
2022,,Ez erretiratuak,,Araba / Álava,10.000 biztanleko,161.4
2012,,Erretiratuak,,Araba / Álava,10.000 biztanleko,5.1
2018,,Erretiratuak,,Araba / Álava,10.000 biztanleko,10.1
2020,,,,Araba / Álava,10.000 biztanleko,172.1
2020,,Erretiratuak,,Bizkaia,10.000 biztanleko,13.1
2017,,Erretiratuak,,Bizkaia,10.000 biztanleko,9.0
2018,,Erretiratuak,,Bizkaia,10.000 biztanleko,9.9
2021,,Ez erretiratuak,,Bizkaia,10.000 biztanleko,164.3
2021,,,,Bizkaia,10.000 biztanleko,179.2
2014,,,,Bizkaia,10.000 biztanleko,156.0
2018,,Ez erretiratuak,,Bizkaia,10.000 biztanleko,157.9
2015,,Ez erretiratuak,,Bizkaia,10.000 biztanleko,151.8
2016,,Ez erretiratuak,,Bizkaia,10.000 biztanleko,154.0
2015,,,,Bizkaia,10.000 biztanleko,159.4
2019,,Ez erretiratuak,,Bizkaia,10.000 biztanleko,158.6
2019,,,,Bizkaia,10.000 biztanleko,170.8
2022,,Ez erretiratuak,,Bizkaia,10.000 biztanleko,166.4
2016,,,,Bizkaia,10.000 biztanleko,162.3
2012,,,,Bizkaia,10.000 biztanleko,150.9
2020,,,,Bizkaia,10.000 biztanleko,176.0
2010,,Ez erretiratuak,,Bizkaia,10.000 biztanleko,138.6
2021,,Erretiratuak,,Bizkaia,10.000 biztanleko,14.4
2013,,Erretiratuak,,Bizkaia,10.000 biztanleko,6.3
2022,,Erretiratuak,,Bizkaia,10.000 biztanleko,14.6
2014,,Erretiratuak,,Bizkaia,10.000 biztanleko,6.6
2018,,,,Bizkaia,10.000 biztanleko,168.2
2024,,Ez erretiratuak,,Bizkaia,10.000 biztanleko,169.1
2010,,Erretiratuak,,Bizkaia,10.000 biztanleko,5.4
2023,,,,Bizkaia,10.000 biztanleko,184.4
2022,,,,Bizkaia,10.000 biztanleko,181.0
2016,,Erretiratuak,,Bizkaia,10.000 biztanleko,7.9
2017,,,,Bizkaia,10.000 biztanleko,165.0
2020,,Ez erretiratuak,,Bizkaia,10.000 biztanleko,162.5
2024,,Erretiratuak,,Bizkaia,10.000 biztanleko,18.0
2011,,,,Bizkaia,10.000 biztanleko,148.2
2011,,Ez erretiratuak,,Bizkaia,10.000 biztanleko,134.2
2012,,Ez erretiratuak,,Bizkaia,10.000 biztanleko,144.2
2014,,Ez erretiratuak,,Bizkaia,10.000 biztanleko,148.9
2012,,Erretiratuak,,Bizkaia,10.000 biztanleko,6.3
2023,,Ez erretiratuak,,Bizkaia,10.000 biztanleko,167.5
2015,,Erretiratuak,,Bizkaia,10.000 biztanleko,7.1
2017,,Ez erretiratuak,,Bizkaia,10.000 biztanleko,155.6
2013,,,,Bizkaia,10.000 biztanleko,153.3
2010,,,,Bizkaia,10.000 biztanleko,144.3
2023,,Erretiratuak,,Bizkaia,10.000 biztanleko,16.8
2013,,Ez erretiratuak,,Bizkaia,10.000 biztanleko,146.5
2011,,Erretiratuak,,Bizkaia,10.000 biztanleko,5.8
2024,,,,Bizkaia,10.000 biztanleko,187.2
2019,,Erretiratuak,,Bizkaia,10.000 biztanleko,11.8
2020,,,,Gipuzkoa,10.000 biztanleko,161.9
2019,,Erretiratuak,,Gipuzkoa,10.000 biztanleko,11.7
2022,,Ez erretiratuak,,Gipuzkoa,10.000 biztanleko,151.3
2021,,Erretiratuak,,Gipuzkoa,10.000 biztanleko,14.0
2015,,Erretiratuak,,Gipuzkoa,10.000 biztanleko,8.0
2019,,,,Gipuzkoa,10.000 biztanleko,157.3
2012,,Erretiratuak,,Gipuzkoa,10.000 biztanleko,6.0
2017,,,,Gipuzkoa,10.000 biztanleko,152.9
2011,,Erretiratuak,,Gipuzkoa,10.000 biztanleko,4.6
2022,,,,Gipuzkoa,10.000 biztanleko,167.0
2023,,Ez erretiratuak,,Gipuzkoa,10.000 biztanleko,152.4
2020,,Erretiratuak,,Gipuzkoa,10.000 biztanleko,12.8
2023,,,,Gipuzkoa,10.000 biztanleko,194.7
2021,,,,Gipuzkoa,10.000 biztanleko,164.7
2018,,Erretiratuak,,Gipuzkoa,10.000 biztanleko,10.3
2012,,,,Gipuzkoa,10.000 biztanleko,144.3
2018,,Ez erretiratuak,,Gipuzkoa,10.000 biztanleko,144.0
2012,,Ez erretiratuak,,Gipuzkoa,10.000 biztanleko,138.3
2010,,Ez erretiratuak,,Gipuzkoa,10.000 biztanleko,135.6
2019,,Ez erretiratuak,,Gipuzkoa,10.000 biztanleko,145.6
2015,,,,Gipuzkoa,10.000 biztanleko,150.2
2024,,Ez erretiratuak,,Gipuzkoa,10.000 biztanleko,153.5
2024,,,,Gipuzkoa,10.000 biztanleko,191.8
2010,,,,Gipuzkoa,10.000 biztanleko,140.0
2016,,Ez erretiratuak,,Gipuzkoa,10.000 biztanleko,143.3
2016,,Erretiratuak,,Gipuzkoa,10.000 biztanleko,8.6
2024,,Erretiratuak,,Gipuzkoa,10.000 biztanleko,38.2
2014,,Ez erretiratuak,,Gipuzkoa,10.000 biztanleko,141.5
2022,,Erretiratuak,,Gipuzkoa,10.000 biztanleko,15.6
2010,,Erretiratuak,,Gipuzkoa,10.000 biztanleko,4.4
2020,,Ez erretiratuak,,Gipuzkoa,10.000 biztanleko,149.1
2015,,Ez erretiratuak,,Gipuzkoa,10.000 biztanleko,142.2
2018,,,,Gipuzkoa,10.000 biztanleko,154.3
2017,,Ez erretiratuak,,Gipuzkoa,10.000 biztanleko,143.5
2013,,Erretiratuak,,Gipuzkoa,10.000 biztanleko,6.4
2016,,,,Gipuzkoa,10.000 biztanleko,151.8
2011,,Ez erretiratuak,,Gipuzkoa,10.000 biztanleko,130.7
2013,,,,Gipuzkoa,10.000 biztanleko,145.8
2013,,Ez erretiratuak,,Gipuzkoa,10.000 biztanleko,139.4
2017,,Erretiratuak,,Gipuzkoa,10.000 biztanleko,9.4
2014,,Erretiratuak,,Gipuzkoa,10.000 biztanleko,7.0
2023,,Erretiratuak,,Gipuzkoa,10.000 biztanleko,42.3
2014,,,,Gipuzkoa,10.000 biztanleko,148.5
2021,,Ez erretiratuak,,Gipuzkoa,10.000 biztanleko,150.8
2011,,,,Gipuzkoa,10.000 biztanleko,142.8
2023,,Ez erretiratuak,Emakumea,,10.000 biztanleko,244.4
2014,,Ez erretiratuak,Emakumea,,10.000 biztanleko,216.1
2021,,Ez erretiratuak,Emakumea,,10.000 biztanleko,239.3
2024,,Ez erretiratuak,Emakumea,,10.000 biztanleko,247.4
2023,,Erretiratuak,Emakumea,,10.000 biztanleko,27.1
2012,,Erretiratuak,Emakumea,,10.000 biztanleko,2.8
2020,,Erretiratuak,Emakumea,,10.000 biztanleko,8.9
2024,,,Emakumea,,10.000 biztanleko,273.3
2020,,Ez erretiratuak,Emakumea,,10.000 biztanleko,236.0
2013,,,Emakumea,,10.000 biztanleko,215.2
2019,,,Emakumea,,10.000 biztanleko,238.1
2017,,Ez erretiratuak,Emakumea,,10.000 biztanleko,225.4
2012,,,Emakumea,,10.000 biztanleko,211.3
2014,,Erretiratuak,Emakumea,,10.000 biztanleko,3.2
2017,,,Emakumea,,10.000 biztanleko,231.4
2014,,,Emakumea,,10.000 biztanleko,219.8
2018,,,Emakumea,,10.000 biztanleko,234.8
2023,,,Emakumea,,10.000 biztanleko,271.4
2022,,Erretiratuak,Emakumea,,10.000 biztanleko,10.9
2010,,,Emakumea,,10.000 biztanleko,201.2
2015,,Erretiratuak,Emakumea,,10.000 biztanleko,3.9
2013,,Erretiratuak,Emakumea,,10.000 biztanleko,2.9
2019,,Erretiratuak,Emakumea,,10.000 biztanleko,7.9
2018,,Erretiratuak,Emakumea,,10.000 biztanleko,6.6
2016,,Erretiratuak,Emakumea,,10.000 biztanleko,4.8
2017,,Erretiratuak,Emakumea,,10.000 biztanleko,5.7
2010,,Erretiratuak,Emakumea,,10.000 biztanleko,2.1
2020,,,Emakumea,,10.000 biztanleko,245.2
2011,,Erretiratuak,Emakumea,,10.000 biztanleko,2.7
2010,,Ez erretiratuak,Emakumea,,10.000 biztanleko,198.8
2012,,Ez erretiratuak,Emakumea,,10.000 biztanleko,208.1
2013,,Ez erretiratuak,Emakumea,,10.000 biztanleko,211.9
2022,,Ez erretiratuak,Emakumea,,10.000 biztanleko,241.7
2016,,,Emakumea,,10.000 biztanleko,228.0
2018,,Ez erretiratuak,Emakumea,,10.000 biztanleko,228.0
2024,,Erretiratuak,Emakumea,,10.000 biztanleko,25.9
2021,,,Emakumea,,10.000 biztanleko,249.8
2019,,Ez erretiratuak,Emakumea,,10.000 biztanleko,229.9
2016,,Ez erretiratuak,Emakumea,,10.000 biztanleko,222.9
2015,,,Emakumea,,10.000 biztanleko,224.4
2011,,,Emakumea,,10.000 biztanleko,205.6
2021,,Erretiratuak,Emakumea,,10.000 biztanleko,10.1
2011,,Ez erretiratuak,Emakumea,,10.000 biztanleko,195.7
2015,,Ez erretiratuak,Emakumea,,10.000 biztanleko,220.1
2022,,,Emakumea,,10.000 biztanleko,252.6
2011,,,Emakumea,Araba / Álava,10.000 biztanleko,222.3
2014,,Ez erretiratuak,Emakumea,Araba / Álava,10.000 biztanleko,236.4
2013,,,Emakumea,Araba / Álava,10.000 biztanleko,233.0
2024,,,Emakumea,Araba / Álava,10.000 biztanleko,267.6
2015,,Ez erretiratuak,Emakumea,Araba / Álava,10.000 biztanleko,238.9
2022,,,Emakumea,Araba / Álava,10.000 biztanleko,262.2
2020,,Erretiratuak,Emakumea,Araba / Álava,10.000 biztanleko,7.8
2014,,,Emakumea,Araba / Álava,10.000 biztanleko,238.5
2011,,Ez erretiratuak,Emakumea,Araba / Álava,10.000 biztanleko,212.9
2024,,Ez erretiratuak,Emakumea,Araba / Álava,10.000 biztanleko,254.6
2016,,Ez erretiratuak,Emakumea,Araba / Álava,10.000 biztanleko,241.4
2021,,Ez erretiratuak,Emakumea,Araba / Álava,10.000 biztanleko,250.6
2023,,Erretiratuak,Emakumea,Araba / Álava,10.000 biztanleko,11.0
2020,,,Emakumea,Araba / Álava,10.000 biztanleko,256.1
2019,,,Emakumea,Araba / Álava,10.000 biztanleko,251.0
2015,,Erretiratuak,Emakumea,Araba / Álava,10.000 biztanleko,3.9
2023,,Ez erretiratuak,Emakumea,Araba / Álava,10.000 biztanleko,253.4
2021,,Erretiratuak,Emakumea,Araba / Álava,10.000 biztanleko,8.3
2022,,Ez erretiratuak,Emakumea,Araba / Álava,10.000 biztanleko,252.6
2017,,Erretiratuak,Emakumea,Araba / Álava,10.000 biztanleko,5.4
2016,,,Emakumea,Araba / Álava,10.000 biztanleko,246.1
2017,,,Emakumea,Araba / Álava,10.000 biztanleko,248.5
2010,,Ez erretiratuak,Emakumea,Araba / Álava,10.000 biztanleko,213.8
2012,,Erretiratuak,Emakumea,Araba / Álava,10.000 biztanleko,2.3
2020,,Ez erretiratuak,Emakumea,Araba / Álava,10.000 biztanleko,248.3
2023,,,Emakumea,Araba / Álava,10.000 biztanleko,264.4
2018,,,Emakumea,Araba / Álava,10.000 biztanleko,251.2
2024,,Erretiratuak,Emakumea,Araba / Álava,10.000 biztanleko,13.0
2010,,,Emakumea,Araba / Álava,10.000 biztanleko,216.1
2018,,Erretiratuak,Emakumea,Araba / Álava,10.000 biztanleko,5.9
2013,,Erretiratuak,Emakumea,Araba / Álava,10.000 biztanleko,2.1
2011,,Erretiratuak,Emakumea,Araba / Álava,10.000 biztanleko,3.8
2018,,Ez erretiratuak,Emakumea,Araba / Álava,10.000 biztanleko,245.4
2022,,Erretiratuak,Emakumea,Araba / Álava,10.000 biztanleko,9.6
2019,,Erretiratuak,Emakumea,Araba / Álava,10.000 biztanleko,7.1
2012,,,Emakumea,Araba / Álava,10.000 biztanleko,229.9
2016,,Erretiratuak,Emakumea,Araba / Álava,10.000 biztanleko,4.8
2017,,Ez erretiratuak,Emakumea,Araba / Álava,10.000 biztanleko,243.2
2019,,Ez erretiratuak,Emakumea,Araba / Álava,10.000 biztanleko,243.8
2014,,Erretiratuak,Emakumea,Araba / Álava,10.000 biztanleko,2.1
2013,,Ez erretiratuak,Emakumea,Araba / Álava,10.000 biztanleko,230.8
2015,,,Emakumea,Araba / Álava,10.000 biztanleko,242.7
2010,,Erretiratuak,Emakumea,Araba / Álava,10.000 biztanleko,2.3
2021,,,Emakumea,Araba / Álava,10.000 biztanleko,258.9
2012,,Ez erretiratuak,Emakumea,Araba / Álava,10.000 biztanleko,227.5
2023,,,Emakumea,Bizkaia,10.000 biztanleko,257.4
2010,,Ez erretiratuak,Emakumea,Bizkaia,10.000 biztanleko,193.2
2022,,,Emakumea,Bizkaia,10.000 biztanleko,252.7
2021,,Erretiratuak,Emakumea,Bizkaia,10.000 biztanleko,10.2
2023,,Erretiratuak,Emakumea,Bizkaia,10.000 biztanleko,12.1
2016,,,Emakumea,Bizkaia,10.000 biztanleko,225.6
2018,,Ez erretiratuak,Emakumea,Bizkaia,10.000 biztanleko,227.4
2024,,Ez erretiratuak,Emakumea,Bizkaia,10.000 biztanleko,249.0
2020,,Erretiratuak,Emakumea,Bizkaia,10.000 biztanleko,8.7
2012,,Erretiratuak,Emakumea,Bizkaia,10.000 biztanleko,2.8
2011,,Erretiratuak,Emakumea,Bizkaia,10.000 biztanleko,2.5
2016,,Ez erretiratuak,Emakumea,Bizkaia,10.000 biztanleko,220.5
2014,,,Emakumea,Bizkaia,10.000 biztanleko,215.4
2015,,,Emakumea,Bizkaia,10.000 biztanleko,221.2
2017,,Ez erretiratuak,Emakumea,Bizkaia,10.000 biztanleko,223.8
2014,,Ez erretiratuak,Emakumea,Bizkaia,10.000 biztanleko,211.6
2020,,,Emakumea,Bizkaia,10.000 biztanleko,245.0
2010,,,Emakumea,Bizkaia,10.000 biztanleko,195.9
2018,,Erretiratuak,Emakumea,Bizkaia,10.000 biztanleko,6.2
2020,,Ez erretiratuak,Emakumea,Bizkaia,10.000 biztanleko,235.6
2011,,Ez erretiratuak,Emakumea,Bizkaia,10.000 biztanleko,191.9
2019,,Ez erretiratuak,Emakumea,Bizkaia,10.000 biztanleko,229.6
2022,,Ez erretiratuak,Emakumea,Bizkaia,10.000 biztanleko,242.7
2019,,Erretiratuak,Emakumea,Bizkaia,10.000 biztanleko,7.7
2016,,Erretiratuak,Emakumea,Bizkaia,10.000 biztanleko,4.4
2018,,,Emakumea,Bizkaia,10.000 biztanleko,234.2
2015,,Erretiratuak,Emakumea,Bizkaia,10.000 biztanleko,3.5
2017,,,Emakumea,Bizkaia,10.000 biztanleko,229.7
2011,,,Emakumea,Bizkaia,10.000 biztanleko,202.2
2021,,,Emakumea,Bizkaia,10.000 biztanleko,249.8
2022,,Erretiratuak,Emakumea,Bizkaia,10.000 biztanleko,10.0
2021,,Ez erretiratuak,Emakumea,Bizkaia,10.000 biztanleko,238.9
2013,,,Emakumea,Bizkaia,10.000 biztanleko,211.4
2015,,Ez erretiratuak,Emakumea,Bizkaia,10.000 biztanleko,216.9
2012,,,Emakumea,Bizkaia,10.000 biztanleko,208.3
2013,,Erretiratuak,Emakumea,Bizkaia,10.000 biztanleko,2.8
2017,,Erretiratuak,Emakumea,Bizkaia,10.000 biztanleko,5.3
2014,,Erretiratuak,Emakumea,Bizkaia,10.000 biztanleko,3.0
2024,,Erretiratuak,Emakumea,Bizkaia,10.000 biztanleko,13.2
2012,,Ez erretiratuak,Emakumea,Bizkaia,10.000 biztanleko,204.9
2013,,Ez erretiratuak,Emakumea,Bizkaia,10.000 biztanleko,207.9
2019,,,Emakumea,Bizkaia,10.000 biztanleko,238.0
2023,,Ez erretiratuak,Emakumea,Bizkaia,10.000 biztanleko,245.3
2024,,,Emakumea,Bizkaia,10.000 biztanleko,262.1
2010,,Erretiratuak,Emakumea,Bizkaia,10.000 biztanleko,2.1
2020,,Ez erretiratuak,Emakumea,Gipuzkoa,10.000 biztanleko,231.0
2021,,Ez erretiratuak,Emakumea,Gipuzkoa,10.000 biztanleko,234.7
2015,,,Emakumea,Gipuzkoa,10.000 biztanleko,221.5
2019,,Erretiratuak,Emakumea,Gipuzkoa,10.000 biztanleko,8.6
2023,,,Emakumea,Gipuzkoa,10.000 biztanleko,297.3
2021,,Erretiratuak,Emakumea,Gipuzkoa,10.000 biztanleko,10.7
2014,,Ez erretiratuak,Emakumea,Gipuzkoa,10.000 biztanleko,214.5
2011,,Erretiratuak,Emakumea,Gipuzkoa,10.000 biztanleko,2.4
2022,,Ez erretiratuak,Emakumea,Gipuzkoa,10.000 biztanleko,235.2
2015,,Ez erretiratuak,Emakumea,Gipuzkoa,10.000 biztanleko,216.8
2019,,Ez erretiratuak,Emakumea,Gipuzkoa,10.000 biztanleko,224.0
2022,,,Emakumea,Gipuzkoa,10.000 biztanleko,248.2
2019,,,Emakumea,Gipuzkoa,10.000 biztanleko,232.6
2017,,,Emakumea,Gipuzkoa,10.000 biztanleko,226.3
2018,,Erretiratuak,Emakumea,Gipuzkoa,10.000 biztanleko,7.4
2017,,Ez erretiratuak,Emakumea,Gipuzkoa,10.000 biztanleko,219.9
2010,,,Emakumea,Gipuzkoa,10.000 biztanleko,203.3
2013,,Ez erretiratuak,Emakumea,Gipuzkoa,10.000 biztanleko,210.2
2024,,Ez erretiratuak,Emakumea,Gipuzkoa,10.000 biztanleko,241.7
2016,,Ez erretiratuak,Emakumea,Gipuzkoa,10.000 biztanleko,218.5
2020,,,Emakumea,Gipuzkoa,10.000 biztanleko,240.6
2024,,,Emakumea,Gipuzkoa,10.000 biztanleko,294.0
2014,,,Emakumea,Gipuzkoa,10.000 biztanleko,218.5
2018,,,Emakumea,Gipuzkoa,10.000 biztanleko,228.5
2017,,Erretiratuak,Emakumea,Gipuzkoa,10.000 biztanleko,6.4
2013,,,Emakumea,Gipuzkoa,10.000 biztanleko,213.6
2020,,Erretiratuak,Emakumea,Gipuzkoa,10.000 biztanleko,9.6
2015,,Erretiratuak,Emakumea,Gipuzkoa,10.000 biztanleko,4.7
2012,,Ez erretiratuak,Emakumea,Gipuzkoa,10.000 biztanleko,204.7
2016,,Erretiratuak,Emakumea,Gipuzkoa,10.000 biztanleko,5.4
2013,,Erretiratuak,Emakumea,Gipuzkoa,10.000 biztanleko,3.5
2010,,Ez erretiratuak,Emakumea,Gipuzkoa,10.000 biztanleko,201.3
2023,,Erretiratuak,Emakumea,Gipuzkoa,10.000 biztanleko,58.6
2010,,Erretiratuak,Emakumea,Gipuzkoa,10.000 biztanleko,2.0
2014,,Erretiratuak,Emakumea,Gipuzkoa,10.000 biztanleko,4.0
2021,,,Emakumea,Gipuzkoa,10.000 biztanleko,245.4
2016,,,Emakumea,Gipuzkoa,10.000 biztanleko,223.9
2023,,Ez erretiratuak,Emakumea,Gipuzkoa,10.000 biztanleko,238.7
2012,,Erretiratuak,Emakumea,Gipuzkoa,10.000 biztanleko,3.2
2012,,,Emakumea,Gipuzkoa,10.000 biztanleko,207.9
2011,,Ez erretiratuak,Emakumea,Gipuzkoa,10.000 biztanleko,194.4
2011,,,Emakumea,Gipuzkoa,10.000 biztanleko,203.7
2024,,Erretiratuak,Emakumea,Gipuzkoa,10.000 biztanleko,52.4
2022,,Erretiratuak,Emakumea,Gipuzkoa,10.000 biztanleko,12.9
2018,,Ez erretiratuak,Emakumea,Gipuzkoa,10.000 biztanleko,221.0
2024,,,Gizona,,10.000 biztanleko,96.3
2019,,,Gizona,,10.000 biztanleko,89.7
2023,,,Gizona,,10.000 biztanleko,96.6
2023,,Erretiratuak,Gizona,,10.000 biztanleko,22.6
2013,,,Gizona,,10.000 biztanleko,83.6
2010,,,Gizona,,10.000 biztanleko,82.3
2011,,,Gizona,,10.000 biztanleko,84.8
2010,,Erretiratuak,Gizona,,10.000 biztanleko,7.9
2012,,,Gizona,,10.000 biztanleko,83.9
2014,,,Gizona,,10.000 biztanleko,84.6
2016,,Erretiratuak,Gizona,,10.000 biztanleko,11.9
2015,,Erretiratuak,Gizona,,10.000 biztanleko,11.1
2021,,Ez erretiratuak,Gizona,,10.000 biztanleko,74.7
2018,,,Gizona,,10.000 biztanleko,88.2
2011,,Ez erretiratuak,Gizona,,10.000 biztanleko,68.5
2022,,,Gizona,,10.000 biztanleko,93.7
2024,,Erretiratuak,Gizona,,10.000 biztanleko,22.7
2014,,Erretiratuak,Gizona,,10.000 biztanleko,10.2
2022,,Erretiratuak,Gizona,,10.000 biztanleko,19.0
2014,,Ez erretiratuak,Gizona,,10.000 biztanleko,74.3
2016,,Ez erretiratuak,Gizona,,10.000 biztanleko,74.3
2017,,Erretiratuak,Gizona,,10.000 biztanleko,12.9
2015,,Ez erretiratuak,Gizona,,10.000 biztanleko,74.0
2023,,Ez erretiratuak,Gizona,,10.000 biztanleko,74.0
2017,,,Gizona,,10.000 biztanleko,86.8
2019,,Ez erretiratuak,Gizona,,10.000 biztanleko,73.9
2010,,Ez erretiratuak,Gizona,,10.000 biztanleko,74.2
2021,,,Gizona,,10.000 biztanleko,92.9
2012,,Erretiratuak,Gizona,,10.000 biztanleko,9.4
2020,,Erretiratuak,Gizona,,10.000 biztanleko,17.0
2011,,Erretiratuak,Gizona,,10.000 biztanleko,8.2
2013,,Ez erretiratuak,Gizona,,10.000 biztanleko,73.9
2017,,Ez erretiratuak,Gizona,,10.000 biztanleko,73.9
2021,,Erretiratuak,Gizona,,10.000 biztanleko,18.2
2024,,Ez erretiratuak,Gizona,,10.000 biztanleko,73.6
2020,,Ez erretiratuak,Gizona,,10.000 biztanleko,74.8
2018,,Ez erretiratuak,Gizona,,10.000 biztanleko,74.3
2018,,Erretiratuak,Gizona,,10.000 biztanleko,13.8
2013,,Erretiratuak,Gizona,,10.000 biztanleko,9.7
2022,,Ez erretiratuak,Gizona,,10.000 biztanleko,74.7
2015,,,Gizona,,10.000 biztanleko,85.2
2020,,,Gizona,,10.000 biztanleko,91.8
2016,,,Gizona,,10.000 biztanleko,86.3
2019,,Erretiratuak,Gizona,,10.000 biztanleko,15.7
2012,,Ez erretiratuak,Gizona,,10.000 biztanleko,74.4
2011,,Erretiratuak,Gizona,Araba / Álava,10.000 biztanleko,7.2
2021,,Ez erretiratuak,Gizona,Araba / Álava,10.000 biztanleko,69.2
2022,,Erretiratuak,Gizona,Araba / Álava,10.000 biztanleko,18.7
2012,,,Gizona,Araba / Álava,10.000 biztanleko,76.3
2021,,Erretiratuak,Gizona,Araba / Álava,10.000 biztanleko,17.1
2011,,Ez erretiratuak,Gizona,Araba / Álava,10.000 biztanleko,62.9
2016,,Erretiratuak,Gizona,Araba / Álava,10.000 biztanleko,12.5
2018,,Erretiratuak,Gizona,Araba / Álava,10.000 biztanleko,14.5
2020,,,Gizona,Araba / Álava,10.000 biztanleko,85.1
2020,,Ez erretiratuak,Gizona,Araba / Álava,10.000 biztanleko,68.8
2022,,Ez erretiratuak,Gizona,Araba / Álava,10.000 biztanleko,66.9
2017,,Ez erretiratuak,Gizona,Araba / Álava,10.000 biztanleko,68.1
2013,,Erretiratuak,Gizona,Araba / Álava,10.000 biztanleko,9.0
2020,,Erretiratuak,Gizona,Araba / Álava,10.000 biztanleko,16.3
2010,,,Gizona,Araba / Álava,10.000 biztanleko,75.2
2017,,,Gizona,Araba / Álava,10.000 biztanleko,81.8
2015,,Ez erretiratuak,Gizona,Araba / Álava,10.000 biztanleko,68.4
2024,,Ez erretiratuak,Gizona,Araba / Álava,10.000 biztanleko,67.3
2023,,,Gizona,Araba / Álava,10.000 biztanleko,86.2
2018,,Ez erretiratuak,Gizona,Araba / Álava,10.000 biztanleko,68.1
2018,,,Gizona,Araba / Álava,10.000 biztanleko,82.6
2013,,Ez erretiratuak,Gizona,Araba / Álava,10.000 biztanleko,67.9
2010,,Erretiratuak,Gizona,Araba / Álava,10.000 biztanleko,7.2
2015,,Erretiratuak,Gizona,Araba / Álava,10.000 biztanleko,11.0
2023,,Erretiratuak,Gizona,Araba / Álava,10.000 biztanleko,19.4
2024,,Erretiratuak,Gizona,Araba / Álava,10.000 biztanleko,19.2
2014,,,Gizona,Araba / Álava,10.000 biztanleko,78.6
2019,,,Gizona,Araba / Álava,10.000 biztanleko,83.9
2011,,,Gizona,Araba / Álava,10.000 biztanleko,76.3
2017,,Erretiratuak,Gizona,Araba / Álava,10.000 biztanleko,13.7
2023,,Ez erretiratuak,Gizona,Araba / Álava,10.000 biztanleko,66.8
2021,,,Gizona,Araba / Álava,10.000 biztanleko,86.3
2013,,,Gizona,Araba / Álava,10.000 biztanleko,77.0
2014,,Erretiratuak,Gizona,Araba / Álava,10.000 biztanleko,9.7
2012,,Erretiratuak,Gizona,Araba / Álava,10.000 biztanleko,8.0
2016,,Ez erretiratuak,Gizona,Araba / Álava,10.000 biztanleko,68.1
2014,,Ez erretiratuak,Gizona,Araba / Álava,10.000 biztanleko,68.9
2019,,Ez erretiratuak,Gizona,Araba / Álava,10.000 biztanleko,68.6
2022,,,Gizona,Araba / Álava,10.000 biztanleko,85.6
2016,,,Gizona,Araba / Álava,10.000 biztanleko,80.6
2012,,Ez erretiratuak,Gizona,Araba / Álava,10.000 biztanleko,68.3
2019,,Erretiratuak,Gizona,Araba / Álava,10.000 biztanleko,15.3
2015,,,Gizona,Araba / Álava,10.000 biztanleko,79.4
2024,,,Gizona,Araba / Álava,10.000 biztanleko,86.5
2010,,Ez erretiratuak,Gizona,Araba / Álava,10.000 biztanleko,67.7
2017,,Ez erretiratuak,Gizona,Bizkaia,10.000 biztanleko,82.1
2011,,,Gizona,Bizkaia,10.000 biztanleko,90.5
2011,,Ez erretiratuak,Gizona,Bizkaia,10.000 biztanleko,72.6
2016,,Ez erretiratuak,Gizona,Bizkaia,10.000 biztanleko,82.3
2013,,Ez erretiratuak,Gizona,Bizkaia,10.000 biztanleko,80.7
2014,,Erretiratuak,Gizona,Bizkaia,10.000 biztanleko,10.5
2019,,Ez erretiratuak,Gizona,Bizkaia,10.000 biztanleko,82.1
2022,,,Gizona,Bizkaia,10.000 biztanleko,103.7
2012,,Ez erretiratuak,Gizona,Bizkaia,10.000 biztanleko,79.3
2015,,Erretiratuak,Gizona,Bizkaia,10.000 biztanleko,10.9
2010,,,Gizona,Bizkaia,10.000 biztanleko,89.3
2017,,,Gizona,Bizkaia,10.000 biztanleko,95.2
2022,,Erretiratuak,Gizona,Bizkaia,10.000 biztanleko,19.5
2021,,Erretiratuak,Gizona,Bizkaia,10.000 biztanleko,19.0
2021,,Ez erretiratuak,Gizona,Bizkaia,10.000 biztanleko,83.9
2012,,Erretiratuak,Gizona,Bizkaia,10.000 biztanleko,10.1
2023,,Erretiratuak,Gizona,Bizkaia,10.000 biztanleko,21.9
2017,,Erretiratuak,Gizona,Bizkaia,10.000 biztanleko,12.9
2015,,,Gizona,Bizkaia,10.000 biztanleko,92.9
2018,,Ez erretiratuak,Gizona,Bizkaia,10.000 biztanleko,83.0
2021,,,Gizona,Bizkaia,10.000 biztanleko,102.9
2012,,,Gizona,Bizkaia,10.000 biztanleko,89.5
2020,,,Gizona,Bizkaia,10.000 biztanleko,101.6
2018,,Erretiratuak,Gizona,Bizkaia,10.000 biztanleko,14.0
2013,,Erretiratuak,Gizona,Bizkaia,10.000 biztanleko,10.0
2024,,,Gizona,Bizkaia,10.000 biztanleko,106.6
2024,,Erretiratuak,Gizona,Bizkaia,10.000 biztanleko,23.2
2016,,Erretiratuak,Gizona,Bizkaia,10.000 biztanleko,11.7
2023,,Ez erretiratuak,Gizona,Bizkaia,10.000 biztanleko,83.8
2020,,Ez erretiratuak,Gizona,Bizkaia,10.000 biztanleko,83.8
2019,,,Gizona,Bizkaia,10.000 biztanleko,98.5
2011,,Erretiratuak,Gizona,Bizkaia,10.000 biztanleko,9.3
2010,,Erretiratuak,Gizona,Bizkaia,10.000 biztanleko,8.8
2018,,,Gizona,Bizkaia,10.000 biztanleko,97.1
2014,,,Gizona,Bizkaia,10.000 biztanleko,92.2
2013,,,Gizona,Bizkaia,10.000 biztanleko,90.9
2022,,Ez erretiratuak,Gizona,Bizkaia,10.000 biztanleko,84.2
2010,,Ez erretiratuak,Gizona,Bizkaia,10.000 biztanleko,80.3
2024,,Ez erretiratuak,Gizona,Bizkaia,10.000 biztanleko,83.4
2023,,,Gizona,Bizkaia,10.000 biztanleko,105.7
2016,,,Gizona,Bizkaia,10.000 biztanleko,94.2
2014,,Ez erretiratuak,Gizona,Bizkaia,10.000 biztanleko,81.5
2019,,Erretiratuak,Gizona,Bizkaia,10.000 biztanleko,16.3
2015,,Ez erretiratuak,Gizona,Bizkaia,10.000 biztanleko,81.7
2020,,Erretiratuak,Gizona,Bizkaia,10.000 biztanleko,17.7
2021,,Erretiratuak,Gizona,Gipuzkoa,10.000 biztanleko,17.4
2015,,Erretiratuak,Gizona,Gipuzkoa,10.000 biztanleko,11.5
2020,,Ez erretiratuak,Gizona,Gipuzkoa,10.000 biztanleko,63.4
2018,,Ez erretiratuak,Gizona,Gipuzkoa,10.000 biztanleko,63.4
2016,,Erretiratuak,Gizona,Gipuzkoa,10.000 biztanleko,11.9
2014,,Erretiratuak,Gizona,Gipuzkoa,10.000 biztanleko,10.0
2010,,Erretiratuak,Gizona,Gipuzkoa,10.000 biztanleko,6.8
2012,,Erretiratuak,Gizona,Gipuzkoa,10.000 biztanleko,9.0
2015,,Ez erretiratuak,Gizona,Gipuzkoa,10.000 biztanleko,64.3
2022,,Erretiratuak,Gizona,Gipuzkoa,10.000 biztanleko,18.4
2016,,Ez erretiratuak,Gizona,Gipuzkoa,10.000 biztanleko,64.6
2024,,Erretiratuak,Gizona,Gipuzkoa,10.000 biztanleko,23.4
2022,,Ez erretiratuak,Gizona,Gipuzkoa,10.000 biztanleko,63.3
2021,,Ez erretiratuak,Gizona,Gipuzkoa,10.000 biztanleko,62.9
2012,,,Gizona,Gipuzkoa,10.000 biztanleko,78.3
2013,,Erretiratuak,Gizona,Gipuzkoa,10.000 biztanleko,9.4
2013,,,Gizona,Gipuzkoa,10.000 biztanleko,75.1
2019,,,Gizona,Gipuzkoa,10.000 biztanleko,78.5
2022,,,Gizona,Gipuzkoa,10.000 biztanleko,81.7
2023,,Erretiratuak,Gizona,Gipuzkoa,10.000 biztanleko,25.3
2016,,,Gizona,Gipuzkoa,10.000 biztanleko,76.5
2010,,,Gizona,Gipuzkoa,10.000 biztanleko,74.2
2014,,Ez erretiratuak,Gizona,Gipuzkoa,10.000 biztanleko,65.4
2015,,,Gizona,Gipuzkoa,10.000 biztanleko,75.8
2020,,,Gizona,Gipuzkoa,10.000 biztanleko,79.6
2011,,Erretiratuak,Gizona,Gipuzkoa,10.000 biztanleko,6.8
2013,,Ez erretiratuak,Gizona,Gipuzkoa,10.000 biztanleko,65.7
2020,,Erretiratuak,Gizona,Gipuzkoa,10.000 biztanleko,16.2
2023,,Ez erretiratuak,Gizona,Gipuzkoa,10.000 biztanleko,61.9
2021,,,Gizona,Gipuzkoa,10.000 biztanleko,80.3
2011,,Ez erretiratuak,Gizona,Gipuzkoa,10.000 biztanleko,64.5
2010,,Ez erretiratuak,Gizona,Gipuzkoa,10.000 biztanleko,67.4
2023,,,Gizona,Gipuzkoa,10.000 biztanleko,87.1
2019,,Erretiratuak,Gizona,Gipuzkoa,10.000 biztanleko,14.9
2017,,Erretiratuak,Gizona,Gipuzkoa,10.000 biztanleko,12.6
2019,,Ez erretiratuak,Gizona,Gipuzkoa,10.000 biztanleko,63.6
2018,,,Gizona,Gipuzkoa,10.000 biztanleko,76.7
2018,,Erretiratuak,Gizona,Gipuzkoa,10.000 biztanleko,13.3
2014,,,Gizona,Gipuzkoa,10.000 biztanleko,75.5
2024,,,Gizona,Gipuzkoa,10.000 biztanleko,84.6
2012,,Ez erretiratuak,Gizona,Gipuzkoa,10.000 biztanleko,69.4
2017,,Ez erretiratuak,Gizona,Gipuzkoa,10.000 biztanleko,63.5
2024,,Ez erretiratuak,Gizona,Gipuzkoa,10.000 biztanleko,61.2
2017,,,Gizona,Gipuzkoa,10.000 biztanleko,76.1
2011,,,Gizona,Gipuzkoa,10.000 biztanleko,79.5
2024,Medikua,Ez erretiratuak,,,10.000 biztanleko,57.6
2024,Medikua,Erretiratuak,,,10.000 biztanleko,15.7
2023,Medikua,Erretiratuak,,,10.000 biztanleko,14.7
2012,Medikua,Erretiratuak,,,10.000 biztanleko,5.0
2022,Medikua,,,,10.000 biztanleko,70.3
2012,Medikua,Ez erretiratuak,,,10.000 biztanleko,52.1
2017,Medikua,Ez erretiratuak,,,10.000 biztanleko,54.1
2010,Medikua,,,,10.000 biztanleko,54.3
2020,Medikua,Erretiratuak,,,10.000 biztanleko,11.3
2011,Medikua,Ez erretiratuak,,,10.000 biztanleko,51.2
2011,Medikua,Erretiratuak,,,10.000 biztanleko,4.3
2013,Medikua,Erretiratuak,,,10.000 biztanleko,5.2
2014,Medikua,Erretiratuak,,,10.000 biztanleko,5.7
2021,Medikua,Erretiratuak,,,10.000 biztanleko,12.4
2022,Medikua,Ez erretiratuak,,,10.000 biztanleko,57.1
2019,Medikua,Erretiratuak,,,10.000 biztanleko,10.3
2012,Medikua,,,,10.000 biztanleko,57.1
2014,Medikua,Ez erretiratuak,,,10.000 biztanleko,53.6
2022,Medikua,Erretiratuak,,,10.000 biztanleko,13.1
2019,Medikua,Ez erretiratuak,,,10.000 biztanleko,54.8
2018,Medikua,,,,10.000 biztanleko,63.4
2024,Medikua,,,,10.000 biztanleko,73.2
2017,Medikua,,,,10.000 biztanleko,62.1
2018,Medikua,Erretiratuak,,,10.000 biztanleko,8.8
2015,Medikua,Ez erretiratuak,,,10.000 biztanleko,53.7
2016,Medikua,Ez erretiratuak,,,10.000 biztanleko,53.9
2013,Medikua,Ez erretiratuak,,,10.000 biztanleko,53.1
2023,Medikua,Ez erretiratuak,,,10.000 biztanleko,57.1
2011,Medikua,,,,10.000 biztanleko,55.6
2010,Medikua,Ez erretiratuak,,,10.000 biztanleko,50.2
2021,Medikua,,,,10.000 biztanleko,68.9
2015,Medikua,Erretiratuak,,,10.000 biztanleko,6.3
2023,Medikua,,,,10.000 biztanleko,71.8
2016,Medikua,Erretiratuak,,,10.000 biztanleko,7.1
2016,Medikua,,,,10.000 biztanleko,61.0
2021,Medikua,Ez erretiratuak,,,10.000 biztanleko,56.5
2020,Medikua,Ez erretiratuak,,,10.000 biztanleko,55.8
2014,Medikua,,,,10.000 biztanleko,59.3
2018,Medikua,Ez erretiratuak,,,10.000 biztanleko,54.6
2015,Medikua,,,,10.000 biztanleko,60.0
2017,Medikua,Erretiratuak,,,10.000 biztanleko,7.9
2010,Medikua,Erretiratuak,,,10.000 biztanleko,4.1
2020,Medikua,,,,10.000 biztanleko,67.1
2019,Medikua,,,,10.000 biztanleko,65.0
2013,Medikua,,,,10.000 biztanleko,58.2
2010,Medikua,Ez erretiratuak,,Araba / Álava,10.000 biztanleko,47.9
2020,Medikua,Erretiratuak,,Araba / Álava,10.000 biztanleko,10.9
2016,Medikua,Erretiratuak,,Araba / Álava,10.000 biztanleko,7.5
2010,Medikua,Erretiratuak,,Araba / Álava,10.000 biztanleko,3.7
2018,Medikua,,,Araba / Álava,10.000 biztanleko,59.2
2023,Medikua,Ez erretiratuak,,Araba / Álava,10.000 biztanleko,50.8
2011,Medikua,Erretiratuak,,Araba / Álava,10.000 biztanleko,3.7
2020,Medikua,Ez erretiratuak,,Araba / Álava,10.000 biztanleko,50.4
2017,Medikua,Erretiratuak,,Araba / Álava,10.000 biztanleko,8.4
2014,Medikua,Erretiratuak,,Araba / Álava,10.000 biztanleko,5.3
2015,Medikua,,,Araba / Álava,10.000 biztanleko,57.9
2013,Medikua,Ez erretiratuak,,Araba / Álava,10.000 biztanleko,51.8
2024,Medikua,Erretiratuak,,Araba / Álava,10.000 biztanleko,14.2
2017,Medikua,Ez erretiratuak,,Araba / Álava,10.000 biztanleko,50.6
2011,Medikua,Ez erretiratuak,,Araba / Álava,10.000 biztanleko,49.8
2019,Medikua,Erretiratuak,,Araba / Álava,10.000 biztanleko,10.2
2022,Medikua,Ez erretiratuak,,Araba / Álava,10.000 biztanleko,50.5
2023,Medikua,Erretiratuak,,Araba / Álava,10.000 biztanleko,13.8
2015,Medikua,Erretiratuak,,Araba / Álava,10.000 biztanleko,6.3
2024,Medikua,Ez erretiratuak,,Araba / Álava,10.000 biztanleko,51.9
2018,Medikua,Ez erretiratuak,,Araba / Álava,10.000 biztanleko,50.2
2013,Medikua,Erretiratuak,,Araba / Álava,10.000 biztanleko,4.7
2012,Medikua,,,Araba / Álava,10.000 biztanleko,55.4
2012,Medikua,Erretiratuak,,Araba / Álava,10.000 biztanleko,4.0
2019,Medikua,Ez erretiratuak,,Araba / Álava,10.000 biztanleko,50.1
2023,Medikua,,,Araba / Álava,10.000 biztanleko,64.7
2010,Medikua,,,Araba / Álava,10.000 biztanleko,51.6
2014,Medikua,,,Araba / Álava,10.000 biztanleko,57.6
2019,Medikua,,,Araba / Álava,10.000 biztanleko,60.3
2012,Medikua,Ez erretiratuak,,Araba / Álava,10.000 biztanleko,51.3
2018,Medikua,Erretiratuak,,Araba / Álava,10.000 biztanleko,9.1
2014,Medikua,Ez erretiratuak,,Araba / Álava,10.000 biztanleko,52.3
2011,Medikua,,,Araba / Álava,10.000 biztanleko,53.4
2024,Medikua,,,Araba / Álava,10.000 biztanleko,66.1
2016,Medikua,,,Araba / Álava,10.000 biztanleko,58.6
2016,Medikua,Ez erretiratuak,,Araba / Álava,10.000 biztanleko,51.1
2017,Medikua,,,Araba / Álava,10.000 biztanleko,59.1
2013,Medikua,,,Araba / Álava,10.000 biztanleko,56.5
2021,Medikua,,,Araba / Álava,10.000 biztanleko,62.6
2021,Medikua,Ez erretiratuak,,Araba / Álava,10.000 biztanleko,51.1
2021,Medikua,Erretiratuak,,Araba / Álava,10.000 biztanleko,11.5
2022,Medikua,,,Araba / Álava,10.000 biztanleko,63.5
2020,Medikua,,,Araba / Álava,10.000 biztanleko,61.3
2015,Medikua,Ez erretiratuak,,Araba / Álava,10.000 biztanleko,51.7
2022,Medikua,Erretiratuak,,Araba / Álava,10.000 biztanleko,13.0
2024,Medikua,,,Bizkaia,10.000 biztanleko,79.6
2021,Medikua,Ez erretiratuak,,Bizkaia,10.000 biztanleko,61.1
2018,Medikua,Ez erretiratuak,,Bizkaia,10.000 biztanleko,59.1
2022,Medikua,Ez erretiratuak,,Bizkaia,10.000 biztanleko,62.4
2024,Medikua,Ez erretiratuak,,Bizkaia,10.000 biztanleko,62.8
2014,Medikua,Erretiratuak,,Bizkaia,10.000 biztanleko,5.7
2023,Medikua,Ez erretiratuak,,Bizkaia,10.000 biztanleko,62.3
2013,Medikua,,,Bizkaia,10.000 biztanleko,61.5
2017,Medikua,,,Bizkaia,10.000 biztanleko,66.2
2017,Medikua,Ez erretiratuak,,Bizkaia,10.000 biztanleko,58.2
2022,Medikua,Erretiratuak,,Bizkaia,10.000 biztanleko,13.6
2013,Medikua,Erretiratuak,,Bizkaia,10.000 biztanleko,5.4
2020,Medikua,Ez erretiratuak,,Bizkaia,10.000 biztanleko,60.4
2015,Medikua,Ez erretiratuak,,Bizkaia,10.000 biztanleko,57.3
2019,Medikua,Ez erretiratuak,,Bizkaia,10.000 biztanleko,59.1
2019,Medikua,,,Bizkaia,10.000 biztanleko,70.0
2015,Medikua,,,Bizkaia,10.000 biztanleko,63.6
2010,Medikua,Ez erretiratuak,,Bizkaia,10.000 biztanleko,52.6
2016,Medikua,,,Bizkaia,10.000 biztanleko,64.8
2020,Medikua,,,Bizkaia,10.000 biztanleko,72.5
2017,Medikua,Erretiratuak,,Bizkaia,10.000 biztanleko,8.0
2012,Medikua,,,Bizkaia,10.000 biztanleko,60.1
2011,Medikua,,,Bizkaia,10.000 biztanleko,58.5
2023,Medikua,,,Bizkaia,10.000 biztanleko,78.0
2019,Medikua,Erretiratuak,,Bizkaia,10.000 biztanleko,10.9
2016,Medikua,Ez erretiratuak,,Bizkaia,10.000 biztanleko,57.8
2022,Medikua,,,Bizkaia,10.000 biztanleko,75.9
2014,Medikua,Ez erretiratuak,,Bizkaia,10.000 biztanleko,56.8
2020,Medikua,Erretiratuak,,Bizkaia,10.000 biztanleko,12.1
2021,Medikua,Erretiratuak,,Bizkaia,10.000 biztanleko,13.4
2023,Medikua,Erretiratuak,,Bizkaia,10.000 biztanleko,15.7
2014,Medikua,,,Bizkaia,10.000 biztanleko,62.6
2012,Medikua,Ez erretiratuak,,Bizkaia,10.000 biztanleko,54.7
2013,Medikua,Ez erretiratuak,,Bizkaia,10.000 biztanleko,56.1
2011,Medikua,Ez erretiratuak,,Bizkaia,10.000 biztanleko,53.6
2021,Medikua,,,Bizkaia,10.000 biztanleko,74.4
2010,Medikua,,,Bizkaia,10.000 biztanleko,57.2
2018,Medikua,Erretiratuak,,Bizkaia,10.000 biztanleko,9.0
2016,Medikua,Erretiratuak,,Bizkaia,10.000 biztanleko,7.0
2024,Medikua,Erretiratuak,,Bizkaia,10.000 biztanleko,16.8
2015,Medikua,Erretiratuak,,Bizkaia,10.000 biztanleko,6.3
2012,Medikua,Erretiratuak,,Bizkaia,10.000 biztanleko,5.4
2010,Medikua,Erretiratuak,,Bizkaia,10.000 biztanleko,4.6
2018,Medikua,,,Bizkaia,10.000 biztanleko,68.1
2011,Medikua,Erretiratuak,,Bizkaia,10.000 biztanleko,4.9
2014,Medikua,,,Gipuzkoa,10.000 biztanleko,54.8
2018,Medikua,Ez erretiratuak,,Gipuzkoa,10.000 biztanleko,49.5
2020,Medikua,,,Gipuzkoa,10.000 biztanleko,61.2
2013,Medikua,,,Gipuzkoa,10.000 biztanleko,53.8
2015,Medikua,Erretiratuak,,Gipuzkoa,10.000 biztanleko,6.5
2022,Medikua,,,Gipuzkoa,10.000 biztanleko,64.4
2021,Medikua,Erretiratuak,,Gipuzkoa,10.000 biztanleko,11.3
2021,Medikua,,,Gipuzkoa,10.000 biztanleko,63.0
2013,Medikua,Ez erretiratuak,,Gipuzkoa,10.000 biztanleko,48.8
2024,Medikua,,,Gipuzkoa,10.000 biztanleko,66.3
2010,Medikua,Ez erretiratuak,,Gipuzkoa,10.000 biztanleko,47.3
2024,Medikua,Ez erretiratuak,,Gipuzkoa,10.000 biztanleko,51.9
2015,Medikua,Ez erretiratuak,,Gipuzkoa,10.000 biztanleko,48.9
2022,Medikua,Ez erretiratuak,,Gipuzkoa,10.000 biztanleko,51.8
2014,Medikua,Ez erretiratuak,,Gipuzkoa,10.000 biztanleko,49.1
2020,Medikua,Ez erretiratuak,,Gipuzkoa,10.000 biztanleko,51.0
2016,Medikua,Ez erretiratuak,,Gipuzkoa,10.000 biztanleko,49.0
2017,Medikua,Ez erretiratuak,,Gipuzkoa,10.000 biztanleko,49.3
2011,Medikua,Ez erretiratuak,,Gipuzkoa,10.000 biztanleko,47.9
2012,Medikua,Ez erretiratuak,,Gipuzkoa,10.000 biztanleko,48.2
2016,Medikua,,,Gipuzkoa,10.000 biztanleko,55.9
2019,Medikua,Ez erretiratuak,,Gipuzkoa,10.000 biztanleko,49.9
2012,Medikua,Erretiratuak,,Gipuzkoa,10.000 biztanleko,4.7
2023,Medikua,Ez erretiratuak,,Gipuzkoa,10.000 biztanleko,51.7
2010,Medikua,,,Gipuzkoa,10.000 biztanleko,50.9
2018,Medikua,,,Gipuzkoa,10.000 biztanleko,57.9
2017,Medikua,Erretiratuak,,Gipuzkoa,10.000 biztanleko,7.6
2020,Medikua,Erretiratuak,,Gipuzkoa,10.000 biztanleko,10.3
2019,Medikua,Erretiratuak,,Gipuzkoa,10.000 biztanleko,9.4
2014,Medikua,Erretiratuak,,Gipuzkoa,10.000 biztanleko,5.7
2023,Medikua,Erretiratuak,,Gipuzkoa,10.000 biztanleko,13.5
2024,Medikua,Erretiratuak,,Gipuzkoa,10.000 biztanleko,14.4
2022,Medikua,Erretiratuak,,Gipuzkoa,10.000 biztanleko,12.5
2012,Medikua,,,Gipuzkoa,10.000 biztanleko,52.9
2018,Medikua,Erretiratuak,,Gipuzkoa,10.000 biztanleko,8.3
2013,Medikua,Erretiratuak,,Gipuzkoa,10.000 biztanleko,5.0
2011,Medikua,,,Gipuzkoa,10.000 biztanleko,51.8
2011,Medikua,Erretiratuak,,Gipuzkoa,10.000 biztanleko,3.7
2023,Medikua,,,Gipuzkoa,10.000 biztanleko,65.2
2016,Medikua,Erretiratuak,,Gipuzkoa,10.000 biztanleko,6.9
2010,Medikua,Erretiratuak,,Gipuzkoa,10.000 biztanleko,3.5
2019,Medikua,,,Gipuzkoa,10.000 biztanleko,59.3
2021,Medikua,Ez erretiratuak,,Gipuzkoa,10.000 biztanleko,51.7
2017,Medikua,,,Gipuzkoa,10.000 biztanleko,56.9
2015,Medikua,,,Gipuzkoa,10.000 biztanleko,55.3
2021,Medikua,,Emakumea,,10.000 biztanleko,75.4
2023,Medikua,Ez erretiratuak,Emakumea,,10.000 biztanleko,70.1
2021,Medikua,Erretiratuak,Emakumea,,10.000 biztanleko,8.1
2011,Medikua,,Emakumea,,10.000 biztanleko,54.3
2017,Medikua,,Emakumea,,10.000 biztanleko,64.9
2010,Medikua,,Emakumea,,10.000 biztanleko,52.3
2014,Medikua,Ez erretiratuak,Emakumea,,10.000 biztanleko,57.9
2011,Medikua,Ez erretiratuak,Emakumea,,10.000 biztanleko,52.9
2020,Medikua,Ez erretiratuak,Emakumea,,10.000 biztanleko,65.5
2018,Medikua,,Emakumea,,10.000 biztanleko,66.9
2015,Medikua,,Emakumea,,10.000 biztanleko,61.6
2022,Medikua,Ez erretiratuak,Emakumea,,10.000 biztanleko,68.9
2024,Medikua,Erretiratuak,Emakumea,,10.000 biztanleko,11.2
2012,Medikua,Erretiratuak,Emakumea,,10.000 biztanleko,1.8
2021,Medikua,Ez erretiratuak,Emakumea,,10.000 biztanleko,67.3
2015,Medikua,Ez erretiratuak,Emakumea,,10.000 biztanleko,58.9
2017,Medikua,Ez erretiratuak,Emakumea,,10.000 biztanleko,60.7
2018,Medikua,Erretiratuak,Emakumea,,10.000 biztanleko,4.9
2024,Medikua,Ez erretiratuak,Emakumea,,10.000 biztanleko,71.6
2022,Medikua,,Emakumea,,10.000 biztanleko,77.7
2020,Medikua,Erretiratuak,Emakumea,,10.000 biztanleko,7.0
2014,Medikua,Erretiratuak,Emakumea,,10.000 biztanleko,2.2
2016,Medikua,Ez erretiratuak,Emakumea,,10.000 biztanleko,59.7
2016,Medikua,,Emakumea,,10.000 biztanleko,63.1
2016,Medikua,Erretiratuak,Emakumea,,10.000 biztanleko,3.4
2010,Medikua,Erretiratuak,Emakumea,,10.000 biztanleko,1.1
2014,Medikua,,Emakumea,,10.000 biztanleko,60.1
2022,Medikua,Erretiratuak,Emakumea,,10.000 biztanleko,8.8
2020,Medikua,,Emakumea,,10.000 biztanleko,72.5
2023,Medikua,Erretiratuak,Emakumea,,10.000 biztanleko,10.2
2023,Medikua,,Emakumea,,10.000 biztanleko,80.3
2019,Medikua,Ez erretiratuak,Emakumea,,10.000 biztanleko,63.2
2019,Medikua,,Emakumea,,10.000 biztanleko,69.4
2012,Medikua,,Emakumea,,10.000 biztanleko,56.8
2012,Medikua,Ez erretiratuak,Emakumea,,10.000 biztanleko,55.0
2013,Medikua,Erretiratuak,Emakumea,,10.000 biztanleko,1.8
2013,Medikua,,Emakumea,,10.000 biztanleko,58.6
2018,Medikua,Ez erretiratuak,Emakumea,,10.000 biztanleko,61.9
2010,Medikua,Ez erretiratuak,Emakumea,,10.000 biztanleko,51.2
2011,Medikua,Erretiratuak,Emakumea,,10.000 biztanleko,1.4
2019,Medikua,Erretiratuak,Emakumea,,10.000 biztanleko,6.3
2013,Medikua,Ez erretiratuak,Emakumea,,10.000 biztanleko,56.8
2017,Medikua,Erretiratuak,Emakumea,,10.000 biztanleko,4.2
2024,Medikua,,Emakumea,,10.000 biztanleko,82.8
2015,Medikua,Erretiratuak,Emakumea,,10.000 biztanleko,2.7
2018,Medikua,Erretiratuak,Emakumea,Araba / Álava,10.000 biztanleko,4.4
2016,Medikua,Ez erretiratuak,Emakumea,Araba / Álava,10.000 biztanleko,60.1
2017,Medikua,,Emakumea,Araba / Álava,10.000 biztanleko,63.4
2017,Medikua,Ez erretiratuak,Emakumea,Araba / Álava,10.000 biztanleko,59.6
2024,Medikua,Erretiratuak,Emakumea,Araba / Álava,10.000 biztanleko,9.9
2015,Medikua,Erretiratuak,Emakumea,Araba / Álava,10.000 biztanleko,2.1
2017,Medikua,Erretiratuak,Emakumea,Araba / Álava,10.000 biztanleko,3.9
2018,Medikua,Ez erretiratuak,Emakumea,Araba / Álava,10.000 biztanleko,59.7
2010,Medikua,,Emakumea,Araba / Álava,10.000 biztanleko,52.4
2020,Medikua,Erretiratuak,Emakumea,Araba / Álava,10.000 biztanleko,6.3
2019,Medikua,Erretiratuak,Emakumea,Araba / Álava,10.000 biztanleko,5.8
2012,Medikua,Ez erretiratuak,Emakumea,Araba / Álava,10.000 biztanleko,56.9
2011,Medikua,Erretiratuak,Emakumea,Araba / Álava,10.000 biztanleko,0.6
2022,Medikua,Erretiratuak,Emakumea,Araba / Álava,10.000 biztanleko,8.0
2012,Medikua,Erretiratuak,Emakumea,Araba / Álava,10.000 biztanleko,0.6
2024,Medikua,,Emakumea,Araba / Álava,10.000 biztanleko,77.3
2020,Medikua,,Emakumea,Araba / Álava,10.000 biztanleko,67.6
2019,Medikua,Ez erretiratuak,Emakumea,Araba / Álava,10.000 biztanleko,60.0
2023,Medikua,Ez erretiratuak,Emakumea,Araba / Álava,10.000 biztanleko,65.2
2020,Medikua,Ez erretiratuak,Emakumea,Araba / Álava,10.000 biztanleko,61.3
2011,Medikua,Ez erretiratuak,Emakumea,Araba / Álava,10.000 biztanleko,54.0
2014,Medikua,Ez erretiratuak,Emakumea,Araba / Álava,10.000 biztanleko,59.6
2022,Medikua,,Emakumea,Araba / Álava,10.000 biztanleko,72.0
2021,Medikua,Erretiratuak,Emakumea,Araba / Álava,10.000 biztanleko,6.7
2024,Medikua,Ez erretiratuak,Emakumea,Araba / Álava,10.000 biztanleko,67.5
2023,Medikua,,Emakumea,Araba / Álava,10.000 biztanleko,74.2
2013,Medikua,Erretiratuak,Emakumea,Araba / Álava,10.000 biztanleko,0.7
2019,Medikua,,Emakumea,Araba / Álava,10.000 biztanleko,65.8
2014,Medikua,Erretiratuak,Emakumea,Araba / Álava,10.000 biztanleko,1.4
2013,Medikua,Ez erretiratuak,Emakumea,Araba / Álava,10.000 biztanleko,58.8
2012,Medikua,,Emakumea,Araba / Álava,10.000 biztanleko,57.5
2022,Medikua,Ez erretiratuak,Emakumea,Araba / Álava,10.000 biztanleko,64.0
2021,Medikua,Ez erretiratuak,Emakumea,Araba / Álava,10.000 biztanleko,63.6
2015,Medikua,,Emakumea,Araba / Álava,10.000 biztanleko,61.9
2018,Medikua,,Emakumea,Araba / Álava,10.000 biztanleko,64.0
2023,Medikua,Erretiratuak,Emakumea,Araba / Álava,10.000 biztanleko,9.0
2016,Medikua,Erretiratuak,Emakumea,Araba / Álava,10.000 biztanleko,3.2
2013,Medikua,,Emakumea,Araba / Álava,10.000 biztanleko,59.5
2010,Medikua,Erretiratuak,Emakumea,Araba / Álava,10.000 biztanleko,0.6
2014,Medikua,,Emakumea,Araba / Álava,10.000 biztanleko,61.0
2016,Medikua,,Emakumea,Araba / Álava,10.000 biztanleko,63.3
2021,Medikua,,Emakumea,Araba / Álava,10.000 biztanleko,70.3
2011,Medikua,,Emakumea,Araba / Álava,10.000 biztanleko,54.7
2015,Medikua,Ez erretiratuak,Emakumea,Araba / Álava,10.000 biztanleko,59.7
2010,Medikua,Ez erretiratuak,Emakumea,Araba / Álava,10.000 biztanleko,51.8
2018,Medikua,,Emakumea,Bizkaia,10.000 biztanleko,70.7
2016,Medikua,,Emakumea,Bizkaia,10.000 biztanleko,66.2
2024,Medikua,Erretiratuak,Emakumea,Bizkaia,10.000 biztanleko,11.6
2014,Medikua,,Emakumea,Bizkaia,10.000 biztanleko,62.4
2010,Medikua,Ez erretiratuak,Emakumea,Bizkaia,10.000 biztanleko,53.2
2017,Medikua,Erretiratuak,Emakumea,Bizkaia,10.000 biztanleko,4.1
2023,Medikua,,Emakumea,Bizkaia,10.000 biztanleko,85.3
2018,Medikua,Erretiratuak,Emakumea,Bizkaia,10.000 biztanleko,5.0
2013,Medikua,Ez erretiratuak,Emakumea,Bizkaia,10.000 biztanleko,59.3
2023,Medikua,Erretiratuak,Emakumea,Bizkaia,10.000 biztanleko,10.5
2020,Medikua,Erretiratuak,Emakumea,Bizkaia,10.000 biztanleko,7.5
2024,Medikua,,Emakumea,Bizkaia,10.000 biztanleko,88.0
2018,Medikua,Ez erretiratuak,Emakumea,Bizkaia,10.000 biztanleko,65.7
2019,Medikua,Ez erretiratuak,Emakumea,Bizkaia,10.000 biztanleko,67.2
2015,Medikua,,Emakumea,Bizkaia,10.000 biztanleko,64.3
2020,Medikua,,Emakumea,Bizkaia,10.000 biztanleko,77.1
2011,Medikua,,Emakumea,Bizkaia,10.000 biztanleko,56.4
2014,Medikua,Ez erretiratuak,Emakumea,Bizkaia,10.000 biztanleko,60.4
2013,Medikua,,Emakumea,Bizkaia,10.000 biztanleko,61.1
2012,Medikua,,Emakumea,Bizkaia,10.000 biztanleko,59.2
2015,Medikua,Ez erretiratuak,Emakumea,Bizkaia,10.000 biztanleko,61.8
2017,Medikua,Ez erretiratuak,Emakumea,Bizkaia,10.000 biztanleko,64.2
2011,Medikua,Erretiratuak,Emakumea,Bizkaia,10.000 biztanleko,1.5
2015,Medikua,Erretiratuak,Emakumea,Bizkaia,10.000 biztanleko,2.5
2012,Medikua,Erretiratuak,Emakumea,Bizkaia,10.000 biztanleko,1.8
2012,Medikua,Ez erretiratuak,Emakumea,Bizkaia,10.000 biztanleko,57.4
2017,Medikua,,Emakumea,Bizkaia,10.000 biztanleko,68.3
2024,Medikua,Ez erretiratuak,Emakumea,Bizkaia,10.000 biztanleko,76.5
2022,Medikua,Ez erretiratuak,Emakumea,Bizkaia,10.000 biztanleko,73.7
2021,Medikua,Ez erretiratuak,Emakumea,Bizkaia,10.000 biztanleko,71.1
2023,Medikua,Ez erretiratuak,Emakumea,Bizkaia,10.000 biztanleko,74.8
2021,Medikua,,Emakumea,Bizkaia,10.000 biztanleko,79.8
2011,Medikua,Ez erretiratuak,Emakumea,Bizkaia,10.000 biztanleko,54.9
2016,Medikua,Ez erretiratuak,Emakumea,Bizkaia,10.000 biztanleko,62.9
2020,Medikua,Ez erretiratuak,Emakumea,Bizkaia,10.000 biztanleko,69.6
2021,Medikua,Erretiratuak,Emakumea,Bizkaia,10.000 biztanleko,8.7
2019,Medikua,Erretiratuak,Emakumea,Bizkaia,10.000 biztanleko,6.5
2010,Medikua,,Emakumea,Bizkaia,10.000 biztanleko,54.4
2010,Medikua,Erretiratuak,Emakumea,Bizkaia,10.000 biztanleko,1.2
2019,Medikua,,Emakumea,Bizkaia,10.000 biztanleko,73.7
2016,Medikua,Erretiratuak,Emakumea,Bizkaia,10.000 biztanleko,3.3
2022,Medikua,Erretiratuak,Emakumea,Bizkaia,10.000 biztanleko,8.7
2022,Medikua,,Emakumea,Bizkaia,10.000 biztanleko,82.3
2014,Medikua,Erretiratuak,Emakumea,Bizkaia,10.000 biztanleko,2.0
2013,Medikua,Erretiratuak,Emakumea,Bizkaia,10.000 biztanleko,1.9
2016,Medikua,,Emakumea,Gipuzkoa,10.000 biztanleko,58.1
2024,Medikua,Erretiratuak,Emakumea,Gipuzkoa,10.000 biztanleko,11.3
2023,Medikua,Erretiratuak,Emakumea,Gipuzkoa,10.000 biztanleko,10.3
2019,Medikua,Erretiratuak,Emakumea,Gipuzkoa,10.000 biztanleko,6.1
2018,Medikua,Erretiratuak,Emakumea,Gipuzkoa,10.000 biztanleko,5.2
2014,Medikua,Erretiratuak,Emakumea,Gipuzkoa,10.000 biztanleko,2.8
2013,Medikua,Erretiratuak,Emakumea,Gipuzkoa,10.000 biztanleko,2.3
2012,Medikua,Erretiratuak,Emakumea,Gipuzkoa,10.000 biztanleko,2.2
2010,Medikua,Erretiratuak,Emakumea,Gipuzkoa,10.000 biztanleko,1.1
2015,Medikua,,Emakumea,Gipuzkoa,10.000 biztanleko,57.1
2012,Medikua,,Emakumea,Gipuzkoa,10.000 biztanleko,52.4
2023,Medikua,,Emakumea,Gipuzkoa,10.000 biztanleko,75.0
2015,Medikua,Ez erretiratuak,Emakumea,Gipuzkoa,10.000 biztanleko,53.9
2018,Medikua,,Emakumea,Gipuzkoa,10.000 biztanleko,62.1
2014,Medikua,,Emakumea,Gipuzkoa,10.000 biztanleko,55.7
2010,Medikua,,Emakumea,Gipuzkoa,10.000 biztanleko,48.9
2021,Medikua,,Emakumea,Gipuzkoa,10.000 biztanleko,70.6
2010,Medikua,Ez erretiratuak,Emakumea,Gipuzkoa,10.000 biztanleko,47.7
2016,Medikua,Ez erretiratuak,Emakumea,Gipuzkoa,10.000 biztanleko,54.4
2019,Medikua,Ez erretiratuak,Emakumea,Gipuzkoa,10.000 biztanleko,58.1
2020,Medikua,Ez erretiratuak,Emakumea,Gipuzkoa,10.000 biztanleko,60.7
2019,Medikua,,Emakumea,Gipuzkoa,10.000 biztanleko,64.2
2018,Medikua,Ez erretiratuak,Emakumea,Gipuzkoa,10.000 biztanleko,56.9
2012,Medikua,Ez erretiratuak,Emakumea,Gipuzkoa,10.000 biztanleko,50.3
2011,Medikua,Ez erretiratuak,Emakumea,Gipuzkoa,10.000 biztanleko,49.1
2017,Medikua,Ez erretiratuak,Emakumea,Gipuzkoa,10.000 biztanleko,55.6
2021,Medikua,Ez erretiratuak,Emakumea,Gipuzkoa,10.000 biztanleko,62.8
2014,Medikua,Ez erretiratuak,Emakumea,Gipuzkoa,10.000 biztanleko,53.0
2013,Medikua,Ez erretiratuak,Emakumea,Gipuzkoa,10.000 biztanleko,51.8
2017,Medikua,,Emakumea,Gipuzkoa,10.000 biztanleko,60.1
2024,Medikua,,Emakumea,Gipuzkoa,10.000 biztanleko,76.8
2022,Medikua,,Emakumea,Gipuzkoa,10.000 biztanleko,72.9
2011,Medikua,,Emakumea,Gipuzkoa,10.000 biztanleko,50.8
2011,Medikua,Erretiratuak,Emakumea,Gipuzkoa,10.000 biztanleko,1.4
2024,Medikua,Ez erretiratuak,Emakumea,Gipuzkoa,10.000 biztanleko,65.5
2023,Medikua,Ez erretiratuak,Emakumea,Gipuzkoa,10.000 biztanleko,64.8
2020,Medikua,Erretiratuak,Emakumea,Gipuzkoa,10.000 biztanleko,6.7
2020,Medikua,,Emakumea,Gipuzkoa,10.000 biztanleko,67.4
2022,Medikua,Ez erretiratuak,Emakumea,Gipuzkoa,10.000 biztanleko,63.6
2015,Medikua,Erretiratuak,Emakumea,Gipuzkoa,10.000 biztanleko,3.2
2016,Medikua,Erretiratuak,Emakumea,Gipuzkoa,10.000 biztanleko,3.8
2017,Medikua,Erretiratuak,Emakumea,Gipuzkoa,10.000 biztanleko,4.5
2021,Medikua,Erretiratuak,Emakumea,Gipuzkoa,10.000 biztanleko,7.8
2022,Medikua,Erretiratuak,Emakumea,Gipuzkoa,10.000 biztanleko,9.3
2013,Medikua,,Emakumea,Gipuzkoa,10.000 biztanleko,54.1
2018,Medikua,,Gizona,,10.000 biztanleko,59.7
2013,Medikua,Erretiratuak,Gizona,,10.000 biztanleko,8.7
2024,Medikua,Ez erretiratuak,Gizona,,10.000 biztanleko,42.7
2021,Medikua,Ez erretiratuak,Gizona,,10.000 biztanleko,45.0
2014,Medikua,,Gizona,,10.000 biztanleko,58.5
2010,Medikua,Erretiratuak,Gizona,,10.000 biztanleko,7.3
2022,Medikua,Ez erretiratuak,Gizona,,10.000 biztanleko,44.6
2012,Medikua,Erretiratuak,Gizona,,10.000 biztanleko,8.4
2020,Medikua,Erretiratuak,Gizona,,10.000 biztanleko,15.8
2019,Medikua,Erretiratuak,Gizona,,10.000 biztanleko,14.6
2012,Medikua,,Gizona,,10.000 biztanleko,57.4
2017,Medikua,Erretiratuak,Gizona,,10.000 biztanleko,11.9
2023,Medikua,,Gizona,,10.000 biztanleko,62.7
2014,Medikua,Erretiratuak,Gizona,,10.000 biztanleko,9.3
2010,Medikua,,Gizona,,10.000 biztanleko,56.5
2023,Medikua,Erretiratuak,Gizona,,10.000 biztanleko,19.4
2018,Medikua,Erretiratuak,Gizona,,10.000 biztanleko,12.8
2021,Medikua,Erretiratuak,Gizona,,10.000 biztanleko,17.0
2011,Medikua,Erretiratuak,Gizona,,10.000 biztanleko,7.5
2015,Medikua,Erretiratuak,Gizona,,10.000 biztanleko,10.2
2024,Medikua,,Gizona,,10.000 biztanleko,63.1
2020,Medikua,Ez erretiratuak,Gizona,,10.000 biztanleko,45.6
2016,Medikua,Erretiratuak,Gizona,,10.000 biztanleko,10.9
2022,Medikua,Erretiratuak,Gizona,,10.000 biztanleko,17.8
2019,Medikua,,Gizona,,10.000 biztanleko,60.4
2019,Medikua,Ez erretiratuak,Gizona,,10.000 biztanleko,45.8
2023,Medikua,Ez erretiratuak,Gizona,,10.000 biztanleko,43.3
2022,Medikua,,Gizona,,10.000 biztanleko,62.3
2015,Medikua,,Gizona,,10.000 biztanleko,58.4
2024,Medikua,Erretiratuak,Gizona,,10.000 biztanleko,20.4
2013,Medikua,,Gizona,,10.000 biztanleko,57.9
2021,Medikua,,Gizona,,10.000 biztanleko,62.0
2011,Medikua,Ez erretiratuak,Gizona,,10.000 biztanleko,49.4
2017,Medikua,Ez erretiratuak,Gizona,,10.000 biztanleko,47.1
2018,Medikua,Ez erretiratuak,Gizona,,10.000 biztanleko,46.9
2013,Medikua,Ez erretiratuak,Gizona,,10.000 biztanleko,49.2
2014,Medikua,Ez erretiratuak,Gizona,,10.000 biztanleko,49.2
2015,Medikua,Ez erretiratuak,Gizona,,10.000 biztanleko,48.2
2020,Medikua,,Gizona,,10.000 biztanleko,61.4
2017,Medikua,,Gizona,,10.000 biztanleko,59.1
2010,Medikua,Ez erretiratuak,Gizona,,10.000 biztanleko,49.2
2011,Medikua,,Gizona,,10.000 biztanleko,56.9
2016,Medikua,,Gizona,,10.000 biztanleko,58.7
2016,Medikua,Ez erretiratuak,Gizona,,10.000 biztanleko,47.8
2012,Medikua,Ez erretiratuak,Gizona,,10.000 biztanleko,49.0
2020,Medikua,Ez erretiratuak,Gizona,Araba / Álava,10.000 biztanleko,39.1
2023,Medikua,,Gizona,Araba / Álava,10.000 biztanleko,54.8
2015,Medikua,,Gizona,Araba / Álava,10.000 biztanleko,53.8
2012,Medikua,Ez erretiratuak,Gizona,Araba / Álava,10.000 biztanleko,45.7
2019,Medikua,,Gizona,Araba / Álava,10.000 biztanleko,54.7
2019,Medikua,Erretiratuak,Gizona,Araba / Álava,10.000 biztanleko,14.7
2021,Medikua,Erretiratuak,Gizona,Araba / Álava,10.000 biztanleko,16.4
2017,Medikua,Erretiratuak,Gizona,Araba / Álava,10.000 biztanleko,13.2
2015,Medikua,Ez erretiratuak,Gizona,Araba / Álava,10.000 biztanleko,43.4
2020,Medikua,Erretiratuak,Gizona,Araba / Álava,10.000 biztanleko,15.7
2021,Medikua,Ez erretiratuak,Gizona,Araba / Álava,10.000 biztanleko,38.2
2024,Medikua,,Gizona,Araba / Álava,10.000 biztanleko,54.4
2017,Medikua,,Gizona,Araba / Álava,10.000 biztanleko,54.6
2012,Medikua,Erretiratuak,Gizona,Araba / Álava,10.000 biztanleko,7.5
2022,Medikua,Erretiratuak,Gizona,Araba / Álava,10.000 biztanleko,18.2
2023,Medikua,Erretiratuak,Gizona,Araba / Álava,10.000 biztanleko,18.8
2018,Medikua,Ez erretiratuak,Gizona,Araba / Álava,10.000 biztanleko,40.3
2016,Medikua,Erretiratuak,Gizona,Araba / Álava,10.000 biztanleko,12.0
2015,Medikua,Erretiratuak,Gizona,Araba / Álava,10.000 biztanleko,10.5
2010,Medikua,,Gizona,Araba / Álava,10.000 biztanleko,50.9
2013,Medikua,,Gizona,Araba / Álava,10.000 biztanleko,53.4
2024,Medikua,Ez erretiratuak,Gizona,Araba / Álava,10.000 biztanleko,35.8
2022,Medikua,,Gizona,Araba / Álava,10.000 biztanleko,54.7
2019,Medikua,Ez erretiratuak,Gizona,Araba / Álava,10.000 biztanleko,39.9
2012,Medikua,,Gizona,Araba / Álava,10.000 biztanleko,53.2
2014,Medikua,Erretiratuak,Gizona,Araba / Álava,10.000 biztanleko,9.3
2011,Medikua,Erretiratuak,Gizona,Araba / Álava,10.000 biztanleko,6.7
2011,Medikua,,Gizona,Araba / Álava,10.000 biztanleko,52.2
2021,Medikua,,Gizona,Araba / Álava,10.000 biztanleko,54.6
2016,Medikua,,Gizona,Araba / Álava,10.000 biztanleko,53.8
2018,Medikua,,Gizona,Araba / Álava,10.000 biztanleko,54.3
2024,Medikua,Erretiratuak,Gizona,Araba / Álava,10.000 biztanleko,18.6
2023,Medikua,Ez erretiratuak,Gizona,Araba / Álava,10.000 biztanleko,35.9
2022,Medikua,Ez erretiratuak,Gizona,Araba / Álava,10.000 biztanleko,36.5
2013,Medikua,Erretiratuak,Gizona,Araba / Álava,10.000 biztanleko,8.6
2018,Medikua,Erretiratuak,Gizona,Araba / Álava,10.000 biztanleko,13.9
2010,Medikua,Erretiratuak,Gizona,Araba / Álava,10.000 biztanleko,6.9
2016,Medikua,Ez erretiratuak,Gizona,Araba / Álava,10.000 biztanleko,41.8
2013,Medikua,Ez erretiratuak,Gizona,Araba / Álava,10.000 biztanleko,44.8
2017,Medikua,Ez erretiratuak,Gizona,Araba / Álava,10.000 biztanleko,41.4
2011,Medikua,Ez erretiratuak,Gizona,Araba / Álava,10.000 biztanleko,45.5
2014,Medikua,,Gizona,Araba / Álava,10.000 biztanleko,54.0
2014,Medikua,Ez erretiratuak,Gizona,Araba / Álava,10.000 biztanleko,44.7
2020,Medikua,,Gizona,Araba / Álava,10.000 biztanleko,54.8
2010,Medikua,Ez erretiratuak,Gizona,Araba / Álava,10.000 biztanleko,44.0
2022,Medikua,Ez erretiratuak,Gizona,Bizkaia,10.000 biztanleko,50.2
2020,Medikua,Ez erretiratuak,Gizona,Bizkaia,10.000 biztanleko,50.5
2021,Medikua,Ez erretiratuak,Gizona,Bizkaia,10.000 biztanleko,50.3
2023,Medikua,Ez erretiratuak,Gizona,Bizkaia,10.000 biztanleko,48.8
2012,Medikua,Ez erretiratuak,Gizona,Bizkaia,10.000 biztanleko,51.8
2019,Medikua,Ez erretiratuak,Gizona,Bizkaia,10.000 biztanleko,50.4
2018,Medikua,Ez erretiratuak,Gizona,Bizkaia,10.000 biztanleko,52.0
2024,Medikua,Erretiratuak,Gizona,Bizkaia,10.000 biztanleko,22.5
2024,Medikua,Ez erretiratuak,Gizona,Bizkaia,10.000 biztanleko,48.0
2013,Medikua,,Gizona,Bizkaia,10.000 biztanleko,62.0
2013,Medikua,Ez erretiratuak,Gizona,Bizkaia,10.000 biztanleko,52.7
2015,Medikua,Ez erretiratuak,Gizona,Bizkaia,10.000 biztanleko,52.5
2016,Medikua,Erretiratuak,Gizona,Bizkaia,10.000 biztanleko,11.0
2014,Medikua,Ez erretiratuak,Gizona,Bizkaia,10.000 biztanleko,53.0
2016,Medikua,Ez erretiratuak,Gizona,Bizkaia,10.000 biztanleko,52.4
2018,Medikua,Erretiratuak,Gizona,Bizkaia,10.000 biztanleko,13.3
2011,Medikua,,Gizona,Bizkaia,10.000 biztanleko,60.7
2021,Medikua,,Gizona,Bizkaia,10.000 biztanleko,68.6
2023,Medikua,,Gizona,Bizkaia,10.000 biztanleko,70.1
2010,Medikua,Erretiratuak,Gizona,Bizkaia,10.000 biztanleko,8.1
2014,Medikua,Erretiratuak,Gizona,Bizkaia,10.000 biztanleko,9.7
2011,Medikua,Ez erretiratuak,Gizona,Bizkaia,10.000 biztanleko,52.1
2010,Medikua,Ez erretiratuak,Gizona,Bizkaia,10.000 biztanleko,52.1
2017,Medikua,Ez erretiratuak,Gizona,Bizkaia,10.000 biztanleko,51.7
2016,Medikua,,Gizona,Bizkaia,10.000 biztanleko,63.4
2015,Medikua,,Gizona,Bizkaia,10.000 biztanleko,62.7
2012,Medikua,,Gizona,Bizkaia,10.000 biztanleko,61.1
2019,Medikua,,Gizona,Bizkaia,10.000 biztanleko,66.0
2020,Medikua,,Gizona,Bizkaia,10.000 biztanleko,67.6
2017,Medikua,Erretiratuak,Gizona,Bizkaia,10.000 biztanleko,12.2
2015,Medikua,Erretiratuak,Gizona,Bizkaia,10.000 biztanleko,10.3
2013,Medikua,Erretiratuak,Gizona,Bizkaia,10.000 biztanleko,9.2
2019,Medikua,Erretiratuak,Gizona,Bizkaia,10.000 biztanleko,15.6
2020,Medikua,Erretiratuak,Gizona,Bizkaia,10.000 biztanleko,17.1
2021,Medikua,Erretiratuak,Gizona,Bizkaia,10.000 biztanleko,18.3
2022,Medikua,Erretiratuak,Gizona,Bizkaia,10.000 biztanleko,18.9
2012,Medikua,Erretiratuak,Gizona,Bizkaia,10.000 biztanleko,9.3
2017,Medikua,,Gizona,Bizkaia,10.000 biztanleko,63.9
2010,Medikua,,Gizona,Bizkaia,10.000 biztanleko,60.2
2023,Medikua,Erretiratuak,Gizona,Bizkaia,10.000 biztanleko,21.2
2018,Medikua,,Gizona,Bizkaia,10.000 biztanleko,65.3
2024,Medikua,,Gizona,Bizkaia,10.000 biztanleko,70.6
2022,Medikua,,Gizona,Bizkaia,10.000 biztanleko,69.0
2011,Medikua,Erretiratuak,Gizona,Bizkaia,10.000 biztanleko,8.6
2014,Medikua,,Gizona,Bizkaia,10.000 biztanleko,62.7
2010,Medikua,Ez erretiratuak,Gizona,Gipuzkoa,10.000 biztanleko,46.9
2016,Medikua,Ez erretiratuak,Gizona,Gipuzkoa,10.000 biztanleko,43.4
2014,Medikua,Ez erretiratuak,Gizona,Gipuzkoa,10.000 biztanleko,45.1
2015,Medikua,Ez erretiratuak,Gizona,Gipuzkoa,10.000 biztanleko,43.7
2012,Medikua,Ez erretiratuak,Gizona,Gipuzkoa,10.000 biztanleko,46.0
2020,Medikua,Ez erretiratuak,Gizona,Gipuzkoa,10.000 biztanleko,40.8
2010,Medikua,,Gizona,Gipuzkoa,10.000 biztanleko,53.0
2018,Medikua,Ez erretiratuak,Gizona,Gipuzkoa,10.000 biztanleko,41.8
2021,Medikua,Ez erretiratuak,Gizona,Gipuzkoa,10.000 biztanleko,40.0
2019,Medikua,Ez erretiratuak,Gizona,Gipuzkoa,10.000 biztanleko,41.4
2024,Medikua,Ez erretiratuak,Gizona,Gipuzkoa,10.000 biztanleko,37.6
2023,Medikua,Ez erretiratuak,Gizona,Gipuzkoa,10.000 biztanleko,38.1
2022,Medikua,Ez erretiratuak,Gizona,Gipuzkoa,10.000 biztanleko,39.5
2020,Medikua,,Gizona,Gipuzkoa,10.000 biztanleko,54.7
2015,Medikua,,Gizona,Gipuzkoa,10.000 biztanleko,53.5
2023,Medikua,,Gizona,Gipuzkoa,10.000 biztanleko,55.0
2017,Medikua,,Gizona,Gipuzkoa,10.000 biztanleko,53.6
2013,Medikua,Erretiratuak,Gizona,Gipuzkoa,10.000 biztanleko,7.8
2014,Medikua,Erretiratuak,Gizona,Gipuzkoa,10.000 biztanleko,8.7
2011,Medikua,Erretiratuak,Gizona,Gipuzkoa,10.000 biztanleko,6.0
2016,Medikua,Erretiratuak,Gizona,Gipuzkoa,10.000 biztanleko,10.2
2017,Medikua,Erretiratuak,Gizona,Gipuzkoa,10.000 biztanleko,10.9
2012,Medikua,Erretiratuak,Gizona,Gipuzkoa,10.000 biztanleko,7.3
2018,Medikua,Erretiratuak,Gizona,Gipuzkoa,10.000 biztanleko,11.6
2020,Medikua,Erretiratuak,Gizona,Gipuzkoa,10.000 biztanleko,13.9
2021,Medikua,Erretiratuak,Gizona,Gipuzkoa,10.000 biztanleko,15.0
2022,Medikua,Erretiratuak,Gizona,Gipuzkoa,10.000 biztanleko,15.9
2019,Medikua,Erretiratuak,Gizona,Gipuzkoa,10.000 biztanleko,12.8
2023,Medikua,Erretiratuak,Gizona,Gipuzkoa,10.000 biztanleko,16.9
2012,Medikua,,Gizona,Gipuzkoa,10.000 biztanleko,53.3
2019,Medikua,,Gizona,Gipuzkoa,10.000 biztanleko,54.2
2011,Medikua,,Gizona,Gipuzkoa,10.000 biztanleko,52.9
2014,Medikua,,Gizona,Gipuzkoa,10.000 biztanleko,53.8
2013,Medikua,,Gizona,Gipuzkoa,10.000 biztanleko,53.4
2021,Medikua,,Gizona,Gipuzkoa,10.000 biztanleko,55.0
2022,Medikua,,Gizona,Gipuzkoa,10.000 biztanleko,55.4
2013,Medikua,Ez erretiratuak,Gizona,Gipuzkoa,10.000 biztanleko,45.6
2024,Medikua,,Gizona,Gipuzkoa,10.000 biztanleko,55.4
2016,Medikua,,Gizona,Gipuzkoa,10.000 biztanleko,53.6
2024,Medikua,Erretiratuak,Gizona,Gipuzkoa,10.000 biztanleko,17.8
2010,Medikua,Erretiratuak,Gizona,Gipuzkoa,10.000 biztanleko,6.1
2017,Medikua,Ez erretiratuak,Gizona,Gipuzkoa,10.000 biztanleko,42.6
2018,Medikua,,Gizona,Gipuzkoa,10.000 biztanleko,53.4
2011,Medikua,Ez erretiratuak,Gizona,Gipuzkoa,10.000 biztanleko,46.7
2015,Medikua,Erretiratuak,Gizona,Gipuzkoa,10.000 biztanleko,9.8
2015,Erizaintzako eta obstetriziako profesionalak,Erretiratuak,,,10.000 biztanleko,0.1
2023,Erizaintzako eta obstetriziako profesionalak,Ez erretiratuak,,,10.000 biztanleko,80.8
2010,Erizaintzako eta obstetriziako profesionalak,,,,10.000 biztanleko,68.0
2020,Erizaintzako eta obstetriziako profesionalak,Erretiratuak,,,10.000 biztanleko,0.1
2010,Erizaintzako eta obstetriziako profesionalak,Ez erretiratuak,,,10.000 biztanleko,67.9
2023,Erizaintzako eta obstetriziako profesionalak,,,,10.000 biztanleko,89.2
2014,Erizaintzako eta obstetriziako profesionalak,Erretiratuak,,,10.000 biztanleko,0.0
2017,Erizaintzako eta obstetriziako profesionalak,,,,10.000 biztanleko,75.2
2013,Erizaintzako eta obstetriziako profesionalak,,,,10.000 biztanleko,70.7
2022,Erizaintzako eta obstetriziako profesionalak,Erretiratuak,,,10.000 biztanleko,0.1
2012,Erizaintzako eta obstetriziako profesionalak,Erretiratuak,,,10.000 biztanleko,0.1
2018,Erizaintzako eta obstetriziako profesionalak,,,,10.000 biztanleko,75.8
2011,Erizaintzako eta obstetriziako profesionalak,,,,10.000 biztanleko,69.9
2012,Erizaintzako eta obstetriziako profesionalak,,,,10.000 biztanleko,70.4
2024,Erizaintzako eta obstetriziako profesionalak,Ez erretiratuak,,,10.000 biztanleko,81.7
2016,Erizaintzako eta obstetriziako profesionalak,Erretiratuak,,,10.000 biztanleko,0.1
2020,Erizaintzako eta obstetriziako profesionalak,,,,10.000 biztanleko,78.6
2021,Erizaintzako eta obstetriziako profesionalak,Ez erretiratuak,,,10.000 biztanleko,79.3
2012,Erizaintzako eta obstetriziako profesionalak,Ez erretiratuak,,,10.000 biztanleko,70.3
2024,Erizaintzako eta obstetriziako profesionalak,Erretiratuak,,,10.000 biztanleko,6.7
2021,Erizaintzako eta obstetriziako profesionalak,,,,10.000 biztanleko,79.4
2022,Erizaintzako eta obstetriziako profesionalak,,,,10.000 biztanleko,79.6
2023,Erizaintzako eta obstetriziako profesionalak,Erretiratuak,,,10.000 biztanleko,8.4
2024,Erizaintzako eta obstetriziako profesionalak,,,,10.000 biztanleko,88.5
2015,Erizaintzako eta obstetriziako profesionalak,Ez erretiratuak,,,10.000 biztanleko,73.5
2021,Erizaintzako eta obstetriziako profesionalak,Erretiratuak,,,10.000 biztanleko,0.1
2013,Erizaintzako eta obstetriziako profesionalak,Ez erretiratuak,,,10.000 biztanleko,70.7
2019,Erizaintzako eta obstetriziako profesionalak,Ez erretiratuak,,,10.000 biztanleko,76.5
2010,Erizaintzako eta obstetriziako profesionalak,Erretiratuak,,,10.000 biztanleko,0.1
2017,Erizaintzako eta obstetriziako profesionalak,Erretiratuak,,,10.000 biztanleko,0.0
2013,Erizaintzako eta obstetriziako profesionalak,Erretiratuak,,,10.000 biztanleko,0.1
2020,Erizaintzako eta obstetriziako profesionalak,Ez erretiratuak,,,10.000 biztanleko,78.6
2019,Erizaintzako eta obstetriziako profesionalak,Erretiratuak,,,10.000 biztanleko,0.0
2017,Erizaintzako eta obstetriziako profesionalak,Ez erretiratuak,,,10.000 biztanleko,75.1
2016,Erizaintzako eta obstetriziako profesionalak,Ez erretiratuak,,,10.000 biztanleko,74.5
2018,Erizaintzako eta obstetriziako profesionalak,Erretiratuak,,,10.000 biztanleko,0.0
2011,Erizaintzako eta obstetriziako profesionalak,Erretiratuak,,,10.000 biztanleko,0.2
2014,Erizaintzako eta obstetriziako profesionalak,,,,10.000 biztanleko,72.1
2022,Erizaintzako eta obstetriziako profesionalak,Ez erretiratuak,,,10.000 biztanleko,79.5
2016,Erizaintzako eta obstetriziako profesionalak,,,,10.000 biztanleko,74.5
2018,Erizaintzako eta obstetriziako profesionalak,Ez erretiratuak,,,10.000 biztanleko,75.8
2015,Erizaintzako eta obstetriziako profesionalak,,,,10.000 biztanleko,73.6
2019,Erizaintzako eta obstetriziako profesionalak,,,,10.000 biztanleko,76.5
2014,Erizaintzako eta obstetriziako profesionalak,Ez erretiratuak,,,10.000 biztanleko,72.1
2011,Erizaintzako eta obstetriziako profesionalak,Ez erretiratuak,,,10.000 biztanleko,69.7
2021,Erizaintzako eta obstetriziako profesionalak,Erretiratuak,,Araba / Álava,10.000 biztanleko,0.4
2020,Erizaintzako eta obstetriziako profesionalak,Erretiratuak,,Araba / Álava,10.000 biztanleko,0.4
2015,Erizaintzako eta obstetriziako profesionalak,Erretiratuak,,Araba / Álava,10.000 biztanleko,0.5
2024,Erizaintzako eta obstetriziako profesionalak,,,Araba / Álava,10.000 biztanleko,88.7
2019,Erizaintzako eta obstetriziako profesionalak,Erretiratuak,,Araba / Álava,10.000 biztanleko,0.2
2012,Erizaintzako eta obstetriziako profesionalak,Erretiratuak,,Araba / Álava,10.000 biztanleko,0.6
2023,Erizaintzako eta obstetriziako profesionalak,Erretiratuak,,Araba / Álava,10.000 biztanleko,0.4
2011,Erizaintzako eta obstetriziako profesionalak,Erretiratuak,,Araba / Álava,10.000 biztanleko,1.4
2013,Erizaintzako eta obstetriziako profesionalak,Erretiratuak,,Araba / Álava,10.000 biztanleko,0.4
2016,Erizaintzako eta obstetriziako profesionalak,,,Araba / Álava,10.000 biztanleko,83.9
2014,Erizaintzako eta obstetriziako profesionalak,Erretiratuak,,Araba / Álava,10.000 biztanleko,0.1
2017,Erizaintzako eta obstetriziako profesionalak,Erretiratuak,,Araba / Álava,10.000 biztanleko,0.2
2010,Erizaintzako eta obstetriziako profesionalak,Erretiratuak,,Araba / Álava,10.000 biztanleko,0.6
2021,Erizaintzako eta obstetriziako profesionalak,,,Araba / Álava,10.000 biztanleko,88.5
2022,Erizaintzako eta obstetriziako profesionalak,Ez erretiratuak,,Araba / Álava,10.000 biztanleko,88.0
2020,Erizaintzako eta obstetriziako profesionalak,Ez erretiratuak,,Araba / Álava,10.000 biztanleko,87.2
2023,Erizaintzako eta obstetriziako profesionalak,,,Araba / Álava,10.000 biztanleko,88.9
2015,Erizaintzako eta obstetriziako profesionalak,Ez erretiratuak,,Araba / Álava,10.000 biztanleko,82.0
2011,Erizaintzako eta obstetriziako profesionalak,,,Araba / Álava,10.000 biztanleko,76.5
2018,Erizaintzako eta obstetriziako profesionalak,Ez erretiratuak,,Araba / Álava,10.000 biztanleko,86.5
2016,Erizaintzako eta obstetriziako profesionalak,Erretiratuak,,Araba / Álava,10.000 biztanleko,0.4
2013,Erizaintzako eta obstetriziako profesionalak,Ez erretiratuak,,Araba / Álava,10.000 biztanleko,78.1
2017,Erizaintzako eta obstetriziako profesionalak,Ez erretiratuak,,Araba / Álava,10.000 biztanleko,85.2
2015,Erizaintzako eta obstetriziako profesionalak,,,Araba / Álava,10.000 biztanleko,82.6
2013,Erizaintzako eta obstetriziako profesionalak,,,Araba / Álava,10.000 biztanleko,78.5
2019,Erizaintzako eta obstetriziako profesionalak,,,Araba / Álava,10.000 biztanleko,85.8
2022,Erizaintzako eta obstetriziako profesionalak,,,Araba / Álava,10.000 biztanleko,88.4
2020,Erizaintzako eta obstetriziako profesionalak,,,Araba / Álava,10.000 biztanleko,87.5
2021,Erizaintzako eta obstetriziako profesionalak,Ez erretiratuak,,Araba / Álava,10.000 biztanleko,88.1
2012,Erizaintzako eta obstetriziako profesionalak,,,Araba / Álava,10.000 biztanleko,78.0
2010,Erizaintzako eta obstetriziako profesionalak,,,Araba / Álava,10.000 biztanleko,75.0
2022,Erizaintzako eta obstetriziako profesionalak,Erretiratuak,,Araba / Álava,10.000 biztanleko,0.4
2024,Erizaintzako eta obstetriziako profesionalak,Erretiratuak,,Araba / Álava,10.000 biztanleko,1.0
2018,Erizaintzako eta obstetriziako profesionalak,,,Araba / Álava,10.000 biztanleko,86.8
2017,Erizaintzako eta obstetriziako profesionalak,,,Araba / Álava,10.000 biztanleko,85.5
2014,Erizaintzako eta obstetriziako profesionalak,,,Araba / Álava,10.000 biztanleko,80.7
2023,Erizaintzako eta obstetriziako profesionalak,Ez erretiratuak,,Araba / Álava,10.000 biztanleko,88.5
2024,Erizaintzako eta obstetriziako profesionalak,Ez erretiratuak,,Araba / Álava,10.000 biztanleko,87.7
2019,Erizaintzako eta obstetriziako profesionalak,Ez erretiratuak,,Araba / Álava,10.000 biztanleko,85.6
2018,Erizaintzako eta obstetriziako profesionalak,Erretiratuak,,Araba / Álava,10.000 biztanleko,0.2
2016,Erizaintzako eta obstetriziako profesionalak,Ez erretiratuak,,Araba / Álava,10.000 biztanleko,83.5
2012,Erizaintzako eta obstetriziako profesionalak,Ez erretiratuak,,Araba / Álava,10.000 biztanleko,77.4
2014,Erizaintzako eta obstetriziako profesionalak,Ez erretiratuak,,Araba / Álava,10.000 biztanleko,80.6
2010,Erizaintzako eta obstetriziako profesionalak,Ez erretiratuak,,Araba / Álava,10.000 biztanleko,74.4
2011,Erizaintzako eta obstetriziako profesionalak,Ez erretiratuak,,Araba / Álava,10.000 biztanleko,75.1
2017,Erizaintzako eta obstetriziako profesionalak,Erretiratuak,,Bizkaia,10.000 biztanleko,0.0
2023,Erizaintzako eta obstetriziako profesionalak,Ez erretiratuak,,Bizkaia,10.000 biztanleko,80.7
2016,Erizaintzako eta obstetriziako profesionalak,,,Bizkaia,10.000 biztanleko,73.2
2015,Erizaintzako eta obstetriziako profesionalak,,,Bizkaia,10.000 biztanleko,72.1
2012,Erizaintzako eta obstetriziako profesionalak,,,Bizkaia,10.000 biztanleko,68.6
2019,Erizaintzako eta obstetriziako profesionalak,,,Bizkaia,10.000 biztanleko,75.8
2014,Erizaintzako eta obstetriziako profesionalak,,,Bizkaia,10.000 biztanleko,70.3
2023,Erizaintzako eta obstetriziako profesionalak,,,Bizkaia,10.000 biztanleko,80.7
2011,Erizaintzako eta obstetriziako profesionalak,,,Bizkaia,10.000 biztanleko,67.8
2021,Erizaintzako eta obstetriziako profesionalak,,,Bizkaia,10.000 biztanleko,79.0
2019,Erizaintzako eta obstetriziako profesionalak,Erretiratuak,,Bizkaia,10.000 biztanleko,0.0
2017,Erizaintzako eta obstetriziako profesionalak,,,Bizkaia,10.000 biztanleko,74.1
2016,Erizaintzako eta obstetriziako profesionalak,Ez erretiratuak,,Bizkaia,10.000 biztanleko,73.2
2011,Erizaintzako eta obstetriziako profesionalak,Ez erretiratuak,,Bizkaia,10.000 biztanleko,67.8
2021,Erizaintzako eta obstetriziako profesionalak,Ez erretiratuak,,Bizkaia,10.000 biztanleko,79.0
2022,Erizaintzako eta obstetriziako profesionalak,Erretiratuak,,Bizkaia,10.000 biztanleko,0.0
2018,Erizaintzako eta obstetriziako profesionalak,,,Bizkaia,10.000 biztanleko,75.1
2024,Erizaintzako eta obstetriziako profesionalak,,,Bizkaia,10.000 biztanleko,82.0
2022,Erizaintzako eta obstetriziako profesionalak,,,Bizkaia,10.000 biztanleko,79.3
2016,Erizaintzako eta obstetriziako profesionalak,Erretiratuak,,Bizkaia,10.000 biztanleko,0.0
2018,Erizaintzako eta obstetriziako profesionalak,Erretiratuak,,Bizkaia,10.000 biztanleko,0.0
2024,Erizaintzako eta obstetriziako profesionalak,Erretiratuak,,Bizkaia,10.000 biztanleko,0.0
2022,Erizaintzako eta obstetriziako profesionalak,Ez erretiratuak,,Bizkaia,10.000 biztanleko,79.3
2020,Erizaintzako eta obstetriziako profesionalak,Erretiratuak,,Bizkaia,10.000 biztanleko,0.0
2024,Erizaintzako eta obstetriziako profesionalak,Ez erretiratuak,,Bizkaia,10.000 biztanleko,82.0
2020,Erizaintzako eta obstetriziako profesionalak,Ez erretiratuak,,Bizkaia,10.000 biztanleko,78.2
2017,Erizaintzako eta obstetriziako profesionalak,Ez erretiratuak,,Bizkaia,10.000 biztanleko,74.1
2015,Erizaintzako eta obstetriziako profesionalak,Ez erretiratuak,,Bizkaia,10.000 biztanleko,72.1
2018,Erizaintzako eta obstetriziako profesionalak,Ez erretiratuak,,Bizkaia,10.000 biztanleko,75.1
2012,Erizaintzako eta obstetriziako profesionalak,Ez erretiratuak,,Bizkaia,10.000 biztanleko,68.6
2019,Erizaintzako eta obstetriziako profesionalak,Ez erretiratuak,,Bizkaia,10.000 biztanleko,75.8
2014,Erizaintzako eta obstetriziako profesionalak,Ez erretiratuak,,Bizkaia,10.000 biztanleko,70.3
2010,Erizaintzako eta obstetriziako profesionalak,Ez erretiratuak,,Bizkaia,10.000 biztanleko,65.4
2013,Erizaintzako eta obstetriziako profesionalak,Ez erretiratuak,,Bizkaia,10.000 biztanleko,69.0
2023,Erizaintzako eta obstetriziako profesionalak,Erretiratuak,,Bizkaia,10.000 biztanleko,0.0
2014,Erizaintzako eta obstetriziako profesionalak,Erretiratuak,,Bizkaia,10.000 biztanleko,0.0
2013,Erizaintzako eta obstetriziako profesionalak,Erretiratuak,,Bizkaia,10.000 biztanleko,0.0
2012,Erizaintzako eta obstetriziako profesionalak,Erretiratuak,,Bizkaia,10.000 biztanleko,0.0
2010,Erizaintzako eta obstetriziako profesionalak,Erretiratuak,,Bizkaia,10.000 biztanleko,0.0
2015,Erizaintzako eta obstetriziako profesionalak,Erretiratuak,,Bizkaia,10.000 biztanleko,0.0
2011,Erizaintzako eta obstetriziako profesionalak,Erretiratuak,,Bizkaia,10.000 biztanleko,0.0
2021,Erizaintzako eta obstetriziako profesionalak,Erretiratuak,,Bizkaia,10.000 biztanleko,0.0
2020,Erizaintzako eta obstetriziako profesionalak,,,Bizkaia,10.000 biztanleko,78.2
2013,Erizaintzako eta obstetriziako profesionalak,,,Bizkaia,10.000 biztanleko,69.0
2010,Erizaintzako eta obstetriziako profesionalak,,,Bizkaia,10.000 biztanleko,65.4
2012,Erizaintzako eta obstetriziako profesionalak,Ez erretiratuak,,Gipuzkoa,10.000 biztanleko,69.9
2014,Erizaintzako eta obstetriziako profesionalak,Ez erretiratuak,,Gipuzkoa,10.000 biztanleko,71.2
2010,Erizaintzako eta obstetriziako profesionalak,Ez erretiratuak,,Gipuzkoa,10.000 biztanleko,69.0
2015,Erizaintzako eta obstetriziako profesionalak,Ez erretiratuak,,Gipuzkoa,10.000 biztanleko,71.9
2022,Erizaintzako eta obstetriziako profesionalak,Ez erretiratuak,,Gipuzkoa,10.000 biztanleko,76.0
2011,Erizaintzako eta obstetriziako profesionalak,,,Gipuzkoa,10.000 biztanleko,70.5
2020,Erizaintzako eta obstetriziako profesionalak,,,Gipuzkoa,10.000 biztanleko,75.2
2016,Erizaintzako eta obstetriziako profesionalak,,,Gipuzkoa,10.000 biztanleko,72.4
2021,Erizaintzako eta obstetriziako profesionalak,Ez erretiratuak,,Gipuzkoa,10.000 biztanleko,75.7
2014,Erizaintzako eta obstetriziako profesionalak,,,Gipuzkoa,10.000 biztanleko,71.2
2015,Erizaintzako eta obstetriziako profesionalak,,,Gipuzkoa,10.000 biztanleko,71.9
2021,Erizaintzako eta obstetriziako profesionalak,,,Gipuzkoa,10.000 biztanleko,75.7
2017,Erizaintzako eta obstetriziako profesionalak,Erretiratuak,,Gipuzkoa,10.000 biztanleko,0.0
2019,Erizaintzako eta obstetriziako profesionalak,,,Gipuzkoa,10.000 biztanleko,73.4
2019,Erizaintzako eta obstetriziako profesionalak,Erretiratuak,,Gipuzkoa,10.000 biztanleko,0.0
2023,Erizaintzako eta obstetriziako profesionalak,Erretiratuak,,Gipuzkoa,10.000 biztanleko,25.5
2013,Erizaintzako eta obstetriziako profesionalak,,,Gipuzkoa,10.000 biztanleko,69.9
2015,Erizaintzako eta obstetriziako profesionalak,Erretiratuak,,Gipuzkoa,10.000 biztanleko,0.0
2020,Erizaintzako eta obstetriziako profesionalak,Ez erretiratuak,,Gipuzkoa,10.000 biztanleko,75.2
2023,Erizaintzako eta obstetriziako profesionalak,Ez erretiratuak,,Gipuzkoa,10.000 biztanleko,77.2
2019,Erizaintzako eta obstetriziako profesionalak,Ez erretiratuak,,Gipuzkoa,10.000 biztanleko,73.4
2024,Erizaintzako eta obstetriziako profesionalak,Ez erretiratuak,,Gipuzkoa,10.000 biztanleko,78.4
2016,Erizaintzako eta obstetriziako profesionalak,Ez erretiratuak,,Gipuzkoa,10.000 biztanleko,72.4
2018,Erizaintzako eta obstetriziako profesionalak,Ez erretiratuak,,Gipuzkoa,10.000 biztanleko,72.0
2013,Erizaintzako eta obstetriziako profesionalak,Ez erretiratuak,,Gipuzkoa,10.000 biztanleko,69.9
2011,Erizaintzako eta obstetriziako profesionalak,Ez erretiratuak,,Gipuzkoa,10.000 biztanleko,70.5
2024,Erizaintzako eta obstetriziako profesionalak,Erretiratuak,,Gipuzkoa,10.000 biztanleko,20.2
2022,Erizaintzako eta obstetriziako profesionalak,Erretiratuak,,Gipuzkoa,10.000 biztanleko,0.0
2021,Erizaintzako eta obstetriziako profesionalak,Erretiratuak,,Gipuzkoa,10.000 biztanleko,0.0
2018,Erizaintzako eta obstetriziako profesionalak,Erretiratuak,,Gipuzkoa,10.000 biztanleko,0.0
2020,Erizaintzako eta obstetriziako profesionalak,Erretiratuak,,Gipuzkoa,10.000 biztanleko,0.0
2024,Erizaintzako eta obstetriziako profesionalak,,,Gipuzkoa,10.000 biztanleko,98.6
2012,Erizaintzako eta obstetriziako profesionalak,,,Gipuzkoa,10.000 biztanleko,69.9
2013,Erizaintzako eta obstetriziako profesionalak,Erretiratuak,,Gipuzkoa,10.000 biztanleko,0.0
2011,Erizaintzako eta obstetriziako profesionalak,Erretiratuak,,Gipuzkoa,10.000 biztanleko,0.0
2017,Erizaintzako eta obstetriziako profesionalak,,,Gipuzkoa,10.000 biztanleko,72.1
2016,Erizaintzako eta obstetriziako profesionalak,Erretiratuak,,Gipuzkoa,10.000 biztanleko,0.0
2010,Erizaintzako eta obstetriziako profesionalak,Erretiratuak,,Gipuzkoa,10.000 biztanleko,0.0
2012,Erizaintzako eta obstetriziako profesionalak,Erretiratuak,,Gipuzkoa,10.000 biztanleko,0.0
2014,Erizaintzako eta obstetriziako profesionalak,Erretiratuak,,Gipuzkoa,10.000 biztanleko,0.0
2023,Erizaintzako eta obstetriziako profesionalak,,,Gipuzkoa,10.000 biztanleko,102.8
2010,Erizaintzako eta obstetriziako profesionalak,,,Gipuzkoa,10.000 biztanleko,69.0
2022,Erizaintzako eta obstetriziako profesionalak,,,Gipuzkoa,10.000 biztanleko,76.0
2017,Erizaintzako eta obstetriziako profesionalak,Ez erretiratuak,,Gipuzkoa,10.000 biztanleko,72.1
2018,Erizaintzako eta obstetriziako profesionalak,,,Gipuzkoa,10.000 biztanleko,72.0
2015,Erizaintzako eta obstetriziako profesionalak,,Emakumea,,10.000 biztanleko,129.6
2012,Erizaintzako eta obstetriziako profesionalak,Erretiratuak,Emakumea,,10.000 biztanleko,0.2
2012,Erizaintzako eta obstetriziako profesionalak,,Emakumea,,10.000 biztanleko,123.5
2014,Erizaintzako eta obstetriziako profesionalak,Erretiratuak,Emakumea,,10.000 biztanleko,0.0
2021,Erizaintzako eta obstetriziako profesionalak,Ez erretiratuak,Emakumea,,10.000 biztanleko,137.2
2014,Erizaintzako eta obstetriziako profesionalak,,Emakumea,,10.000 biztanleko,127.3
2024,Erizaintzako eta obstetriziako profesionalak,Erretiratuak,Emakumea,,10.000 biztanleko,12.2
2011,Erizaintzako eta obstetriziako profesionalak,Erretiratuak,Emakumea,,10.000 biztanleko,0.4
2012,Erizaintzako eta obstetriziako profesionalak,Ez erretiratuak,Emakumea,,10.000 biztanleko,123.3
2013,Erizaintzako eta obstetriziako profesionalak,Erretiratuak,Emakumea,,10.000 biztanleko,0.1
2024,Erizaintzako eta obstetriziako profesionalak,,Emakumea,,10.000 biztanleko,152.8
2022,Erizaintzako eta obstetriziako profesionalak,Erretiratuak,Emakumea,,10.000 biztanleko,0.1
2018,Erizaintzako eta obstetriziako profesionalak,,Emakumea,,10.000 biztanleko,132.7
2010,Erizaintzako eta obstetriziako profesionalak,,Emakumea,,10.000 biztanleko,120.9
2015,Erizaintzako eta obstetriziako profesionalak,Ez erretiratuak,Emakumea,,10.000 biztanleko,129.5
2017,Erizaintzako eta obstetriziako profesionalak,,Emakumea,,10.000 biztanleko,131.8
2023,Erizaintzako eta obstetriziako profesionalak,,Emakumea,,10.000 biztanleko,153.7
2018,Erizaintzako eta obstetriziako profesionalak,Ez erretiratuak,Emakumea,,10.000 biztanleko,132.6
2021,Erizaintzako eta obstetriziako profesionalak,,Emakumea,,10.000 biztanleko,137.3
2010,Erizaintzako eta obstetriziako profesionalak,Erretiratuak,Emakumea,,10.000 biztanleko,0.2
2016,Erizaintzako eta obstetriziako profesionalak,Ez erretiratuak,Emakumea,,10.000 biztanleko,130.8
2023,Erizaintzako eta obstetriziako profesionalak,Ez erretiratuak,Emakumea,,10.000 biztanleko,139.0
2016,Erizaintzako eta obstetriziako profesionalak,,Emakumea,,10.000 biztanleko,130.9
2016,Erizaintzako eta obstetriziako profesionalak,Erretiratuak,Emakumea,,10.000 biztanleko,0.1
2020,Erizaintzako eta obstetriziako profesionalak,,Emakumea,,10.000 biztanleko,136.2
2022,Erizaintzako eta obstetriziako profesionalak,Ez erretiratuak,Emakumea,,10.000 biztanleko,137.3
2014,Erizaintzako eta obstetriziako profesionalak,Ez erretiratuak,Emakumea,,10.000 biztanleko,127.3
2011,Erizaintzako eta obstetriziako profesionalak,Ez erretiratuak,Emakumea,,10.000 biztanleko,122.4
2021,Erizaintzako eta obstetriziako profesionalak,Erretiratuak,Emakumea,,10.000 biztanleko,0.1
2018,Erizaintzako eta obstetriziako profesionalak,Erretiratuak,Emakumea,,10.000 biztanleko,0.1
2017,Erizaintzako eta obstetriziako profesionalak,Ez erretiratuak,Emakumea,,10.000 biztanleko,131.7
2019,Erizaintzako eta obstetriziako profesionalak,Ez erretiratuak,Emakumea,,10.000 biztanleko,133.2
2013,Erizaintzako eta obstetriziako profesionalak,,Emakumea,,10.000 biztanleko,125.0
2023,Erizaintzako eta obstetriziako profesionalak,Erretiratuak,Emakumea,,10.000 biztanleko,14.6
2015,Erizaintzako eta obstetriziako profesionalak,Erretiratuak,Emakumea,,10.000 biztanleko,0.1
2019,Erizaintzako eta obstetriziako profesionalak,Erretiratuak,Emakumea,,10.000 biztanleko,0.1
2020,Erizaintzako eta obstetriziako profesionalak,Erretiratuak,Emakumea,,10.000 biztanleko,0.1
2022,Erizaintzako eta obstetriziako profesionalak,,Emakumea,,10.000 biztanleko,137.4
2010,Erizaintzako eta obstetriziako profesionalak,Ez erretiratuak,Emakumea,,10.000 biztanleko,120.7
2011,Erizaintzako eta obstetriziako profesionalak,,Emakumea,,10.000 biztanleko,122.8
2024,Erizaintzako eta obstetriziako profesionalak,Ez erretiratuak,Emakumea,,10.000 biztanleko,140.6
2020,Erizaintzako eta obstetriziako profesionalak,Ez erretiratuak,Emakumea,,10.000 biztanleko,136.1
2019,Erizaintzako eta obstetriziako profesionalak,,Emakumea,,10.000 biztanleko,133.3
2017,Erizaintzako eta obstetriziako profesionalak,Erretiratuak,Emakumea,,10.000 biztanleko,0.1
2013,Erizaintzako eta obstetriziako profesionalak,Ez erretiratuak,Emakumea,,10.000 biztanleko,124.8
2012,Erizaintzako eta obstetriziako profesionalak,,Emakumea,Araba / Álava,10.000 biztanleko,142.7
2022,Erizaintzako eta obstetriziako profesionalak,,Emakumea,Araba / Álava,10.000 biztanleko,154.9
2024,Erizaintzako eta obstetriziako profesionalak,,Emakumea,Araba / Álava,10.000 biztanleko,154.2
2010,Erizaintzako eta obstetriziako profesionalak,,Emakumea,Araba / Álava,10.000 biztanleko,137.3
2020,Erizaintzako eta obstetriziako profesionalak,Ez erretiratuak,Emakumea,Araba / Álava,10.000 biztanleko,154.1
2023,Erizaintzako eta obstetriziako profesionalak,Erretiratuak,Emakumea,Araba / Álava,10.000 biztanleko,0.7
2014,Erizaintzako eta obstetriziako profesionalak,Erretiratuak,Emakumea,Araba / Álava,10.000 biztanleko,0.2
2022,Erizaintzako eta obstetriziako profesionalak,Erretiratuak,Emakumea,Araba / Álava,10.000 biztanleko,0.6
2016,Erizaintzako eta obstetriziako profesionalak,Erretiratuak,Emakumea,Araba / Álava,10.000 biztanleko,0.7
2023,Erizaintzako eta obstetriziako profesionalak,,Emakumea,Araba / Álava,10.000 biztanleko,155.2
2024,Erizaintzako eta obstetriziako profesionalak,Erretiratuak,Emakumea,Araba / Álava,10.000 biztanleko,1.7
2018,Erizaintzako eta obstetriziako profesionalak,,Emakumea,Araba / Álava,10.000 biztanleko,155.1
2010,Erizaintzako eta obstetriziako profesionalak,Erretiratuak,Emakumea,Araba / Álava,10.000 biztanleko,1.1
2021,Erizaintzako eta obstetriziako profesionalak,Erretiratuak,Emakumea,Araba / Álava,10.000 biztanleko,0.6
2011,Erizaintzako eta obstetriziako profesionalak,Erretiratuak,Emakumea,Araba / Álava,10.000 biztanleko,2.7
2019,Erizaintzako eta obstetriziako profesionalak,Erretiratuak,Emakumea,Araba / Álava,10.000 biztanleko,0.4
2017,Erizaintzako eta obstetriziako profesionalak,,Emakumea,Araba / Álava,10.000 biztanleko,153.4
2018,Erizaintzako eta obstetriziako profesionalak,Erretiratuak,Emakumea,Araba / Álava,10.000 biztanleko,0.5
2011,Erizaintzako eta obstetriziako profesionalak,,Emakumea,Araba / Álava,10.000 biztanleko,140.3
2015,Erizaintzako eta obstetriziako profesionalak,,Emakumea,Araba / Álava,10.000 biztanleko,149.5
2012,Erizaintzako eta obstetriziako profesionalak,Erretiratuak,Emakumea,Araba / Álava,10.000 biztanleko,1.1
2014,Erizaintzako eta obstetriziako profesionalak,,Emakumea,Araba / Álava,10.000 biztanleko,146.3
2013,Erizaintzako eta obstetriziako profesionalak,,Emakumea,Araba / Álava,10.000 biztanleko,143.0
2021,Erizaintzako eta obstetriziako profesionalak,,Emakumea,Araba / Álava,10.000 biztanleko,155.0
2020,Erizaintzako eta obstetriziako profesionalak,,Emakumea,Araba / Álava,10.000 biztanleko,154.7
2010,Erizaintzako eta obstetriziako profesionalak,Ez erretiratuak,Emakumea,Araba / Álava,10.000 biztanleko,136.2
2015,Erizaintzako eta obstetriziako profesionalak,Erretiratuak,Emakumea,Araba / Álava,10.000 biztanleko,1.0
2013,Erizaintzako eta obstetriziako profesionalak,Erretiratuak,Emakumea,Araba / Álava,10.000 biztanleko,0.8
2024,Erizaintzako eta obstetriziako profesionalak,Ez erretiratuak,Emakumea,Araba / Álava,10.000 biztanleko,152.4
2019,Erizaintzako eta obstetriziako profesionalak,,Emakumea,Araba / Álava,10.000 biztanleko,152.3
2018,Erizaintzako eta obstetriziako profesionalak,Ez erretiratuak,Emakumea,Araba / Álava,10.000 biztanleko,154.6
2021,Erizaintzako eta obstetriziako profesionalak,Ez erretiratuak,Emakumea,Araba / Álava,10.000 biztanleko,154.4
2016,Erizaintzako eta obstetriziako profesionalak,,Emakumea,Araba / Álava,10.000 biztanleko,151.0
2011,Erizaintzako eta obstetriziako profesionalak,Ez erretiratuak,Emakumea,Araba / Álava,10.000 biztanleko,137.6
2023,Erizaintzako eta obstetriziako profesionalak,Ez erretiratuak,Emakumea,Araba / Álava,10.000 biztanleko,154.5
2016,Erizaintzako eta obstetriziako profesionalak,Ez erretiratuak,Emakumea,Araba / Álava,10.000 biztanleko,150.3
2015,Erizaintzako eta obstetriziako profesionalak,Ez erretiratuak,Emakumea,Araba / Álava,10.000 biztanleko,148.5
2017,Erizaintzako eta obstetriziako profesionalak,Ez erretiratuak,Emakumea,Araba / Álava,10.000 biztanleko,152.9
2012,Erizaintzako eta obstetriziako profesionalak,Ez erretiratuak,Emakumea,Araba / Álava,10.000 biztanleko,141.5
2014,Erizaintzako eta obstetriziako profesionalak,Ez erretiratuak,Emakumea,Araba / Álava,10.000 biztanleko,146.1
2022,Erizaintzako eta obstetriziako profesionalak,Ez erretiratuak,Emakumea,Araba / Álava,10.000 biztanleko,154.2
2019,Erizaintzako eta obstetriziako profesionalak,Ez erretiratuak,Emakumea,Araba / Álava,10.000 biztanleko,152.0
2020,Erizaintzako eta obstetriziako profesionalak,Erretiratuak,Emakumea,Araba / Álava,10.000 biztanleko,0.6
2017,Erizaintzako eta obstetriziako profesionalak,Erretiratuak,Emakumea,Araba / Álava,10.000 biztanleko,0.5
2013,Erizaintzako eta obstetriziako profesionalak,Ez erretiratuak,Emakumea,Araba / Álava,10.000 biztanleko,142.2
2013,Erizaintzako eta obstetriziako profesionalak,,Emakumea,Bizkaia,10.000 biztanleko,118.2
2020,Erizaintzako eta obstetriziako profesionalak,,Emakumea,Bizkaia,10.000 biztanleko,131.5
2014,Erizaintzako eta obstetriziako profesionalak,,Emakumea,Bizkaia,10.000 biztanleko,120.3
2011,Erizaintzako eta obstetriziako profesionalak,,Emakumea,Bizkaia,10.000 biztanleko,116.4
2017,Erizaintzako eta obstetriziako profesionalak,,Emakumea,Bizkaia,10.000 biztanleko,126.3
2021,Erizaintzako eta obstetriziako profesionalak,,Emakumea,Bizkaia,10.000 biztanleko,132.8
2016,Erizaintzako eta obstetriziako profesionalak,Erretiratuak,Emakumea,Bizkaia,10.000 biztanleko,0.0
2012,Erizaintzako eta obstetriziako profesionalak,,Emakumea,Bizkaia,10.000 biztanleko,117.6
2012,Erizaintzako eta obstetriziako profesionalak,Erretiratuak,Emakumea,Bizkaia,10.000 biztanleko,0.0
2017,Erizaintzako eta obstetriziako profesionalak,Ez erretiratuak,Emakumea,Bizkaia,10.000 biztanleko,126.3
2014,Erizaintzako eta obstetriziako profesionalak,Ez erretiratuak,Emakumea,Bizkaia,10.000 biztanleko,120.3
2024,Erizaintzako eta obstetriziako profesionalak,,Emakumea,Bizkaia,10.000 biztanleko,137.0
2012,Erizaintzako eta obstetriziako profesionalak,Ez erretiratuak,Emakumea,Bizkaia,10.000 biztanleko,117.6
2022,Erizaintzako eta obstetriziako profesionalak,,Emakumea,Bizkaia,10.000 biztanleko,132.8
2018,Erizaintzako eta obstetriziako profesionalak,,Emakumea,Bizkaia,10.000 biztanleko,127.7
2019,Erizaintzako eta obstetriziako profesionalak,,Emakumea,Bizkaia,10.000 biztanleko,128.3
2014,Erizaintzako eta obstetriziako profesionalak,Erretiratuak,Emakumea,Bizkaia,10.000 biztanleko,0.0
2023,Erizaintzako eta obstetriziako profesionalak,Erretiratuak,Emakumea,Bizkaia,10.000 biztanleko,0.0
2021,Erizaintzako eta obstetriziako profesionalak,Erretiratuak,Emakumea,Bizkaia,10.000 biztanleko,0.0
2022,Erizaintzako eta obstetriziako profesionalak,Erretiratuak,Emakumea,Bizkaia,10.000 biztanleko,0.0
2024,Erizaintzako eta obstetriziako profesionalak,Erretiratuak,Emakumea,Bizkaia,10.000 biztanleko,0.0
2018,Erizaintzako eta obstetriziako profesionalak,Erretiratuak,Emakumea,Bizkaia,10.000 biztanleko,0.0
2016,Erizaintzako eta obstetriziako profesionalak,,Emakumea,Bizkaia,10.000 biztanleko,124.8
2010,Erizaintzako eta obstetriziako profesionalak,,Emakumea,Bizkaia,10.000 biztanleko,112.4
2024,Erizaintzako eta obstetriziako profesionalak,Ez erretiratuak,Emakumea,Bizkaia,10.000 biztanleko,137.0
2022,Erizaintzako eta obstetriziako profesionalak,Ez erretiratuak,Emakumea,Bizkaia,10.000 biztanleko,132.8
2021,Erizaintzako eta obstetriziako profesionalak,Ez erretiratuak,Emakumea,Bizkaia,10.000 biztanleko,132.8
2020,Erizaintzako eta obstetriziako profesionalak,Ez erretiratuak,Emakumea,Bizkaia,10.000 biztanleko,131.5
2016,Erizaintzako eta obstetriziako profesionalak,Ez erretiratuak,Emakumea,Bizkaia,10.000 biztanleko,124.8
2018,Erizaintzako eta obstetriziako profesionalak,Ez erretiratuak,Emakumea,Bizkaia,10.000 biztanleko,127.7
2023,Erizaintzako eta obstetriziako profesionalak,Ez erretiratuak,Emakumea,Bizkaia,10.000 biztanleko,135.0
2015,Erizaintzako eta obstetriziako profesionalak,Ez erretiratuak,Emakumea,Bizkaia,10.000 biztanleko,123.2
2019,Erizaintzako eta obstetriziako profesionalak,Ez erretiratuak,Emakumea,Bizkaia,10.000 biztanleko,128.3
2013,Erizaintzako eta obstetriziako profesionalak,Ez erretiratuak,Emakumea,Bizkaia,10.000 biztanleko,118.2
2010,Erizaintzako eta obstetriziako profesionalak,Ez erretiratuak,Emakumea,Bizkaia,10.000 biztanleko,112.4
2013,Erizaintzako eta obstetriziako profesionalak,Erretiratuak,Emakumea,Bizkaia,10.000 biztanleko,0.0
2017,Erizaintzako eta obstetriziako profesionalak,Erretiratuak,Emakumea,Bizkaia,10.000 biztanleko,0.0
2011,Erizaintzako eta obstetriziako profesionalak,Erretiratuak,Emakumea,Bizkaia,10.000 biztanleko,0.0
2015,Erizaintzako eta obstetriziako profesionalak,Erretiratuak,Emakumea,Bizkaia,10.000 biztanleko,0.0
2020,Erizaintzako eta obstetriziako profesionalak,Erretiratuak,Emakumea,Bizkaia,10.000 biztanleko,0.0
2019,Erizaintzako eta obstetriziako profesionalak,Erretiratuak,Emakumea,Bizkaia,10.000 biztanleko,0.0
2010,Erizaintzako eta obstetriziako profesionalak,Erretiratuak,Emakumea,Bizkaia,10.000 biztanleko,0.0
2015,Erizaintzako eta obstetriziako profesionalak,,Emakumea,Bizkaia,10.000 biztanleko,123.2
2023,Erizaintzako eta obstetriziako profesionalak,,Emakumea,Bizkaia,10.000 biztanleko,135.0
2011,Erizaintzako eta obstetriziako profesionalak,Ez erretiratuak,Emakumea,Bizkaia,10.000 biztanleko,116.4
2010,Erizaintzako eta obstetriziako profesionalak,,Emakumea,Gipuzkoa,10.000 biztanleko,127.6
2011,Erizaintzako eta obstetriziako profesionalak,Erretiratuak,Emakumea,Gipuzkoa,10.000 biztanleko,0.0
2015,Erizaintzako eta obstetriziako profesionalak,Erretiratuak,Emakumea,Gipuzkoa,10.000 biztanleko,0.0
2013,Erizaintzako eta obstetriziako profesionalak,Erretiratuak,Emakumea,Gipuzkoa,10.000 biztanleko,0.0
2019,Erizaintzako eta obstetriziako profesionalak,Erretiratuak,Emakumea,Gipuzkoa,10.000 biztanleko,0.0
2017,Erizaintzako eta obstetriziako profesionalak,,Emakumea,Gipuzkoa,10.000 biztanleko,131.0
2022,Erizaintzako eta obstetriziako profesionalak,Erretiratuak,Emakumea,Gipuzkoa,10.000 biztanleko,0.0
2014,Erizaintzako eta obstetriziako profesionalak,Erretiratuak,Emakumea,Gipuzkoa,10.000 biztanleko,0.0
2020,Erizaintzako eta obstetriziako profesionalak,Erretiratuak,Emakumea,Gipuzkoa,10.000 biztanleko,0.0
2021,Erizaintzako eta obstetriziako profesionalak,Erretiratuak,Emakumea,Gipuzkoa,10.000 biztanleko,0.0
2016,Erizaintzako eta obstetriziako profesionalak,Erretiratuak,Emakumea,Gipuzkoa,10.000 biztanleko,0.0
2018,Erizaintzako eta obstetriziako profesionalak,Erretiratuak,Emakumea,Gipuzkoa,10.000 biztanleko,0.0
2012,Erizaintzako eta obstetriziako profesionalak,Erretiratuak,Emakumea,Gipuzkoa,10.000 biztanleko,0.0
2017,Erizaintzako eta obstetriziako profesionalak,Erretiratuak,Emakumea,Gipuzkoa,10.000 biztanleko,0.0
2016,Erizaintzako eta obstetriziako profesionalak,,Emakumea,Gipuzkoa,10.000 biztanleko,131.7
2021,Erizaintzako eta obstetriziako profesionalak,,Emakumea,Gipuzkoa,10.000 biztanleko,136.4
2019,Erizaintzako eta obstetriziako profesionalak,,Emakumea,Gipuzkoa,10.000 biztanleko,132.8
2023,Erizaintzako eta obstetriziako profesionalak,,Emakumea,Gipuzkoa,10.000 biztanleko,183.0
2013,Erizaintzako eta obstetriziako profesionalak,,Emakumea,Gipuzkoa,10.000 biztanleko,128.0
2015,Erizaintzako eta obstetriziako profesionalak,,Emakumea,Gipuzkoa,10.000 biztanleko,131.2
2021,Erizaintzako eta obstetriziako profesionalak,Ez erretiratuak,Emakumea,Gipuzkoa,10.000 biztanleko,136.4
2020,Erizaintzako eta obstetriziako profesionalak,Ez erretiratuak,Emakumea,Gipuzkoa,10.000 biztanleko,135.5
2022,Erizaintzako eta obstetriziako profesionalak,Ez erretiratuak,Emakumea,Gipuzkoa,10.000 biztanleko,136.6
2018,Erizaintzako eta obstetriziako profesionalak,Ez erretiratuak,Emakumea,Gipuzkoa,10.000 biztanleko,130.5
2024,Erizaintzako eta obstetriziako profesionalak,Ez erretiratuak,Emakumea,Gipuzkoa,10.000 biztanleko,141.0
2012,Erizaintzako eta obstetriziako profesionalak,Ez erretiratuak,Emakumea,Gipuzkoa,10.000 biztanleko,124.7
2011,Erizaintzako eta obstetriziako profesionalak,Ez erretiratuak,Emakumea,Gipuzkoa,10.000 biztanleko,125.6
2017,Erizaintzako eta obstetriziako profesionalak,Ez erretiratuak,Emakumea,Gipuzkoa,10.000 biztanleko,131.0
2015,Erizaintzako eta obstetriziako profesionalak,Ez erretiratuak,Emakumea,Gipuzkoa,10.000 biztanleko,131.2
2010,Erizaintzako eta obstetriziako profesionalak,Ez erretiratuak,Emakumea,Gipuzkoa,10.000 biztanleko,127.6
2018,Erizaintzako eta obstetriziako profesionalak,,Emakumea,Gipuzkoa,10.000 biztanleko,130.5
2013,Erizaintzako eta obstetriziako profesionalak,Ez erretiratuak,Emakumea,Gipuzkoa,10.000 biztanleko,128.0
2014,Erizaintzako eta obstetriziako profesionalak,Ez erretiratuak,Emakumea,Gipuzkoa,10.000 biztanleko,130.3
2019,Erizaintzako eta obstetriziako profesionalak,Ez erretiratuak,Emakumea,Gipuzkoa,10.000 biztanleko,132.8
2010,Erizaintzako eta obstetriziako profesionalak,Erretiratuak,Emakumea,Gipuzkoa,10.000 biztanleko,0.0
2023,Erizaintzako eta obstetriziako profesionalak,Erretiratuak,Emakumea,Gipuzkoa,10.000 biztanleko,44.6
2016,Erizaintzako eta obstetriziako profesionalak,Ez erretiratuak,Emakumea,Gipuzkoa,10.000 biztanleko,131.7
2024,Erizaintzako eta obstetriziako profesionalak,Erretiratuak,Emakumea,Gipuzkoa,10.000 biztanleko,36.9
2023,Erizaintzako eta obstetriziako profesionalak,Ez erretiratuak,Emakumea,Gipuzkoa,10.000 biztanleko,138.4
2012,Erizaintzako eta obstetriziako profesionalak,,Emakumea,Gipuzkoa,10.000 biztanleko,124.7
2024,Erizaintzako eta obstetriziako profesionalak,,Emakumea,Gipuzkoa,10.000 biztanleko,177.8
2020,Erizaintzako eta obstetriziako profesionalak,,Emakumea,Gipuzkoa,10.000 biztanleko,135.5
2011,Erizaintzako eta obstetriziako profesionalak,,Emakumea,Gipuzkoa,10.000 biztanleko,125.6
2014,Erizaintzako eta obstetriziako profesionalak,,Emakumea,Gipuzkoa,10.000 biztanleko,130.3
2022,Erizaintzako eta obstetriziako profesionalak,,Emakumea,Gipuzkoa,10.000 biztanleko,136.6
2021,Erizaintzako eta obstetriziako profesionalak,Ez erretiratuak,Gizona,,10.000 biztanleko,17.9
2020,Erizaintzako eta obstetriziako profesionalak,,Gizona,,10.000 biztanleko,17.5
2023,Erizaintzako eta obstetriziako profesionalak,,Gizona,,10.000 biztanleko,20.8
2010,Erizaintzako eta obstetriziako profesionalak,,Gizona,,10.000 biztanleko,12.5
2020,Erizaintzako eta obstetriziako profesionalak,Erretiratuak,Gizona,,10.000 biztanleko,0.0
2015,Erizaintzako eta obstetriziako profesionalak,Erretiratuak,Gizona,,10.000 biztanleko,0.0
2016,Erizaintzako eta obstetriziako profesionalak,Erretiratuak,Gizona,,10.000 biztanleko,0.0
2013,Erizaintzako eta obstetriziako profesionalak,,Gizona,,10.000 biztanleko,13.5
2015,Erizaintzako eta obstetriziako profesionalak,,Gizona,,10.000 biztanleko,14.3
2023,Erizaintzako eta obstetriziako profesionalak,Erretiratuak,Gizona,,10.000 biztanleko,1.8
2014,Erizaintzako eta obstetriziako profesionalak,Erretiratuak,Gizona,,10.000 biztanleko,0.0
2018,Erizaintzako eta obstetriziako profesionalak,,Gizona,,10.000 biztanleko,15.5
2012,Erizaintzako eta obstetriziako profesionalak,,Gizona,,10.000 biztanleko,14.5
2011,Erizaintzako eta obstetriziako profesionalak,,Gizona,,10.000 biztanleko,14.4
2013,Erizaintzako eta obstetriziako profesionalak,Erretiratuak,Gizona,,10.000 biztanleko,0.0
2012,Erizaintzako eta obstetriziako profesionalak,Erretiratuak,Gizona,,10.000 biztanleko,0.0
2019,Erizaintzako eta obstetriziako profesionalak,Erretiratuak,Gizona,,10.000 biztanleko,0.0
2017,Erizaintzako eta obstetriziako profesionalak,Erretiratuak,Gizona,,10.000 biztanleko,0.0
2021,Erizaintzako eta obstetriziako profesionalak,Erretiratuak,Gizona,,10.000 biztanleko,0.0
2024,Erizaintzako eta obstetriziako profesionalak,,Gizona,,10.000 biztanleko,20.2
2022,Erizaintzako eta obstetriziako profesionalak,Erretiratuak,Gizona,,10.000 biztanleko,0.0
2010,Erizaintzako eta obstetriziako profesionalak,Erretiratuak,Gizona,,10.000 biztanleko,0.0
2024,Erizaintzako eta obstetriziako profesionalak,Erretiratuak,Gizona,,10.000 biztanleko,0.9
2022,Erizaintzako eta obstetriziako profesionalak,,Gizona,,10.000 biztanleko,18.2
2017,Erizaintzako eta obstetriziako profesionalak,,Gizona,,10.000 biztanleko,15.1
2021,Erizaintzako eta obstetriziako profesionalak,,Gizona,,10.000 biztanleko,17.9
2014,Erizaintzako eta obstetriziako profesionalak,,Gizona,,10.000 biztanleko,13.9
2011,Erizaintzako eta obstetriziako profesionalak,Erretiratuak,Gizona,,10.000 biztanleko,0.0
2018,Erizaintzako eta obstetriziako profesionalak,Erretiratuak,Gizona,,10.000 biztanleko,0.0
2012,Erizaintzako eta obstetriziako profesionalak,Ez erretiratuak,Gizona,,10.000 biztanleko,14.5
2016,Erizaintzako eta obstetriziako profesionalak,Ez erretiratuak,Gizona,,10.000 biztanleko,14.8
2014,Erizaintzako eta obstetriziako profesionalak,Ez erretiratuak,Gizona,,10.000 biztanleko,13.9
2016,Erizaintzako eta obstetriziako profesionalak,,Gizona,,10.000 biztanleko,14.8
2019,Erizaintzako eta obstetriziako profesionalak,,Gizona,,10.000 biztanleko,16.3
2015,Erizaintzako eta obstetriziako profesionalak,Ez erretiratuak,Gizona,,10.000 biztanleko,14.3
2017,Erizaintzako eta obstetriziako profesionalak,Ez erretiratuak,Gizona,,10.000 biztanleko,15.1
2010,Erizaintzako eta obstetriziako profesionalak,Ez erretiratuak,Gizona,,10.000 biztanleko,12.5
2024,Erizaintzako eta obstetriziako profesionalak,Ez erretiratuak,Gizona,,10.000 biztanleko,19.3
2019,Erizaintzako eta obstetriziako profesionalak,Ez erretiratuak,Gizona,,10.000 biztanleko,16.3
2013,Erizaintzako eta obstetriziako profesionalak,Ez erretiratuak,Gizona,,10.000 biztanleko,13.5
2023,Erizaintzako eta obstetriziako profesionalak,Ez erretiratuak,Gizona,,10.000 biztanleko,18.9
2022,Erizaintzako eta obstetriziako profesionalak,Ez erretiratuak,Gizona,,10.000 biztanleko,18.2
2018,Erizaintzako eta obstetriziako profesionalak,Ez erretiratuak,Gizona,,10.000 biztanleko,15.5
2020,Erizaintzako eta obstetriziako profesionalak,Ez erretiratuak,Gizona,,10.000 biztanleko,17.5
2011,Erizaintzako eta obstetriziako profesionalak,Ez erretiratuak,Gizona,,10.000 biztanleko,14.4
2024,Erizaintzako eta obstetriziako profesionalak,Ez erretiratuak,Gizona,Araba / Álava,10.000 biztanleko,20.6
2016,Erizaintzako eta obstetriziako profesionalak,Erretiratuak,Gizona,Araba / Álava,10.000 biztanleko,0.1
2019,Erizaintzako eta obstetriziako profesionalak,Erretiratuak,Gizona,Araba / Álava,10.000 biztanleko,0.1
2013,Erizaintzako eta obstetriziako profesionalak,Erretiratuak,Gizona,Araba / Álava,10.000 biztanleko,0.0
2017,Erizaintzako eta obstetriziako profesionalak,Erretiratuak,Gizona,Araba / Álava,10.000 biztanleko,0.0
2020,Erizaintzako eta obstetriziako profesionalak,Erretiratuak,Gizona,Araba / Álava,10.000 biztanleko,0.1
2021,Erizaintzako eta obstetriziako profesionalak,Erretiratuak,Gizona,Araba / Álava,10.000 biztanleko,0.1
2018,Erizaintzako eta obstetriziako profesionalak,,Gizona,Araba / Álava,10.000 biztanleko,16.2
2014,Erizaintzako eta obstetriziako profesionalak,Erretiratuak,Gizona,Araba / Álava,10.000 biztanleko,0.1
2014,Erizaintzako eta obstetriziako profesionalak,,Gizona,Araba / Álava,10.000 biztanleko,13.6
2021,Erizaintzako eta obstetriziako profesionalak,,Gizona,Araba / Álava,10.000 biztanleko,19.5
2013,Erizaintzako eta obstetriziako profesionalak,,Gizona,Araba / Álava,10.000 biztanleko,12.7
2012,Erizaintzako eta obstetriziako profesionalak,,Gizona,Araba / Álava,10.000 biztanleko,12.5
2016,Erizaintzako eta obstetriziako profesionalak,,Gizona,Araba / Álava,10.000 biztanleko,14.8
2011,Erizaintzako eta obstetriziako profesionalak,,Gizona,Araba / Álava,10.000 biztanleko,12.2
2020,Erizaintzako eta obstetriziako profesionalak,,Gizona,Araba / Álava,10.000 biztanleko,18.0
2015,Erizaintzako eta obstetriziako profesionalak,,Gizona,Araba / Álava,10.000 biztanleko,13.9
2019,Erizaintzako eta obstetriziako profesionalak,,Gizona,Araba / Álava,10.000 biztanleko,17.0
2022,Erizaintzako eta obstetriziako profesionalak,Erretiratuak,Gizona,Araba / Álava,10.000 biztanleko,0.1
2010,Erizaintzako eta obstetriziako profesionalak,Erretiratuak,Gizona,Araba / Álava,10.000 biztanleko,0.0
2012,Erizaintzako eta obstetriziako profesionalak,Erretiratuak,Gizona,Araba / Álava,10.000 biztanleko,0.1
2011,Erizaintzako eta obstetriziako profesionalak,Erretiratuak,Gizona,Araba / Álava,10.000 biztanleko,0.1
2015,Erizaintzako eta obstetriziako profesionalak,Erretiratuak,Gizona,Araba / Álava,10.000 biztanleko,0.1
2022,Erizaintzako eta obstetriziako profesionalak,Ez erretiratuak,Gizona,Araba / Álava,10.000 biztanleko,19.4
2010,Erizaintzako eta obstetriziako profesionalak,,Gizona,Araba / Álava,10.000 biztanleko,12.2
2023,Erizaintzako eta obstetriziako profesionalak,,Gizona,Araba / Álava,10.000 biztanleko,20.1
2017,Erizaintzako eta obstetriziako profesionalak,,Gizona,Araba / Álava,10.000 biztanleko,15.4
2023,Erizaintzako eta obstetriziako profesionalak,Ez erretiratuak,Gizona,Araba / Álava,10.000 biztanleko,19.9
2020,Erizaintzako eta obstetriziako profesionalak,Ez erretiratuak,Gizona,Araba / Álava,10.000 biztanleko,17.9
2021,Erizaintzako eta obstetriziako profesionalak,Ez erretiratuak,Gizona,Araba / Álava,10.000 biztanleko,19.4
2014,Erizaintzako eta obstetriziako profesionalak,Ez erretiratuak,Gizona,Araba / Álava,10.000 biztanleko,13.6
2011,Erizaintzako eta obstetriziako profesionalak,Ez erretiratuak,Gizona,Araba / Álava,10.000 biztanleko,12.0
2013,Erizaintzako eta obstetriziako profesionalak,Ez erretiratuak,Gizona,Araba / Álava,10.000 biztanleko,12.7
2018,Erizaintzako eta obstetriziako profesionalak,Ez erretiratuak,Gizona,Araba / Álava,10.000 biztanleko,16.2
2016,Erizaintzako eta obstetriziako profesionalak,Ez erretiratuak,Gizona,Araba / Álava,10.000 biztanleko,14.7
2010,Erizaintzako eta obstetriziako profesionalak,Ez erretiratuak,Gizona,Araba / Álava,10.000 biztanleko,12.2
2024,Erizaintzako eta obstetriziako profesionalak,Erretiratuak,Gizona,Araba / Álava,10.000 biztanleko,0.2
2018,Erizaintzako eta obstetriziako profesionalak,Erretiratuak,Gizona,Araba / Álava,10.000 biztanleko,0.0
2022,Erizaintzako eta obstetriziako profesionalak,,Gizona,Araba / Álava,10.000 biztanleko,19.5
2023,Erizaintzako eta obstetriziako profesionalak,Erretiratuak,Gizona,Araba / Álava,10.000 biztanleko,0.1
2012,Erizaintzako eta obstetriziako profesionalak,Ez erretiratuak,Gizona,Araba / Álava,10.000 biztanleko,12.4
2017,Erizaintzako eta obstetriziako profesionalak,Ez erretiratuak,Gizona,Araba / Álava,10.000 biztanleko,15.4
2015,Erizaintzako eta obstetriziako profesionalak,Ez erretiratuak,Gizona,Araba / Álava,10.000 biztanleko,13.8
2024,Erizaintzako eta obstetriziako profesionalak,,Gizona,Araba / Álava,10.000 biztanleko,20.8
2019,Erizaintzako eta obstetriziako profesionalak,Ez erretiratuak,Gizona,Araba / Álava,10.000 biztanleko,16.9
2019,Erizaintzako eta obstetriziako profesionalak,Ez erretiratuak,Gizona,Bizkaia,10.000 biztanleko,19.3
2024,Erizaintzako eta obstetriziako profesionalak,,Gizona,Bizkaia,10.000 biztanleko,23.0
2021,Erizaintzako eta obstetriziako profesionalak,Ez erretiratuak,Gizona,Bizkaia,10.000 biztanleko,21.1
2018,Erizaintzako eta obstetriziako profesionalak,Erretiratuak,Gizona,Bizkaia,10.000 biztanleko,0.0
2014,Erizaintzako eta obstetriziako profesionalak,Ez erretiratuak,Gizona,Bizkaia,10.000 biztanleko,16.6
2017,Erizaintzako eta obstetriziako profesionalak,Ez erretiratuak,Gizona,Bizkaia,10.000 biztanleko,17.9
2011,Erizaintzako eta obstetriziako profesionalak,Ez erretiratuak,Gizona,Bizkaia,10.000 biztanleko,15.9
2016,Erizaintzako eta obstetriziako profesionalak,Ez erretiratuak,Gizona,Bizkaia,10.000 biztanleko,17.7
2013,Erizaintzako eta obstetriziako profesionalak,Ez erretiratuak,Gizona,Bizkaia,10.000 biztanleko,16.3
2018,Erizaintzako eta obstetriziako profesionalak,Ez erretiratuak,Gizona,Bizkaia,10.000 biztanleko,18.4
2010,Erizaintzako eta obstetriziako profesionalak,Ez erretiratuak,Gizona,Bizkaia,10.000 biztanleko,15.2
2015,Erizaintzako eta obstetriziako profesionalak,Ez erretiratuak,Gizona,Bizkaia,10.000 biztanleko,17.1
2024,Erizaintzako eta obstetriziako profesionalak,Ez erretiratuak,Gizona,Bizkaia,10.000 biztanleko,23.0
2023,Erizaintzako eta obstetriziako profesionalak,Ez erretiratuak,Gizona,Bizkaia,10.000 biztanleko,22.4
2020,Erizaintzako eta obstetriziako profesionalak,Ez erretiratuak,Gizona,Bizkaia,10.000 biztanleko,20.9
2022,Erizaintzako eta obstetriziako profesionalak,Ez erretiratuak,Gizona,Bizkaia,10.000 biztanleko,21.5
2015,Erizaintzako eta obstetriziako profesionalak,,Gizona,Bizkaia,10.000 biztanleko,17.1
2020,Erizaintzako eta obstetriziako profesionalak,,Gizona,Bizkaia,10.000 biztanleko,20.9
2013,Erizaintzako eta obstetriziako profesionalak,,Gizona,Bizkaia,10.000 biztanleko,16.3
2022,Erizaintzako eta obstetriziako profesionalak,,Gizona,Bizkaia,10.000 biztanleko,21.5
2017,Erizaintzako eta obstetriziako profesionalak,,Gizona,Bizkaia,10.000 biztanleko,17.9
2014,Erizaintzako eta obstetriziako profesionalak,,Gizona,Bizkaia,10.000 biztanleko,16.6
2015,Erizaintzako eta obstetriziako profesionalak,Erretiratuak,Gizona,Bizkaia,10.000 biztanleko,0.0
2019,Erizaintzako eta obstetriziako profesionalak,Erretiratuak,Gizona,Bizkaia,10.000 biztanleko,0.0
2013,Erizaintzako eta obstetriziako profesionalak,Erretiratuak,Gizona,Bizkaia,10.000 biztanleko,0.0
2017,Erizaintzako eta obstetriziako profesionalak,Erretiratuak,Gizona,Bizkaia,10.000 biztanleko,0.0
2011,Erizaintzako eta obstetriziako profesionalak,Erretiratuak,Gizona,Bizkaia,10.000 biztanleko,0.0
2023,Erizaintzako eta obstetriziako profesionalak,Erretiratuak,Gizona,Bizkaia,10.000 biztanleko,0.0
2021,Erizaintzako eta obstetriziako profesionalak,Erretiratuak,Gizona,Bizkaia,10.000 biztanleko,0.0
2022,Erizaintzako eta obstetriziako profesionalak,Erretiratuak,Gizona,Bizkaia,10.000 biztanleko,0.0
2012,Erizaintzako eta obstetriziako profesionalak,Ez erretiratuak,Gizona,Bizkaia,10.000 biztanleko,16.2
2020,Erizaintzako eta obstetriziako profesionalak,Erretiratuak,Gizona,Bizkaia,10.000 biztanleko,0.0
2024,Erizaintzako eta obstetriziako profesionalak,Erretiratuak,Gizona,Bizkaia,10.000 biztanleko,0.0
2016,Erizaintzako eta obstetriziako profesionalak,Erretiratuak,Gizona,Bizkaia,10.000 biztanleko,0.0
2014,Erizaintzako eta obstetriziako profesionalak,Erretiratuak,Gizona,Bizkaia,10.000 biztanleko,0.0
2012,Erizaintzako eta obstetriziako profesionalak,Erretiratuak,Gizona,Bizkaia,10.000 biztanleko,0.0
2010,Erizaintzako eta obstetriziako profesionalak,Erretiratuak,Gizona,Bizkaia,10.000 biztanleko,0.0
2018,Erizaintzako eta obstetriziako profesionalak,,Gizona,Bizkaia,10.000 biztanleko,18.4
2019,Erizaintzako eta obstetriziako profesionalak,,Gizona,Bizkaia,10.000 biztanleko,19.3
2016,Erizaintzako eta obstetriziako profesionalak,,Gizona,Bizkaia,10.000 biztanleko,17.7
2021,Erizaintzako eta obstetriziako profesionalak,,Gizona,Bizkaia,10.000 biztanleko,21.1
2023,Erizaintzako eta obstetriziako profesionalak,,Gizona,Bizkaia,10.000 biztanleko,22.4
2010,Erizaintzako eta obstetriziako profesionalak,,Gizona,Bizkaia,10.000 biztanleko,15.2
2011,Erizaintzako eta obstetriziako profesionalak,,Gizona,Bizkaia,10.000 biztanleko,15.9
2012,Erizaintzako eta obstetriziako profesionalak,,Gizona,Bizkaia,10.000 biztanleko,16.2
2023,Erizaintzako eta obstetriziako profesionalak,Ez erretiratuak,Gizona,Gipuzkoa,10.000 biztanleko,13.1
2020,Erizaintzako eta obstetriziako profesionalak,Ez erretiratuak,Gizona,Gipuzkoa,10.000 biztanleko,12.1
2017,Erizaintzako eta obstetriziako profesionalak,Ez erretiratuak,Gizona,Gipuzkoa,10.000 biztanleko,10.4
2021,Erizaintzako eta obstetriziako profesionalak,Ez erretiratuak,Gizona,Gipuzkoa,10.000 biztanleko,12.2
2016,Erizaintzako eta obstetriziako profesionalak,Ez erretiratuak,Gizona,Gipuzkoa,10.000 biztanleko,10.4
2022,Erizaintzako eta obstetriziako profesionalak,Ez erretiratuak,Gizona,Gipuzkoa,10.000 biztanleko,12.5
2024,Erizaintzako eta obstetriziako profesionalak,Ez erretiratuak,Gizona,Gipuzkoa,10.000 biztanleko,12.9
2014,Erizaintzako eta obstetriziako profesionalak,Ez erretiratuak,Gizona,Gipuzkoa,10.000 biztanleko,9.7
2019,Erizaintzako eta obstetriziako profesionalak,Ez erretiratuak,Gizona,Gipuzkoa,10.000 biztanleko,11.2
2011,Erizaintzako eta obstetriziako profesionalak,Ez erretiratuak,Gizona,Gipuzkoa,10.000 biztanleko,13.2
2010,Erizaintzako eta obstetriziako profesionalak,Ez erretiratuak,Gizona,Gipuzkoa,10.000 biztanleko,8.1
2012,Erizaintzako eta obstetriziako profesionalak,Ez erretiratuak,Gizona,Gipuzkoa,10.000 biztanleko,12.8
2023,Erizaintzako eta obstetriziako profesionalak,,Gizona,Gipuzkoa,10.000 biztanleko,18.6
2010,Erizaintzako eta obstetriziako profesionalak,,Gizona,Gipuzkoa,10.000 biztanleko,8.1
2012,Erizaintzako eta obstetriziako profesionalak,,Gizona,Gipuzkoa,10.000 biztanleko,12.8
2024,Erizaintzako eta obstetriziako profesionalak,,Gizona,Gipuzkoa,10.000 biztanleko,15.6
2019,Erizaintzako eta obstetriziako profesionalak,,Gizona,Gipuzkoa,10.000 biztanleko,11.2
2013,Erizaintzako eta obstetriziako profesionalak,Ez erretiratuak,Gizona,Gipuzkoa,10.000 biztanleko,9.4
2018,Erizaintzako eta obstetriziako profesionalak,Ez erretiratuak,Gizona,Gipuzkoa,10.000 biztanleko,10.7
2015,Erizaintzako eta obstetriziako profesionalak,Ez erretiratuak,Gizona,Gipuzkoa,10.000 biztanleko,10.1
2018,Erizaintzako eta obstetriziako profesionalak,Erretiratuak,Gizona,Gipuzkoa,10.000 biztanleko,0.0
2012,Erizaintzako eta obstetriziako profesionalak,Erretiratuak,Gizona,Gipuzkoa,10.000 biztanleko,0.0
2019,Erizaintzako eta obstetriziako profesionalak,Erretiratuak,Gizona,Gipuzkoa,10.000 biztanleko,0.0
2016,Erizaintzako eta obstetriziako profesionalak,Erretiratuak,Gizona,Gipuzkoa,10.000 biztanleko,0.0
2010,Erizaintzako eta obstetriziako profesionalak,Erretiratuak,Gizona,Gipuzkoa,10.000 biztanleko,0.0
2017,Erizaintzako eta obstetriziako profesionalak,Erretiratuak,Gizona,Gipuzkoa,10.000 biztanleko,0.0
2014,Erizaintzako eta obstetriziako profesionalak,Erretiratuak,Gizona,Gipuzkoa,10.000 biztanleko,0.0
2013,Erizaintzako eta obstetriziako profesionalak,Erretiratuak,Gizona,Gipuzkoa,10.000 biztanleko,0.0
2024,Erizaintzako eta obstetriziako profesionalak,Erretiratuak,Gizona,Gipuzkoa,10.000 biztanleko,2.7
2022,Erizaintzako eta obstetriziako profesionalak,Erretiratuak,Gizona,Gipuzkoa,10.000 biztanleko,0.0
2020,Erizaintzako eta obstetriziako profesionalak,Erretiratuak,Gizona,Gipuzkoa,10.000 biztanleko,0.0
2021,Erizaintzako eta obstetriziako profesionalak,Erretiratuak,Gizona,Gipuzkoa,10.000 biztanleko,0.0
2023,Erizaintzako eta obstetriziako profesionalak,Erretiratuak,Gizona,Gipuzkoa,10.000 biztanleko,5.5
2011,Erizaintzako eta obstetriziako profesionalak,,Gizona,Gipuzkoa,10.000 biztanleko,13.2
2021,Erizaintzako eta obstetriziako profesionalak,,Gizona,Gipuzkoa,10.000 biztanleko,12.2
2014,Erizaintzako eta obstetriziako profesionalak,,Gizona,Gipuzkoa,10.000 biztanleko,9.7
2018,Erizaintzako eta obstetriziako profesionalak,,Gizona,Gipuzkoa,10.000 biztanleko,10.7
2022,Erizaintzako eta obstetriziako profesionalak,,Gizona,Gipuzkoa,10.000 biztanleko,12.5
2017,Erizaintzako eta obstetriziako profesionalak,,Gizona,Gipuzkoa,10.000 biztanleko,10.4
2013,Erizaintzako eta obstetriziako profesionalak,,Gizona,Gipuzkoa,10.000 biztanleko,9.4
2020,Erizaintzako eta obstetriziako profesionalak,,Gizona,Gipuzkoa,10.000 biztanleko,12.1
2015,Erizaintzako eta obstetriziako profesionalak,,Gizona,Gipuzkoa,10.000 biztanleko,10.1
2016,Erizaintzako eta obstetriziako profesionalak,,Gizona,Gipuzkoa,10.000 biztanleko,10.4
2011,Erizaintzako eta obstetriziako profesionalak,Erretiratuak,Gizona,Gipuzkoa,10.000 biztanleko,0.0
2015,Erizaintzako eta obstetriziako profesionalak,Erretiratuak,Gizona,Gipuzkoa,10.000 biztanleko,0.0
2013,Dentista,Erretiratuak,,,10.000 biztanleko,0.1
2022,Dentista,Erretiratuak,,,10.000 biztanleko,0.3
2018,Dentista,,,,10.000 biztanleko,8.6
2016,Dentista,Erretiratuak,,,10.000 biztanleko,0.1
2015,Dentista,Erretiratuak,,,10.000 biztanleko,0.1
2023,Dentista,Ez erretiratuak,,,10.000 biztanleko,8.7
2020,Dentista,Ez erretiratuak,,,10.000 biztanleko,8.5
2012,Dentista,,,,10.000 biztanleko,7.6
2011,Dentista,,,,10.000 biztanleko,7.4
2022,Dentista,,,,10.000 biztanleko,9.0
2022,Dentista,Ez erretiratuak,,,10.000 biztanleko,8.7
2012,Dentista,Ez erretiratuak,,,10.000 biztanleko,7.5
2015,Dentista,Ez erretiratuak,,,10.000 biztanleko,8.1
2010,Dentista,Ez erretiratuak,,,10.000 biztanleko,7.3
2018,Dentista,Ez erretiratuak,,,10.000 biztanleko,8.4
2014,Dentista,Ez erretiratuak,,,10.000 biztanleko,7.8
2014,Dentista,,,,10.000 biztanleko,7.9
2019,Dentista,Ez erretiratuak,,,10.000 biztanleko,8.4
2016,Dentista,Ez erretiratuak,,,10.000 biztanleko,8.2
2013,Dentista,Ez erretiratuak,,,10.000 biztanleko,7.7
2021,Dentista,Ez erretiratuak,,,10.000 biztanleko,8.8
2024,Dentista,Ez erretiratuak,,,10.000 biztanleko,8.7
2017,Dentista,Ez erretiratuak,,,10.000 biztanleko,8.3
2010,Dentista,Erretiratuak,,,10.000 biztanleko,0.0
2023,Dentista,,,,10.000 biztanleko,9.0
2024,Dentista,Erretiratuak,,,10.000 biztanleko,0.4
2017,Dentista,,,,10.000 biztanleko,8.4
2019,Dentista,,,,10.000 biztanleko,8.6
2013,Dentista,,,,10.000 biztanleko,7.8
2018,Dentista,Erretiratuak,,,10.000 biztanleko,0.1
2012,Dentista,Erretiratuak,,,10.000 biztanleko,0.2
2021,Dentista,,,,10.000 biztanleko,9.0
2021,Dentista,Erretiratuak,,,10.000 biztanleko,0.3
2015,Dentista,,,,10.000 biztanleko,8.2
2014,Dentista,Erretiratuak,,,10.000 biztanleko,0.1
2024,Dentista,,,,10.000 biztanleko,9.1
2020,Dentista,,,,10.000 biztanleko,8.8
2016,Dentista,,,,10.000 biztanleko,8.3
2019,Dentista,Erretiratuak,,,10.000 biztanleko,0.2
2010,Dentista,,,,10.000 biztanleko,7.3
2020,Dentista,Erretiratuak,,,10.000 biztanleko,0.2
2017,Dentista,Erretiratuak,,,10.000 biztanleko,0.1
2023,Dentista,Erretiratuak,,,10.000 biztanleko,0.3
2012,Dentista,Ez erretiratuak,,Araba / Álava,10.000 biztanleko,5.7
2018,Dentista,,,Araba / Álava,10.000 biztanleko,6.4
2017,Dentista,Ez erretiratuak,,Araba / Álava,10.000 biztanleko,6.3
2023,Dentista,,,Araba / Álava,10.000 biztanleko,6.4
2018,Dentista,Ez erretiratuak,,Araba / Álava,10.000 biztanleko,6.4
2012,Dentista,,,Araba / Álava,10.000 biztanleko,5.7
2021,Dentista,Ez erretiratuak,,Araba / Álava,10.000 biztanleko,6.6
2020,Dentista,Ez erretiratuak,,Araba / Álava,10.000 biztanleko,6.7
2022,Dentista,Ez erretiratuak,,Araba / Álava,10.000 biztanleko,6.4
2012,Dentista,Erretiratuak,,Araba / Álava,10.000 biztanleko,0.0
2011,Dentista,,,Araba / Álava,10.000 biztanleko,5.7
2015,Dentista,Erretiratuak,,Araba / Álava,10.000 biztanleko,0.0
2020,Dentista,Erretiratuak,,Araba / Álava,10.000 biztanleko,0.0
2022,Dentista,,,Araba / Álava,10.000 biztanleko,6.4
2024,Dentista,Ez erretiratuak,,Araba / Álava,10.000 biztanleko,6.7
2010,Dentista,Erretiratuak,,Araba / Álava,10.000 biztanleko,0.0
2023,Dentista,Ez erretiratuak,,Araba / Álava,10.000 biztanleko,6.4
2019,Dentista,Ez erretiratuak,,Araba / Álava,10.000 biztanleko,6.7
2014,Dentista,Ez erretiratuak,,Araba / Álava,10.000 biztanleko,6.2
2016,Dentista,Ez erretiratuak,,Araba / Álava,10.000 biztanleko,6.5
2015,Dentista,Ez erretiratuak,,Araba / Álava,10.000 biztanleko,6.5
2013,Dentista,Ez erretiratuak,,Araba / Álava,10.000 biztanleko,6.0
2016,Dentista,,,Araba / Álava,10.000 biztanleko,6.5
2016,Dentista,Erretiratuak,,Araba / Álava,10.000 biztanleko,0.0
2022,Dentista,Erretiratuak,,Araba / Álava,10.000 biztanleko,0.0
2014,Dentista,Erretiratuak,,Araba / Álava,10.000 biztanleko,0.0
2021,Dentista,Erretiratuak,,Araba / Álava,10.000 biztanleko,0.0
2020,Dentista,,,Araba / Álava,10.000 biztanleko,6.7
2010,Dentista,,,Araba / Álava,10.000 biztanleko,5.6
2017,Dentista,,,Araba / Álava,10.000 biztanleko,6.3
2023,Dentista,Erretiratuak,,Araba / Álava,10.000 biztanleko,0.0
2017,Dentista,Erretiratuak,,Araba / Álava,10.000 biztanleko,0.0
2014,Dentista,,,Araba / Álava,10.000 biztanleko,6.2
2018,Dentista,Erretiratuak,,Araba / Álava,10.000 biztanleko,0.0
2013,Dentista,,,Araba / Álava,10.000 biztanleko,6.0
2021,Dentista,,,Araba / Álava,10.000 biztanleko,6.6
2019,Dentista,Erretiratuak,,Araba / Álava,10.000 biztanleko,0.0
2024,Dentista,,,Araba / Álava,10.000 biztanleko,6.7
2015,Dentista,,,Araba / Álava,10.000 biztanleko,6.5
2013,Dentista,Erretiratuak,,Araba / Álava,10.000 biztanleko,0.0
2010,Dentista,Ez erretiratuak,,Araba / Álava,10.000 biztanleko,5.6
2019,Dentista,,,Araba / Álava,10.000 biztanleko,6.7
2024,Dentista,Erretiratuak,,Araba / Álava,10.000 biztanleko,0.0
2019,Dentista,Erretiratuak,,Bizkaia,10.000 biztanleko,0.0
2022,Dentista,Erretiratuak,,Bizkaia,10.000 biztanleko,0.0
2010,Dentista,Erretiratuak,,Bizkaia,10.000 biztanleko,0.0
2012,Dentista,,,Bizkaia,10.000 biztanleko,7.9
2022,Dentista,,,Bizkaia,10.000 biztanleko,9.3
2010,Dentista,,,Bizkaia,10.000 biztanleko,7.7
2017,Dentista,,,Bizkaia,10.000 biztanleko,8.9
2016,Dentista,,,Bizkaia,10.000 biztanleko,8.7
2024,Dentista,,,Bizkaia,10.000 biztanleko,9.1
2019,Dentista,,,Bizkaia,10.000 biztanleko,9.1
2018,Dentista,,,Bizkaia,10.000 biztanleko,9.0
2013,Dentista,,,Bizkaia,10.000 biztanleko,8.1
2021,Dentista,Ez erretiratuak,,Bizkaia,10.000 biztanleko,9.3
2014,Dentista,,,Bizkaia,10.000 biztanleko,8.3
2015,Dentista,,,Bizkaia,10.000 biztanleko,8.5
2011,Dentista,,,Bizkaia,10.000 biztanleko,7.9
2021,Dentista,,,Bizkaia,10.000 biztanleko,9.3
2023,Dentista,Ez erretiratuak,,Bizkaia,10.000 biztanleko,9.2
2024,Dentista,Ez erretiratuak,,Bizkaia,10.000 biztanleko,9.1
2020,Dentista,Ez erretiratuak,,Bizkaia,10.000 biztanleko,9.1
2015,Dentista,Ez erretiratuak,,Bizkaia,10.000 biztanleko,8.5
2018,Dentista,Ez erretiratuak,,Bizkaia,10.000 biztanleko,9.0
2019,Dentista,Ez erretiratuak,,Bizkaia,10.000 biztanleko,9.1
2016,Dentista,Ez erretiratuak,,Bizkaia,10.000 biztanleko,8.7
2022,Dentista,Ez erretiratuak,,Bizkaia,10.000 biztanleko,9.3
2013,Dentista,Ez erretiratuak,,Bizkaia,10.000 biztanleko,8.1
2014,Dentista,Ez erretiratuak,,Bizkaia,10.000 biztanleko,8.3
2017,Dentista,Ez erretiratuak,,Bizkaia,10.000 biztanleko,8.9
2010,Dentista,Ez erretiratuak,,Bizkaia,10.000 biztanleko,7.7
2012,Dentista,Ez erretiratuak,,Bizkaia,10.000 biztanleko,7.9
2020,Dentista,,,Bizkaia,10.000 biztanleko,9.1
2018,Dentista,Erretiratuak,,Bizkaia,10.000 biztanleko,0.0
2024,Dentista,Erretiratuak,,Bizkaia,10.000 biztanleko,0.0
2020,Dentista,Erretiratuak,,Bizkaia,10.000 biztanleko,0.0
2016,Dentista,Erretiratuak,,Bizkaia,10.000 biztanleko,0.0
2013,Dentista,Erretiratuak,,Bizkaia,10.000 biztanleko,0.0
2017,Dentista,Erretiratuak,,Bizkaia,10.000 biztanleko,0.0
2014,Dentista,Erretiratuak,,Bizkaia,10.000 biztanleko,0.0
2023,Dentista,,,Bizkaia,10.000 biztanleko,9.2
2012,Dentista,Erretiratuak,,Bizkaia,10.000 biztanleko,0.0
2021,Dentista,Erretiratuak,,Bizkaia,10.000 biztanleko,0.0
2023,Dentista,Erretiratuak,,Bizkaia,10.000 biztanleko,0.0
2015,Dentista,Erretiratuak,,Bizkaia,10.000 biztanleko,0.0
2011,Dentista,,,Gipuzkoa,10.000 biztanleko,7.3
2017,Dentista,,,Gipuzkoa,10.000 biztanleko,8.7
2021,Dentista,,,Gipuzkoa,10.000 biztanleko,9.7
2013,Dentista,,,Gipuzkoa,10.000 biztanleko,8.1
2016,Dentista,,,Gipuzkoa,10.000 biztanleko,8.7
2010,Dentista,,,Gipuzkoa,10.000 biztanleko,7.3
2024,Dentista,,,Gipuzkoa,10.000 biztanleko,10.0
2012,Dentista,,,Gipuzkoa,10.000 biztanleko,8.0
2022,Dentista,,,Gipuzkoa,10.000 biztanleko,9.8
2015,Dentista,,,Gipuzkoa,10.000 biztanleko,8.5
2021,Dentista,Ez erretiratuak,,Gipuzkoa,10.000 biztanleko,8.9
2014,Dentista,,,Gipuzkoa,10.000 biztanleko,8.0
2019,Dentista,Ez erretiratuak,,Gipuzkoa,10.000 biztanleko,8.2
2022,Dentista,Ez erretiratuak,,Gipuzkoa,10.000 biztanleko,8.8
2018,Dentista,Ez erretiratuak,,Gipuzkoa,10.000 biztanleko,8.4
2023,Dentista,Ez erretiratuak,,Gipuzkoa,10.000 biztanleko,8.9
2024,Dentista,Ez erretiratuak,,Gipuzkoa,10.000 biztanleko,8.9
2020,Dentista,Ez erretiratuak,,Gipuzkoa,10.000 biztanleko,8.5
2015,Dentista,Ez erretiratuak,,Gipuzkoa,10.000 biztanleko,8.1
2016,Dentista,Ez erretiratuak,,Gipuzkoa,10.000 biztanleko,8.2
2017,Dentista,Ez erretiratuak,,Gipuzkoa,10.000 biztanleko,8.3
2013,Dentista,Ez erretiratuak,,Gipuzkoa,10.000 biztanleko,7.7
2010,Dentista,Ez erretiratuak,,Gipuzkoa,10.000 biztanleko,7.3
2012,Dentista,Ez erretiratuak,,Gipuzkoa,10.000 biztanleko,7.5
2014,Dentista,Ez erretiratuak,,Gipuzkoa,10.000 biztanleko,7.7
2018,Dentista,,,Gipuzkoa,10.000 biztanleko,8.8
2014,Dentista,Erretiratuak,,Gipuzkoa,10.000 biztanleko,0.3
2019,Dentista,,,Gipuzkoa,10.000 biztanleko,8.8
2022,Dentista,Erretiratuak,,Gipuzkoa,10.000 biztanleko,1.0
2018,Dentista,Erretiratuak,,Gipuzkoa,10.000 biztanleko,0.4
2023,Dentista,,,Gipuzkoa,10.000 biztanleko,10.0
2019,Dentista,Erretiratuak,,Gipuzkoa,10.000 biztanleko,0.6
2015,Dentista,Erretiratuak,,Gipuzkoa,10.000 biztanleko,0.4
2010,Dentista,Erretiratuak,,Gipuzkoa,10.000 biztanleko,0.0
2023,Dentista,Erretiratuak,,Gipuzkoa,10.000 biztanleko,1.1
2024,Dentista,Erretiratuak,,Gipuzkoa,10.000 biztanleko,1.2
2016,Dentista,Erretiratuak,,Gipuzkoa,10.000 biztanleko,0.4
2020,Dentista,,,Gipuzkoa,10.000 biztanleko,9.2
2020,Dentista,Erretiratuak,,Gipuzkoa,10.000 biztanleko,0.7
2021,Dentista,Erretiratuak,,Gipuzkoa,10.000 biztanleko,0.8
2013,Dentista,Erretiratuak,,Gipuzkoa,10.000 biztanleko,0.4
2017,Dentista,Erretiratuak,,Gipuzkoa,10.000 biztanleko,0.4
2012,Dentista,Erretiratuak,,Gipuzkoa,10.000 biztanleko,0.5
2023,Dentista,Erretiratuak,Emakumea,,10.000 biztanleko,0.2
2013,Dentista,,Emakumea,,10.000 biztanleko,9.3
2019,Dentista,,Emakumea,,10.000 biztanleko,10.6
2014,Dentista,,Emakumea,,10.000 biztanleko,9.5
2013,Dentista,Erretiratuak,Emakumea,,10.000 biztanleko,0.0
2022,Dentista,,Emakumea,,10.000 biztanleko,11.4
2018,Dentista,Erretiratuak,Emakumea,,10.000 biztanleko,0.0
2017,Dentista,Erretiratuak,Emakumea,,10.000 biztanleko,0.0
2014,Dentista,Erretiratuak,Emakumea,,10.000 biztanleko,0.0
2022,Dentista,Erretiratuak,Emakumea,,10.000 biztanleko,0.2
2010,Dentista,Erretiratuak,Emakumea,,10.000 biztanleko,0.0
2012,Dentista,Erretiratuak,Emakumea,,10.000 biztanleko,0.0
2020,Dentista,Erretiratuak,Emakumea,,10.000 biztanleko,0.1
2015,Dentista,Erretiratuak,Emakumea,,10.000 biztanleko,0.0
2016,Dentista,Erretiratuak,Emakumea,,10.000 biztanleko,0.0
2019,Dentista,Erretiratuak,Emakumea,,10.000 biztanleko,0.1
2011,Dentista,,Emakumea,,10.000 biztanleko,6.8
2024,Dentista,,Emakumea,,10.000 biztanleko,11.7
2015,Dentista,,Emakumea,,10.000 biztanleko,9.9
2017,Dentista,,Emakumea,,10.000 biztanleko,10.4
2010,Dentista,,Emakumea,,10.000 biztanleko,6.7
2017,Dentista,Ez erretiratuak,Emakumea,,10.000 biztanleko,10.3
2021,Dentista,Ez erretiratuak,Emakumea,,10.000 biztanleko,11.3
2013,Dentista,Ez erretiratuak,Emakumea,,10.000 biztanleko,9.2
2019,Dentista,Ez erretiratuak,Emakumea,,10.000 biztanleko,10.5
2023,Dentista,,Emakumea,,10.000 biztanleko,11.5
2018,Dentista,,Emakumea,,10.000 biztanleko,10.6
2012,Dentista,Ez erretiratuak,Emakumea,,10.000 biztanleko,9.0
2023,Dentista,Ez erretiratuak,Emakumea,,10.000 biztanleko,11.3
2016,Dentista,Ez erretiratuak,Emakumea,,10.000 biztanleko,10.1
2012,Dentista,,Emakumea,,10.000 biztanleko,9.1
2022,Dentista,Ez erretiratuak,Emakumea,,10.000 biztanleko,11.2
2014,Dentista,Ez erretiratuak,Emakumea,,10.000 biztanleko,9.5
2020,Dentista,Ez erretiratuak,Emakumea,,10.000 biztanleko,11.1
2021,Dentista,Erretiratuak,Emakumea,,10.000 biztanleko,0.1
2010,Dentista,Ez erretiratuak,Emakumea,,10.000 biztanleko,6.7
2020,Dentista,,Emakumea,,10.000 biztanleko,11.1
2024,Dentista,Erretiratuak,Emakumea,,10.000 biztanleko,0.2
2016,Dentista,,Emakumea,,10.000 biztanleko,10.2
2015,Dentista,Ez erretiratuak,Emakumea,,10.000 biztanleko,9.9
2024,Dentista,Ez erretiratuak,Emakumea,,10.000 biztanleko,11.5
2018,Dentista,Ez erretiratuak,Emakumea,,10.000 biztanleko,10.6
2021,Dentista,,Emakumea,,10.000 biztanleko,11.4
2020,Dentista,,Emakumea,Araba / Álava,10.000 biztanleko,8.5
2014,Dentista,Ez erretiratuak,Emakumea,Araba / Álava,10.000 biztanleko,7.9
2010,Dentista,,Emakumea,Araba / Álava,10.000 biztanleko,5.3
2023,Dentista,Ez erretiratuak,Emakumea,Araba / Álava,10.000 biztanleko,8.1
2013,Dentista,,Emakumea,Araba / Álava,10.000 biztanleko,7.7
2016,Dentista,,Emakumea,Araba / Álava,10.000 biztanleko,8.2
2014,Dentista,Erretiratuak,Emakumea,Araba / Álava,10.000 biztanleko,0.0
2020,Dentista,Erretiratuak,Emakumea,Araba / Álava,10.000 biztanleko,0.0
2024,Dentista,Erretiratuak,Emakumea,Araba / Álava,10.000 biztanleko,0.0
2019,Dentista,Erretiratuak,Emakumea,Araba / Álava,10.000 biztanleko,0.0
2018,Dentista,Erretiratuak,Emakumea,Araba / Álava,10.000 biztanleko,0.0
2022,Dentista,,Emakumea,Araba / Álava,10.000 biztanleko,8.0
2011,Dentista,,Emakumea,Araba / Álava,10.000 biztanleko,5.5
2017,Dentista,Erretiratuak,Emakumea,Araba / Álava,10.000 biztanleko,0.0
2024,Dentista,,Emakumea,Araba / Álava,10.000 biztanleko,8.6
2015,Dentista,,Emakumea,Araba / Álava,10.000 biztanleko,8.2
2018,Dentista,,Emakumea,Araba / Álava,10.000 biztanleko,8.0
2024,Dentista,Ez erretiratuak,Emakumea,Araba / Álava,10.000 biztanleko,8.6
2019,Dentista,,Emakumea,Araba / Álava,10.000 biztanleko,8.4
2014,Dentista,,Emakumea,Araba / Álava,10.000 biztanleko,7.9
2012,Dentista,Erretiratuak,Emakumea,Araba / Álava,10.000 biztanleko,0.0
2016,Dentista,Erretiratuak,Emakumea,Araba / Álava,10.000 biztanleko,0.0
2013,Dentista,Ez erretiratuak,Emakumea,Araba / Álava,10.000 biztanleko,7.7
2021,Dentista,,Emakumea,Araba / Álava,10.000 biztanleko,8.2
2017,Dentista,,Emakumea,Araba / Álava,10.000 biztanleko,7.9
2023,Dentista,,Emakumea,Araba / Álava,10.000 biztanleko,8.1
2012,Dentista,,Emakumea,Araba / Álava,10.000 biztanleko,7.2
2010,Dentista,Ez erretiratuak,Emakumea,Araba / Álava,10.000 biztanleko,5.3
2019,Dentista,Ez erretiratuak,Emakumea,Araba / Álava,10.000 biztanleko,8.4
2012,Dentista,Ez erretiratuak,Emakumea,Araba / Álava,10.000 biztanleko,7.2
2016,Dentista,Ez erretiratuak,Emakumea,Araba / Álava,10.000 biztanleko,8.2
2015,Dentista,Ez erretiratuak,Emakumea,Araba / Álava,10.000 biztanleko,8.2
2018,Dentista,Ez erretiratuak,Emakumea,Araba / Álava,10.000 biztanleko,8.0
2021,Dentista,Ez erretiratuak,Emakumea,Araba / Álava,10.000 biztanleko,8.2
2022,Dentista,Ez erretiratuak,Emakumea,Araba / Álava,10.000 biztanleko,8.0
2022,Dentista,Erretiratuak,Emakumea,Araba / Álava,10.000 biztanleko,0.0
2015,Dentista,Erretiratuak,Emakumea,Araba / Álava,10.000 biztanleko,0.0
2021,Dentista,Erretiratuak,Emakumea,Araba / Álava,10.000 biztanleko,0.0
2010,Dentista,Erretiratuak,Emakumea,Araba / Álava,10.000 biztanleko,0.0
2023,Dentista,Erretiratuak,Emakumea,Araba / Álava,10.000 biztanleko,0.0
2013,Dentista,Erretiratuak,Emakumea,Araba / Álava,10.000 biztanleko,0.0
2020,Dentista,Ez erretiratuak,Emakumea,Araba / Álava,10.000 biztanleko,8.5
2017,Dentista,Ez erretiratuak,Emakumea,Araba / Álava,10.000 biztanleko,7.9
2012,Dentista,,Emakumea,Bizkaia,10.000 biztanleko,9.3
2020,Dentista,,Emakumea,Bizkaia,10.000 biztanleko,11.5
2010,Dentista,,Emakumea,Bizkaia,10.000 biztanleko,7.2
2016,Dentista,Erretiratuak,Emakumea,Bizkaia,10.000 biztanleko,0.0
2024,Dentista,Erretiratuak,Emakumea,Bizkaia,10.000 biztanleko,0.0
2020,Dentista,Erretiratuak,Emakumea,Bizkaia,10.000 biztanleko,0.0
2014,Dentista,Ez erretiratuak,Emakumea,Bizkaia,10.000 biztanleko,9.7
2017,Dentista,Erretiratuak,Emakumea,Bizkaia,10.000 biztanleko,0.0
2016,Dentista,Ez erretiratuak,Emakumea,Bizkaia,10.000 biztanleko,10.4
2018,Dentista,Erretiratuak,Emakumea,Bizkaia,10.000 biztanleko,0.0
2021,Dentista,Erretiratuak,Emakumea,Bizkaia,10.000 biztanleko,0.0
2023,Dentista,Erretiratuak,Emakumea,Bizkaia,10.000 biztanleko,0.0
2019,Dentista,Erretiratuak,Emakumea,Bizkaia,10.000 biztanleko,0.0
2019,Dentista,,Emakumea,Bizkaia,10.000 biztanleko,11.3
2017,Dentista,,Emakumea,Bizkaia,10.000 biztanleko,10.8
2016,Dentista,,Emakumea,Bizkaia,10.000 biztanleko,10.4
2013,Dentista,,Emakumea,Bizkaia,10.000 biztanleko,9.5
2021,Dentista,,Emakumea,Bizkaia,10.000 biztanleko,11.8
2015,Dentista,,Emakumea,Bizkaia,10.000 biztanleko,10.1
2018,Dentista,,Emakumea,Bizkaia,10.000 biztanleko,11.1
2022,Dentista,,Emakumea,Bizkaia,10.000 biztanleko,11.8
2012,Dentista,Ez erretiratuak,Emakumea,Bizkaia,10.000 biztanleko,9.3
2022,Dentista,Ez erretiratuak,Emakumea,Bizkaia,10.000 biztanleko,11.8
2020,Dentista,Ez erretiratuak,Emakumea,Bizkaia,10.000 biztanleko,11.5
2019,Dentista,Ez erretiratuak,Emakumea,Bizkaia,10.000 biztanleko,11.3
2021,Dentista,Ez erretiratuak,Emakumea,Bizkaia,10.000 biztanleko,11.8
2024,Dentista,Ez erretiratuak,Emakumea,Bizkaia,10.000 biztanleko,11.9
2023,Dentista,Ez erretiratuak,Emakumea,Bizkaia,10.000 biztanleko,11.9
2022,Dentista,Erretiratuak,Emakumea,Bizkaia,10.000 biztanleko,0.0
2017,Dentista,Ez erretiratuak,Emakumea,Bizkaia,10.000 biztanleko,10.8
2013,Dentista,Ez erretiratuak,Emakumea,Bizkaia,10.000 biztanleko,9.5
2018,Dentista,Ez erretiratuak,Emakumea,Bizkaia,10.000 biztanleko,11.1
2010,Dentista,Ez erretiratuak,Emakumea,Bizkaia,10.000 biztanleko,7.2
2012,Dentista,Erretiratuak,Emakumea,Bizkaia,10.000 biztanleko,0.0
2010,Dentista,Erretiratuak,Emakumea,Bizkaia,10.000 biztanleko,0.0
2015,Dentista,Erretiratuak,Emakumea,Bizkaia,10.000 biztanleko,0.0
2013,Dentista,Erretiratuak,Emakumea,Bizkaia,10.000 biztanleko,0.0
2014,Dentista,Erretiratuak,Emakumea,Bizkaia,10.000 biztanleko,0.0
2015,Dentista,Ez erretiratuak,Emakumea,Bizkaia,10.000 biztanleko,10.1
2024,Dentista,,Emakumea,Bizkaia,10.000 biztanleko,11.9
2023,Dentista,,Emakumea,Bizkaia,10.000 biztanleko,11.9
2011,Dentista,,Emakumea,Bizkaia,10.000 biztanleko,7.3
2014,Dentista,,Emakumea,Bizkaia,10.000 biztanleko,9.7
2023,Dentista,,Emakumea,Gipuzkoa,10.000 biztanleko,12.6
2014,Dentista,Erretiratuak,Emakumea,Gipuzkoa,10.000 biztanleko,0.1
2018,Dentista,Erretiratuak,Emakumea,Gipuzkoa,10.000 biztanleko,0.1
2022,Dentista,Erretiratuak,Emakumea,Gipuzkoa,10.000 biztanleko,0.5
2013,Dentista,Erretiratuak,Emakumea,Gipuzkoa,10.000 biztanleko,0.1
2021,Dentista,Erretiratuak,Emakumea,Gipuzkoa,10.000 biztanleko,0.3
2020,Dentista,Erretiratuak,Emakumea,Gipuzkoa,10.000 biztanleko,0.2
2017,Dentista,Erretiratuak,Emakumea,Gipuzkoa,10.000 biztanleko,0.1
2019,Dentista,Erretiratuak,Emakumea,Gipuzkoa,10.000 biztanleko,0.2
2024,Dentista,Erretiratuak,Emakumea,Gipuzkoa,10.000 biztanleko,0.7
2010,Dentista,,Emakumea,Gipuzkoa,10.000 biztanleko,6.6
2018,Dentista,,Emakumea,Gipuzkoa,10.000 biztanleko,11.0
2012,Dentista,,Emakumea,Gipuzkoa,10.000 biztanleko,9.4
2021,Dentista,,Emakumea,Gipuzkoa,10.000 biztanleko,12.1
2013,Dentista,,Emakumea,Gipuzkoa,10.000 biztanleko,9.6
2021,Dentista,Ez erretiratuak,Emakumea,Gipuzkoa,10.000 biztanleko,11.8
2018,Dentista,Ez erretiratuak,Emakumea,Gipuzkoa,10.000 biztanleko,10.9
2017,Dentista,,Emakumea,Gipuzkoa,10.000 biztanleko,10.8
2010,Dentista,Ez erretiratuak,Emakumea,Gipuzkoa,10.000 biztanleko,6.6
2020,Dentista,Ez erretiratuak,Emakumea,Gipuzkoa,10.000 biztanleko,11.6
2022,Dentista,Ez erretiratuak,Emakumea,Gipuzkoa,10.000 biztanleko,11.6
2014,Dentista,Ez erretiratuak,Emakumea,Gipuzkoa,10.000 biztanleko,9.8
2019,Dentista,Ez erretiratuak,Emakumea,Gipuzkoa,10.000 biztanleko,10.4
2023,Dentista,Ez erretiratuak,Emakumea,Gipuzkoa,10.000 biztanleko,11.9
2013,Dentista,Ez erretiratuak,Emakumea,Gipuzkoa,10.000 biztanleko,9.5
2016,Dentista,Ez erretiratuak,Emakumea,Gipuzkoa,10.000 biztanleko,10.5
2012,Dentista,Ez erretiratuak,Emakumea,Gipuzkoa,10.000 biztanleko,9.3
2017,Dentista,Ez erretiratuak,Emakumea,Gipuzkoa,10.000 biztanleko,10.7
2012,Dentista,Erretiratuak,Emakumea,Gipuzkoa,10.000 biztanleko,0.1
2023,Dentista,Erretiratuak,Emakumea,Gipuzkoa,10.000 biztanleko,0.6
2010,Dentista,Erretiratuak,Emakumea,Gipuzkoa,10.000 biztanleko,0.0
2024,Dentista,Ez erretiratuak,Emakumea,Gipuzkoa,10.000 biztanleko,12.1
2015,Dentista,Ez erretiratuak,Emakumea,Gipuzkoa,10.000 biztanleko,10.2
2015,Dentista,Erretiratuak,Emakumea,Gipuzkoa,10.000 biztanleko,0.1
2016,Dentista,Erretiratuak,Emakumea,Gipuzkoa,10.000 biztanleko,0.1
2016,Dentista,,Emakumea,Gipuzkoa,10.000 biztanleko,10.6
2019,Dentista,,Emakumea,Gipuzkoa,10.000 biztanleko,10.5
2024,Dentista,,Emakumea,Gipuzkoa,10.000 biztanleko,12.8
2014,Dentista,,Emakumea,Gipuzkoa,10.000 biztanleko,9.8
2011,Dentista,,Emakumea,Gipuzkoa,10.000 biztanleko,6.7
2020,Dentista,,Emakumea,Gipuzkoa,10.000 biztanleko,11.8
2022,Dentista,,Emakumea,Gipuzkoa,10.000 biztanleko,12.1
2015,Dentista,,Emakumea,Gipuzkoa,10.000 biztanleko,10.3
2010,Dentista,,Gizona,,10.000 biztanleko,7.8
2013,Dentista,Erretiratuak,Gizona,,10.000 biztanleko,0.3
2019,Dentista,Ez erretiratuak,Gizona,,10.000 biztanleko,6.2
2021,Dentista,,Gizona,,10.000 biztanleko,6.5
2019,Dentista,,Gizona,,10.000 biztanleko,6.5
2014,Dentista,,Gizona,,10.000 biztanleko,6.2
2020,Dentista,,Gizona,,10.000 biztanleko,6.2
2014,Dentista,Erretiratuak,Gizona,,10.000 biztanleko,0.2
2018,Dentista,Erretiratuak,Gizona,,10.000 biztanleko,0.2
2023,Dentista,,Gizona,,10.000 biztanleko,6.4
2012,Dentista,,Gizona,,10.000 biztanleko,6.1
2017,Dentista,,Gizona,,10.000 biztanleko,6.4
2015,Dentista,,Gizona,,10.000 biztanleko,6.4
2022,Dentista,,Gizona,,10.000 biztanleko,6.5
2012,Dentista,Erretiratuak,Gizona,,10.000 biztanleko,0.3
2013,Dentista,,Gizona,,10.000 biztanleko,6.3
2016,Dentista,,Gizona,,10.000 biztanleko,6.4
2021,Dentista,Erretiratuak,Gizona,,10.000 biztanleko,0.4
2016,Dentista,Erretiratuak,Gizona,,10.000 biztanleko,0.3
2024,Dentista,,Gizona,,10.000 biztanleko,6.3
2017,Dentista,Erretiratuak,Gizona,,10.000 biztanleko,0.3
2011,Dentista,,Gizona,,10.000 biztanleko,7.9
2023,Dentista,Erretiratuak,Gizona,,10.000 biztanleko,0.5
2020,Dentista,Erretiratuak,Gizona,,10.000 biztanleko,0.4
2018,Dentista,,Gizona,,10.000 biztanleko,6.4
2014,Dentista,Ez erretiratuak,Gizona,,10.000 biztanleko,6.0
2017,Dentista,Ez erretiratuak,Gizona,,10.000 biztanleko,6.1
2023,Dentista,Ez erretiratuak,Gizona,,10.000 biztanleko,5.9
2012,Dentista,Ez erretiratuak,Gizona,,10.000 biztanleko,5.8
2010,Dentista,Ez erretiratuak,Gizona,,10.000 biztanleko,7.8
2024,Dentista,Ez erretiratuak,Gizona,,10.000 biztanleko,5.7
2020,Dentista,Ez erretiratuak,Gizona,,10.000 biztanleko,5.9
2018,Dentista,Ez erretiratuak,Gizona,,10.000 biztanleko,6.1
2022,Dentista,Ez erretiratuak,Gizona,,10.000 biztanleko,6.0
2015,Dentista,Ez erretiratuak,Gizona,,10.000 biztanleko,6.2
2013,Dentista,Ez erretiratuak,Gizona,,10.000 biztanleko,6.0
2024,Dentista,Erretiratuak,Gizona,,10.000 biztanleko,0.5
2016,Dentista,Ez erretiratuak,Gizona,,10.000 biztanleko,6.1
2010,Dentista,Erretiratuak,Gizona,,10.000 biztanleko,0.0
2022,Dentista,Erretiratuak,Gizona,,10.000 biztanleko,0.5
2019,Dentista,Erretiratuak,Gizona,,10.000 biztanleko,0.3
2015,Dentista,Erretiratuak,Gizona,,10.000 biztanleko,0.3
2021,Dentista,Ez erretiratuak,Gizona,,10.000 biztanleko,6.1
2019,Dentista,Erretiratuak,Gizona,Araba / Álava,10.000 biztanleko,0.0
2017,Dentista,Ez erretiratuak,Gizona,Araba / Álava,10.000 biztanleko,4.6
2019,Dentista,Ez erretiratuak,Gizona,Araba / Álava,10.000 biztanleko,4.9
2024,Dentista,Erretiratuak,Gizona,Araba / Álava,10.000 biztanleko,0.0
2016,Dentista,Erretiratuak,Gizona,Araba / Álava,10.000 biztanleko,0.0
2012,Dentista,Erretiratuak,Gizona,Araba / Álava,10.000 biztanleko,0.0
2020,Dentista,Erretiratuak,Gizona,Araba / Álava,10.000 biztanleko,0.0
2015,Dentista,Ez erretiratuak,Gizona,Araba / Álava,10.000 biztanleko,4.7
2024,Dentista,Ez erretiratuak,Gizona,Araba / Álava,10.000 biztanleko,4.7
2013,Dentista,,Gizona,Araba / Álava,10.000 biztanleko,4.4
2017,Dentista,,Gizona,Araba / Álava,10.000 biztanleko,4.6
2014,Dentista,,Gizona,Araba / Álava,10.000 biztanleko,4.5
2021,Dentista,,Gizona,Araba / Álava,10.000 biztanleko,5.0
2015,Dentista,,Gizona,Araba / Álava,10.000 biztanleko,4.7
2022,Dentista,,Gizona,Araba / Álava,10.000 biztanleko,4.7
2010,Dentista,Ez erretiratuak,Gizona,Araba / Álava,10.000 biztanleko,5.9
2010,Dentista,,Gizona,Araba / Álava,10.000 biztanleko,5.9
2018,Dentista,,Gizona,Araba / Álava,10.000 biztanleko,4.7
2013,Dentista,Erretiratuak,Gizona,Araba / Álava,10.000 biztanleko,0.0
2014,Dentista,Ez erretiratuak,Gizona,Araba / Álava,10.000 biztanleko,4.5
2018,Dentista,Ez erretiratuak,Gizona,Araba / Álava,10.000 biztanleko,4.7
2023,Dentista,,Gizona,Araba / Álava,10.000 biztanleko,4.6
2021,Dentista,Erretiratuak,Gizona,Araba / Álava,10.000 biztanleko,0.0
2022,Dentista,Erretiratuak,Gizona,Araba / Álava,10.000 biztanleko,0.0
2018,Dentista,Erretiratuak,Gizona,Araba / Álava,10.000 biztanleko,0.0
2023,Dentista,Erretiratuak,Gizona,Araba / Álava,10.000 biztanleko,0.0
2017,Dentista,Erretiratuak,Gizona,Araba / Álava,10.000 biztanleko,0.0
2021,Dentista,Ez erretiratuak,Gizona,Araba / Álava,10.000 biztanleko,5.0
2013,Dentista,Ez erretiratuak,Gizona,Araba / Álava,10.000 biztanleko,4.4
2022,Dentista,Ez erretiratuak,Gizona,Araba / Álava,10.000 biztanleko,4.7
2020,Dentista,Ez erretiratuak,Gizona,Araba / Álava,10.000 biztanleko,4.9
2016,Dentista,Ez erretiratuak,Gizona,Araba / Álava,10.000 biztanleko,4.7
2012,Dentista,Ez erretiratuak,Gizona,Araba / Álava,10.000 biztanleko,4.3
2023,Dentista,Ez erretiratuak,Gizona,Araba / Álava,10.000 biztanleko,4.6
2010,Dentista,Erretiratuak,Gizona,Araba / Álava,10.000 biztanleko,0.0
2015,Dentista,Erretiratuak,Gizona,Araba / Álava,10.000 biztanleko,0.0
2014,Dentista,Erretiratuak,Gizona,Araba / Álava,10.000 biztanleko,0.0
2020,Dentista,,Gizona,Araba / Álava,10.000 biztanleko,4.9
2024,Dentista,,Gizona,Araba / Álava,10.000 biztanleko,4.7
2011,Dentista,,Gizona,Araba / Álava,10.000 biztanleko,6.0
2019,Dentista,,Gizona,Araba / Álava,10.000 biztanleko,4.9
2012,Dentista,,Gizona,Araba / Álava,10.000 biztanleko,4.3
2016,Dentista,,Gizona,Araba / Álava,10.000 biztanleko,4.7
2015,Dentista,Erretiratuak,Gizona,Bizkaia,10.000 biztanleko,0.0
2021,Dentista,Erretiratuak,Gizona,Bizkaia,10.000 biztanleko,0.0
2017,Dentista,Erretiratuak,Gizona,Bizkaia,10.000 biztanleko,0.0
2022,Dentista,Erretiratuak,Gizona,Bizkaia,10.000 biztanleko,0.0
2019,Dentista,Erretiratuak,Gizona,Bizkaia,10.000 biztanleko,0.0
2013,Dentista,Erretiratuak,Gizona,Bizkaia,10.000 biztanleko,0.0
2014,Dentista,Erretiratuak,Gizona,Bizkaia,10.000 biztanleko,0.0
2010,Dentista,Ez erretiratuak,Gizona,Bizkaia,10.000 biztanleko,8.3
2014,Dentista,Ez erretiratuak,Gizona,Bizkaia,10.000 biztanleko,6.7
2013,Dentista,Ez erretiratuak,Gizona,Bizkaia,10.000 biztanleko,6.6
2020,Dentista,Ez erretiratuak,Gizona,Bizkaia,10.000 biztanleko,6.5
2018,Dentista,Ez erretiratuak,Gizona,Bizkaia,10.000 biztanleko,6.8
2022,Dentista,Ez erretiratuak,Gizona,Bizkaia,10.000 biztanleko,6.5
2021,Dentista,Ez erretiratuak,Gizona,Bizkaia,10.000 biztanleko,6.6
2023,Dentista,Ez erretiratuak,Gizona,Bizkaia,10.000 biztanleko,6.4
2015,Dentista,Ez erretiratuak,Gizona,Bizkaia,10.000 biztanleko,6.8
2017,Dentista,Ez erretiratuak,Gizona,Bizkaia,10.000 biztanleko,6.9
2019,Dentista,Ez erretiratuak,Gizona,Bizkaia,10.000 biztanleko,6.7
2024,Dentista,Ez erretiratuak,Gizona,Bizkaia,10.000 biztanleko,6.1
2012,Dentista,Ez erretiratuak,Gizona,Bizkaia,10.000 biztanleko,6.4
2016,Dentista,Ez erretiratuak,Gizona,Bizkaia,10.000 biztanleko,6.8
2022,Dentista,,Gizona,Bizkaia,10.000 biztanleko,6.5
2018,Dentista,,Gizona,Bizkaia,10.000 biztanleko,6.8
2015,Dentista,,Gizona,Bizkaia,10.000 biztanleko,6.8
2024,Dentista,Erretiratuak,Gizona,Bizkaia,10.000 biztanleko,0.0
2020,Dentista,Erretiratuak,Gizona,Bizkaia,10.000 biztanleko,0.0
2016,Dentista,Erretiratuak,Gizona,Bizkaia,10.000 biztanleko,0.0
2012,Dentista,Erretiratuak,Gizona,Bizkaia,10.000 biztanleko,0.0
2018,Dentista,Erretiratuak,Gizona,Bizkaia,10.000 biztanleko,0.0
2017,Dentista,,Gizona,Bizkaia,10.000 biztanleko,6.9
2019,Dentista,,Gizona,Bizkaia,10.000 biztanleko,6.7
2011,Dentista,,Gizona,Bizkaia,10.000 biztanleko,8.4
2021,Dentista,,Gizona,Bizkaia,10.000 biztanleko,6.6
2012,Dentista,,Gizona,Bizkaia,10.000 biztanleko,6.4
2016,Dentista,,Gizona,Bizkaia,10.000 biztanleko,6.8
2014,Dentista,,Gizona,Bizkaia,10.000 biztanleko,6.7
2013,Dentista,,Gizona,Bizkaia,10.000 biztanleko,6.6
2023,Dentista,,Gizona,Bizkaia,10.000 biztanleko,6.4
2010,Dentista,,Gizona,Bizkaia,10.000 biztanleko,8.3
2024,Dentista,,Gizona,Bizkaia,10.000 biztanleko,6.1
2020,Dentista,,Gizona,Bizkaia,10.000 biztanleko,6.5
2023,Dentista,Erretiratuak,Gizona,Bizkaia,10.000 biztanleko,0.0
2010,Dentista,Erretiratuak,Gizona,Bizkaia,10.000 biztanleko,0.0
2012,Dentista,Erretiratuak,Gizona,Gipuzkoa,10.000 biztanleko,0.9
2015,Dentista,Erretiratuak,Gizona,Gipuzkoa,10.000 biztanleko,0.8
2022,Dentista,Ez erretiratuak,Gizona,Gipuzkoa,10.000 biztanleko,5.9
2014,Dentista,Ez erretiratuak,Gizona,Gipuzkoa,10.000 biztanleko,5.6
2024,Dentista,Erretiratuak,Gizona,Gipuzkoa,10.000 biztanleko,1.6
2018,Dentista,Ez erretiratuak,Gizona,Gipuzkoa,10.000 biztanleko,5.8
2013,Dentista,,Gizona,Gipuzkoa,10.000 biztanleko,6.5
2015,Dentista,,Gizona,Gipuzkoa,10.000 biztanleko,6.6
2014,Dentista,Erretiratuak,Gizona,Gipuzkoa,10.000 biztanleko,0.5
2022,Dentista,Erretiratuak,Gizona,Gipuzkoa,10.000 biztanleko,1.4
2019,Dentista,,Gizona,Gipuzkoa,10.000 biztanleko,7.0
2020,Dentista,,Gizona,Gipuzkoa,10.000 biztanleko,6.4
2016,Dentista,,Gizona,Gipuzkoa,10.000 biztanleko,6.6
2011,Dentista,,Gizona,Gipuzkoa,10.000 biztanleko,8.0
2014,Dentista,,Gizona,Gipuzkoa,10.000 biztanleko,6.1
2022,Dentista,,Gizona,Gipuzkoa,10.000 biztanleko,7.3
2017,Dentista,,Gizona,Gipuzkoa,10.000 biztanleko,6.5
2018,Dentista,,Gizona,Gipuzkoa,10.000 biztanleko,6.5
2023,Dentista,,Gizona,Gipuzkoa,10.000 biztanleko,7.3
2012,Dentista,,Gizona,Gipuzkoa,10.000 biztanleko,6.5
2021,Dentista,,Gizona,Gipuzkoa,10.000 biztanleko,7.2
2024,Dentista,,Gizona,Gipuzkoa,10.000 biztanleko,7.2
2010,Dentista,,Gizona,Gipuzkoa,10.000 biztanleko,7.9
2013,Dentista,Ez erretiratuak,Gizona,Gipuzkoa,10.000 biztanleko,5.8
2021,Dentista,Erretiratuak,Gizona,Gipuzkoa,10.000 biztanleko,1.3
2023,Dentista,Erretiratuak,Gizona,Gipuzkoa,10.000 biztanleko,1.5
2019,Dentista,Erretiratuak,Gizona,Gipuzkoa,10.000 biztanleko,1.1
2020,Dentista,Erretiratuak,Gizona,Gipuzkoa,10.000 biztanleko,1.1
2017,Dentista,Erretiratuak,Gizona,Gipuzkoa,10.000 biztanleko,0.8
2010,Dentista,Ez erretiratuak,Gizona,Gipuzkoa,10.000 biztanleko,7.9
2013,Dentista,Erretiratuak,Gizona,Gipuzkoa,10.000 biztanleko,0.8
2021,Dentista,Ez erretiratuak,Gizona,Gipuzkoa,10.000 biztanleko,5.9
2017,Dentista,Ez erretiratuak,Gizona,Gipuzkoa,10.000 biztanleko,5.7
2016,Dentista,Erretiratuak,Gizona,Gipuzkoa,10.000 biztanleko,0.8
2018,Dentista,Erretiratuak,Gizona,Gipuzkoa,10.000 biztanleko,0.7
2010,Dentista,Erretiratuak,Gizona,Gipuzkoa,10.000 biztanleko,0.0
2023,Dentista,Ez erretiratuak,Gizona,Gipuzkoa,10.000 biztanleko,5.7
2016,Dentista,Ez erretiratuak,Gizona,Gipuzkoa,10.000 biztanleko,5.8
2024,Dentista,Ez erretiratuak,Gizona,Gipuzkoa,10.000 biztanleko,5.6
2019,Dentista,Ez erretiratuak,Gizona,Gipuzkoa,10.000 biztanleko,6.0
2012,Dentista,Ez erretiratuak,Gizona,Gipuzkoa,10.000 biztanleko,5.6
2015,Dentista,Ez erretiratuak,Gizona,Gipuzkoa,10.000 biztanleko,5.8
2020,Dentista,Ez erretiratuak,Gizona,Gipuzkoa,10.000 biztanleko,5.2
2024,Farmazeutikoa,Ez erretiratuak,,,10.000 biztanleko,15.1
2016,Farmazeutikoa,Ez erretiratuak,,,10.000 biztanleko,14.2
2016,Farmazeutikoa,,,,10.000 biztanleko,15.4
2010,Farmazeutikoa,Ez erretiratuak,,,10.000 biztanleko,12.6
2020,Farmazeutikoa,,,,10.000 biztanleko,16.3
2015,Farmazeutikoa,Ez erretiratuak,,,10.000 biztanleko,13.8
2017,Farmazeutikoa,Ez erretiratuak,,,10.000 biztanleko,14.3
2015,Farmazeutikoa,,,,10.000 biztanleko,15.0
2013,Farmazeutikoa,Erretiratuak,,,10.000 biztanleko,0.8
2013,Farmazeutikoa,,,,10.000 biztanleko,14.4
2022,Farmazeutikoa,,,,10.000 biztanleko,16.7
2015,Farmazeutikoa,Erretiratuak,,,10.000 biztanleko,0.9
2010,Farmazeutikoa,Erretiratuak,,,10.000 biztanleko,0.7
2023,Farmazeutikoa,Erretiratuak,,,10.000 biztanleko,1.5
2018,Farmazeutikoa,,,,10.000 biztanleko,15.9
2017,Farmazeutikoa,Erretiratuak,,,10.000 biztanleko,1.1
2012,Farmazeutikoa,Ez erretiratuak,,,10.000 biztanleko,13.1
2024,Farmazeutikoa,,,,10.000 biztanleko,16.7
2014,Farmazeutikoa,,,,10.000 biztanleko,14.7
2010,Farmazeutikoa,,,,10.000 biztanleko,13.6
2014,Farmazeutikoa,Ez erretiratuak,,,10.000 biztanleko,13.6
2011,Farmazeutikoa,,,,10.000 biztanleko,13.8
2012,Farmazeutikoa,,,,10.000 biztanleko,14.1
2018,Farmazeutikoa,Erretiratuak,,,10.000 biztanleko,1.1
2024,Farmazeutikoa,Erretiratuak,,,10.000 biztanleko,1.6
2019,Farmazeutikoa,Erretiratuak,,,10.000 biztanleko,1.2
2020,Farmazeutikoa,Erretiratuak,,,10.000 biztanleko,1.2
2011,Farmazeutikoa,Ez erretiratuak,,,10.000 biztanleko,12.8
2022,Farmazeutikoa,Erretiratuak,,,10.000 biztanleko,1.3
2011,Farmazeutikoa,Erretiratuak,,,10.000 biztanleko,0.8
2021,Farmazeutikoa,Ez erretiratuak,,,10.000 biztanleko,14.9
2021,Farmazeutikoa,,,,10.000 biztanleko,16.4
2018,Farmazeutikoa,Ez erretiratuak,,,10.000 biztanleko,14.5
2013,Farmazeutikoa,Ez erretiratuak,,,10.000 biztanleko,13.3
2023,Farmazeutikoa,,,,10.000 biztanleko,16.6
2017,Farmazeutikoa,,,,10.000 biztanleko,15.6
2023,Farmazeutikoa,Ez erretiratuak,,,10.000 biztanleko,15.1
2016,Farmazeutikoa,Erretiratuak,,,10.000 biztanleko,1.0
2019,Farmazeutikoa,,,,10.000 biztanleko,15.9
2021,Farmazeutikoa,Erretiratuak,,,10.000 biztanleko,1.3
2012,Farmazeutikoa,Erretiratuak,,,10.000 biztanleko,0.8
2019,Farmazeutikoa,Ez erretiratuak,,,10.000 biztanleko,14.5
2014,Farmazeutikoa,Erretiratuak,,,10.000 biztanleko,0.9
2020,Farmazeutikoa,Ez erretiratuak,,,10.000 biztanleko,14.8
2022,Farmazeutikoa,Ez erretiratuak,,,10.000 biztanleko,15.4
2015,Farmazeutikoa,Ez erretiratuak,,Araba / Álava,10.000 biztanleko,14.6
2019,Farmazeutikoa,Ez erretiratuak,,Araba / Álava,10.000 biztanleko,15.3
2014,Farmazeutikoa,Erretiratuak,,Araba / Álava,10.000 biztanleko,0.5
2022,Farmazeutikoa,Erretiratuak,,Araba / Álava,10.000 biztanleko,0.7
2015,Farmazeutikoa,,,Araba / Álava,10.000 biztanleko,15.1
2013,Farmazeutikoa,,,Araba / Álava,10.000 biztanleko,14.7
2016,Farmazeutikoa,Erretiratuak,,Araba / Álava,10.000 biztanleko,0.7
2023,Farmazeutikoa,,,Araba / Álava,10.000 biztanleko,17.0
2018,Farmazeutikoa,,,Araba / Álava,10.000 biztanleko,15.9
2011,Farmazeutikoa,Erretiratuak,,Araba / Álava,10.000 biztanleko,0.5
2016,Farmazeutikoa,,,Araba / Álava,10.000 biztanleko,15.6
2023,Farmazeutikoa,Erretiratuak,,Araba / Álava,10.000 biztanleko,0.8
2012,Farmazeutikoa,Ez erretiratuak,,Araba / Álava,10.000 biztanleko,14.0
2010,Farmazeutikoa,Erretiratuak,,Araba / Álava,10.000 biztanleko,0.4
2018,Farmazeutikoa,Erretiratuak,,Araba / Álava,10.000 biztanleko,0.8
2019,Farmazeutikoa,Erretiratuak,,Araba / Álava,10.000 biztanleko,0.8
2012,Farmazeutikoa,Erretiratuak,,Araba / Álava,10.000 biztanleko,0.5
2015,Farmazeutikoa,Erretiratuak,,Araba / Álava,10.000 biztanleko,0.6
2024,Farmazeutikoa,Erretiratuak,,Araba / Álava,10.000 biztanleko,0.9
2022,Farmazeutikoa,,,Araba / Álava,10.000 biztanleko,17.2
2023,Farmazeutikoa,Ez erretiratuak,,Araba / Álava,10.000 biztanleko,16.1
2019,Farmazeutikoa,,,Araba / Álava,10.000 biztanleko,16.1
2014,Farmazeutikoa,Ez erretiratuak,,Araba / Álava,10.000 biztanleko,14.5
2010,Farmazeutikoa,Ez erretiratuak,,Araba / Álava,10.000 biztanleko,13.1
2017,Farmazeutikoa,Ez erretiratuak,,Araba / Álava,10.000 biztanleko,14.9
2011,Farmazeutikoa,,,Araba / Álava,10.000 biztanleko,13.9
2014,Farmazeutikoa,,,Araba / Álava,10.000 biztanleko,14.9
2021,Farmazeutikoa,Erretiratuak,,Araba / Álava,10.000 biztanleko,0.8
2017,Farmazeutikoa,Erretiratuak,,Araba / Álava,10.000 biztanleko,0.8
2010,Farmazeutikoa,,,Araba / Álava,10.000 biztanleko,13.7
2013,Farmazeutikoa,Erretiratuak,,Araba / Álava,10.000 biztanleko,0.5
2017,Farmazeutikoa,,,Araba / Álava,10.000 biztanleko,15.7
2022,Farmazeutikoa,Ez erretiratuak,,Araba / Álava,10.000 biztanleko,16.5
2021,Farmazeutikoa,,,Araba / Álava,10.000 biztanleko,16.5
2024,Farmazeutikoa,Ez erretiratuak,,Araba / Álava,10.000 biztanleko,16.3
2018,Farmazeutikoa,Ez erretiratuak,,Araba / Álava,10.000 biztanleko,15.1
2016,Farmazeutikoa,Ez erretiratuak,,Araba / Álava,10.000 biztanleko,14.9
2020,Farmazeutikoa,Erretiratuak,,Araba / Álava,10.000 biztanleko,0.8
2011,Farmazeutikoa,Ez erretiratuak,,Araba / Álava,10.000 biztanleko,13.4
2020,Farmazeutikoa,,,Araba / Álava,10.000 biztanleko,16.5
2013,Farmazeutikoa,Ez erretiratuak,,Araba / Álava,10.000 biztanleko,14.2
2012,Farmazeutikoa,,,Araba / Álava,10.000 biztanleko,14.5
2020,Farmazeutikoa,Ez erretiratuak,,Araba / Álava,10.000 biztanleko,15.8
2024,Farmazeutikoa,,,Araba / Álava,10.000 biztanleko,17.2
2021,Farmazeutikoa,Ez erretiratuak,,Araba / Álava,10.000 biztanleko,15.7
2024,Farmazeutikoa,Erretiratuak,,Bizkaia,10.000 biztanleko,1.2
2014,Farmazeutikoa,,,Bizkaia,10.000 biztanleko,14.8
2013,Farmazeutikoa,,,Bizkaia,10.000 biztanleko,14.6
2015,Farmazeutikoa,Erretiratuak,,Bizkaia,10.000 biztanleko,0.8
2013,Farmazeutikoa,Erretiratuak,,Bizkaia,10.000 biztanleko,0.9
2011,Farmazeutikoa,Erretiratuak,,Bizkaia,10.000 biztanleko,0.9
2014,Farmazeutikoa,Erretiratuak,,Bizkaia,10.000 biztanleko,0.9
2016,Farmazeutikoa,Erretiratuak,,Bizkaia,10.000 biztanleko,0.9
2020,Farmazeutikoa,Erretiratuak,,Bizkaia,10.000 biztanleko,1.0
2022,Farmazeutikoa,Erretiratuak,,Bizkaia,10.000 biztanleko,1.0
2010,Farmazeutikoa,Erretiratuak,,Bizkaia,10.000 biztanleko,0.8
2012,Farmazeutikoa,,,Bizkaia,10.000 biztanleko,14.3
2024,Farmazeutikoa,Ez erretiratuak,,Bizkaia,10.000 biztanleko,15.2
2023,Farmazeutikoa,,,Bizkaia,10.000 biztanleko,16.4
2015,Farmazeutikoa,,,Bizkaia,10.000 biztanleko,15.2
2019,Farmazeutikoa,,,Bizkaia,10.000 biztanleko,15.9
2017,Farmazeutikoa,,,Bizkaia,10.000 biztanleko,15.8
2024,Farmazeutikoa,,,Bizkaia,10.000 biztanleko,16.4
2023,Farmazeutikoa,Ez erretiratuak,,Bizkaia,10.000 biztanleko,15.3
2021,Farmazeutikoa,Ez erretiratuak,,Bizkaia,10.000 biztanleko,15.0
2018,Farmazeutikoa,,,Bizkaia,10.000 biztanleko,16.0
2020,Farmazeutikoa,,,Bizkaia,10.000 biztanleko,16.2
2019,Farmazeutikoa,Ez erretiratuak,,Bizkaia,10.000 biztanleko,14.6
2020,Farmazeutikoa,Ez erretiratuak,,Bizkaia,10.000 biztanleko,14.8
2022,Farmazeutikoa,Ez erretiratuak,,Bizkaia,10.000 biztanleko,15.5
2015,Farmazeutikoa,Ez erretiratuak,,Bizkaia,10.000 biztanleko,13.9
2021,Farmazeutikoa,,,Bizkaia,10.000 biztanleko,16.5
2010,Farmazeutikoa,,,Bizkaia,10.000 biztanleko,14.0
2013,Farmazeutikoa,Ez erretiratuak,,Bizkaia,10.000 biztanleko,13.3
2017,Farmazeutikoa,Ez erretiratuak,,Bizkaia,10.000 biztanleko,14.4
2012,Farmazeutikoa,Ez erretiratuak,,Bizkaia,10.000 biztanleko,13.0
2012,Farmazeutikoa,Erretiratuak,,Bizkaia,10.000 biztanleko,0.9
2014,Farmazeutikoa,Ez erretiratuak,,Bizkaia,10.000 biztanleko,13.5
2018,Farmazeutikoa,Erretiratuak,,Bizkaia,10.000 biztanleko,1.0
2017,Farmazeutikoa,Erretiratuak,,Bizkaia,10.000 biztanleko,0.9
2021,Farmazeutikoa,Erretiratuak,,Bizkaia,10.000 biztanleko,1.1
2023,Farmazeutikoa,Erretiratuak,,Bizkaia,10.000 biztanleko,1.2
2019,Farmazeutikoa,Erretiratuak,,Bizkaia,10.000 biztanleko,0.9
2016,Farmazeutikoa,Ez erretiratuak,,Bizkaia,10.000 biztanleko,14.3
2016,Farmazeutikoa,,,Bizkaia,10.000 biztanleko,15.6
2010,Farmazeutikoa,Ez erretiratuak,,Bizkaia,10.000 biztanleko,12.8
2011,Farmazeutikoa,,,Bizkaia,10.000 biztanleko,14.1
2018,Farmazeutikoa,Ez erretiratuak,,Bizkaia,10.000 biztanleko,14.6
2022,Farmazeutikoa,,,Bizkaia,10.000 biztanleko,16.5
2011,Farmazeutikoa,Ez erretiratuak,,Bizkaia,10.000 biztanleko,12.9
2020,Farmazeutikoa,,,Gipuzkoa,10.000 biztanleko,16.3
2012,Farmazeutikoa,,,Gipuzkoa,10.000 biztanleko,13.6
2022,Farmazeutikoa,Erretiratuak,,Gipuzkoa,10.000 biztanleko,2.1
2018,Farmazeutikoa,Ez erretiratuak,,Gipuzkoa,10.000 biztanleko,14.1
2014,Farmazeutikoa,Ez erretiratuak,,Gipuzkoa,10.000 biztanleko,13.4
2010,Farmazeutikoa,Ez erretiratuak,,Gipuzkoa,10.000 biztanleko,12.0
2020,Farmazeutikoa,Erretiratuak,,Gipuzkoa,10.000 biztanleko,1.9
2024,Farmazeutikoa,Erretiratuak,,Gipuzkoa,10.000 biztanleko,2.5
2016,Farmazeutikoa,Ez erretiratuak,,Gipuzkoa,10.000 biztanleko,13.6
2023,Farmazeutikoa,Erretiratuak,,Gipuzkoa,10.000 biztanleko,2.2
2014,Farmazeutikoa,Erretiratuak,,Gipuzkoa,10.000 biztanleko,1.0
2017,Farmazeutikoa,Erretiratuak,,Gipuzkoa,10.000 biztanleko,1.3
2017,Farmazeutikoa,Ez erretiratuak,,Gipuzkoa,10.000 biztanleko,13.9
2010,Farmazeutikoa,Erretiratuak,,Gipuzkoa,10.000 biztanleko,0.9
2016,Farmazeutikoa,,,Gipuzkoa,10.000 biztanleko,14.8
2012,Farmazeutikoa,Erretiratuak,,Gipuzkoa,10.000 biztanleko,0.9
2013,Farmazeutikoa,Erretiratuak,,Gipuzkoa,10.000 biztanleko,0.9
2012,Farmazeutikoa,Ez erretiratuak,,Gipuzkoa,10.000 biztanleko,12.8
2019,Farmazeutikoa,Ez erretiratuak,,Gipuzkoa,10.000 biztanleko,14.1
2015,Farmazeutikoa,,,Gipuzkoa,10.000 biztanleko,14.5
2023,Farmazeutikoa,,,Gipuzkoa,10.000 biztanleko,16.7
2017,Farmazeutikoa,,,Gipuzkoa,10.000 biztanleko,15.2
2014,Farmazeutikoa,,,Gipuzkoa,10.000 biztanleko,14.5
2022,Farmazeutikoa,,,Gipuzkoa,10.000 biztanleko,16.8
2013,Farmazeutikoa,Ez erretiratuak,,Gipuzkoa,10.000 biztanleko,13.0
2013,Farmazeutikoa,,,Gipuzkoa,10.000 biztanleko,14.0
2021,Farmazeutikoa,,,Gipuzkoa,10.000 biztanleko,16.4
2018,Farmazeutikoa,,,Gipuzkoa,10.000 biztanleko,15.7
2019,Farmazeutikoa,,,Gipuzkoa,10.000 biztanleko,15.8
2011,Farmazeutikoa,,,Gipuzkoa,10.000 biztanleko,13.2
2010,Farmazeutikoa,,,Gipuzkoa,10.000 biztanleko,12.9
2024,Farmazeutikoa,,,Gipuzkoa,10.000 biztanleko,16.8
2022,Farmazeutikoa,Ez erretiratuak,,Gipuzkoa,10.000 biztanleko,14.6
2024,Farmazeutikoa,Ez erretiratuak,,Gipuzkoa,10.000 biztanleko,14.3
2018,Farmazeutikoa,Erretiratuak,,Gipuzkoa,10.000 biztanleko,1.5
2011,Farmazeutikoa,Erretiratuak,,Gipuzkoa,10.000 biztanleko,0.9
2015,Farmazeutikoa,Erretiratuak,,Gipuzkoa,10.000 biztanleko,1.1
2016,Farmazeutikoa,Erretiratuak,,Gipuzkoa,10.000 biztanleko,1.2
2020,Farmazeutikoa,Ez erretiratuak,,Gipuzkoa,10.000 biztanleko,14.5
2019,Farmazeutikoa,Erretiratuak,,Gipuzkoa,10.000 biztanleko,1.7
2021,Farmazeutikoa,Erretiratuak,,Gipuzkoa,10.000 biztanleko,1.9
2021,Farmazeutikoa,Ez erretiratuak,,Gipuzkoa,10.000 biztanleko,14.5
2023,Farmazeutikoa,Ez erretiratuak,,Gipuzkoa,10.000 biztanleko,14.5
2011,Farmazeutikoa,Ez erretiratuak,,Gipuzkoa,10.000 biztanleko,12.3
2015,Farmazeutikoa,Ez erretiratuak,,Gipuzkoa,10.000 biztanleko,13.3
2013,Farmazeutikoa,,Emakumea,,10.000 biztanleko,22.4
2014,Farmazeutikoa,,Emakumea,,10.000 biztanleko,22.9
2017,Farmazeutikoa,,Emakumea,,10.000 biztanleko,24.3
2015,Farmazeutikoa,,Emakumea,,10.000 biztanleko,23.3
2011,Farmazeutikoa,,Emakumea,,10.000 biztanleko,21.6
2021,Farmazeutikoa,Erretiratuak,Emakumea,,10.000 biztanleko,1.8
2023,Farmazeutikoa,,Emakumea,,10.000 biztanleko,25.9
2022,Farmazeutikoa,,Emakumea,,10.000 biztanleko,26.2
2011,Farmazeutikoa,Erretiratuak,Emakumea,,10.000 biztanleko,0.9
2023,Farmazeutikoa,Ez erretiratuak,Emakumea,,10.000 biztanleko,23.9
2014,Farmazeutikoa,Ez erretiratuak,Emakumea,,10.000 biztanleko,21.5
2024,Farmazeutikoa,,Emakumea,,10.000 biztanleko,26.0
2017,Farmazeutikoa,Erretiratuak,Emakumea,,10.000 biztanleko,1.4
2018,Farmazeutikoa,,Emakumea,,10.000 biztanleko,24.7
2010,Farmazeutikoa,Erretiratuak,Emakumea,,10.000 biztanleko,0.8
2016,Farmazeutikoa,,Emakumea,,10.000 biztanleko,23.9
2012,Farmazeutikoa,Erretiratuak,Emakumea,,10.000 biztanleko,0.9
2020,Farmazeutikoa,,Emakumea,,10.000 biztanleko,25.3
2018,Farmazeutikoa,Erretiratuak,Emakumea,,10.000 biztanleko,1.5
2019,Farmazeutikoa,,Emakumea,,10.000 biztanleko,24.8
2024,Farmazeutikoa,Erretiratuak,Emakumea,,10.000 biztanleko,2.2
2010,Farmazeutikoa,,Emakumea,,10.000 biztanleko,21.2
2016,Farmazeutikoa,Ez erretiratuak,Emakumea,,10.000 biztanleko,22.3
2021,Farmazeutikoa,Ez erretiratuak,Emakumea,,10.000 biztanleko,23.6
2018,Farmazeutikoa,Ez erretiratuak,Emakumea,,10.000 biztanleko,22.8
2013,Farmazeutikoa,Ez erretiratuak,Emakumea,,10.000 biztanleko,21.1
2012,Farmazeutikoa,,Emakumea,,10.000 biztanleko,21.9
2014,Farmazeutikoa,Erretiratuak,Emakumea,,10.000 biztanleko,1.0
2016,Farmazeutikoa,Erretiratuak,Emakumea,,10.000 biztanleko,1.2
2015,Farmazeutikoa,Erretiratuak,Emakumea,,10.000 biztanleko,1.1
2021,Farmazeutikoa,,Emakumea,,10.000 biztanleko,25.8
2024,Farmazeutikoa,Ez erretiratuak,Emakumea,,10.000 biztanleko,23.8
2023,Farmazeutikoa,Erretiratuak,Emakumea,,10.000 biztanleko,2.0
2022,Farmazeutikoa,Ez erretiratuak,Emakumea,,10.000 biztanleko,24.3
2020,Farmazeutikoa,Ez erretiratuak,Emakumea,,10.000 biztanleko,23.3
2011,Farmazeutikoa,Ez erretiratuak,Emakumea,,10.000 biztanleko,20.4
2012,Farmazeutikoa,Ez erretiratuak,Emakumea,,10.000 biztanleko,20.7
2020,Farmazeutikoa,Erretiratuak,Emakumea,,10.000 biztanleko,1.7
2010,Farmazeutikoa,Ez erretiratuak,Emakumea,,10.000 biztanleko,20.1
2017,Farmazeutikoa,Ez erretiratuak,Emakumea,,10.000 biztanleko,22.6
2019,Farmazeutikoa,Ez erretiratuak,Emakumea,,10.000 biztanleko,22.9
2013,Farmazeutikoa,Erretiratuak,Emakumea,,10.000 biztanleko,0.9
2022,Farmazeutikoa,Erretiratuak,Emakumea,,10.000 biztanleko,1.9
2019,Farmazeutikoa,Erretiratuak,Emakumea,,10.000 biztanleko,1.5
2015,Farmazeutikoa,Ez erretiratuak,Emakumea,,10.000 biztanleko,21.8
2023,Farmazeutikoa,,Emakumea,Araba / Álava,10.000 biztanleko,26.8
2012,Farmazeutikoa,Erretiratuak,Emakumea,Araba / Álava,10.000 biztanleko,0.6
2020,Farmazeutikoa,Erretiratuak,Emakumea,Araba / Álava,10.000 biztanleko,1.0
2024,Farmazeutikoa,Erretiratuak,Emakumea,Araba / Álava,10.000 biztanleko,1.3
2011,Farmazeutikoa,,Emakumea,Araba / Álava,10.000 biztanleko,21.9
2014,Farmazeutikoa,Ez erretiratuak,Emakumea,Araba / Álava,10.000 biztanleko,22.7
2016,Farmazeutikoa,Ez erretiratuak,Emakumea,Araba / Álava,10.000 biztanleko,22.7
2011,Farmazeutikoa,Ez erretiratuak,Emakumea,Araba / Álava,10.000 biztanleko,21.3
2023,Farmazeutikoa,Ez erretiratuak,Emakumea,Araba / Álava,10.000 biztanleko,25.6
2024,Farmazeutikoa,Ez erretiratuak,Emakumea,Araba / Álava,10.000 biztanleko,26.1
2018,Farmazeutikoa,Ez erretiratuak,Emakumea,Araba / Álava,10.000 biztanleko,23.1
2021,Farmazeutikoa,Ez erretiratuak,Emakumea,Araba / Álava,10.000 biztanleko,24.4
2013,Farmazeutikoa,,Emakumea,Araba / Álava,10.000 biztanleko,22.8
2021,Farmazeutikoa,,Emakumea,Araba / Álava,10.000 biztanleko,25.4
2018,Farmazeutikoa,,Emakumea,Araba / Álava,10.000 biztanleko,24.1
2012,Farmazeutikoa,,Emakumea,Araba / Álava,10.000 biztanleko,22.5
2017,Farmazeutikoa,,Emakumea,Araba / Álava,10.000 biztanleko,23.9
2010,Farmazeutikoa,Ez erretiratuak,Emakumea,Araba / Álava,10.000 biztanleko,20.6
2014,Farmazeutikoa,,Emakumea,Araba / Álava,10.000 biztanleko,23.2
2017,Farmazeutikoa,Erretiratuak,Emakumea,Araba / Álava,10.000 biztanleko,1.0
2021,Farmazeutikoa,Erretiratuak,Emakumea,Araba / Álava,10.000 biztanleko,1.0
2015,Farmazeutikoa,Erretiratuak,Emakumea,Araba / Álava,10.000 biztanleko,0.7
2013,Farmazeutikoa,Erretiratuak,Emakumea,Araba / Álava,10.000 biztanleko,0.6
2018,Farmazeutikoa,Erretiratuak,Emakumea,Araba / Álava,10.000 biztanleko,1.0
2019,Farmazeutikoa,Erretiratuak,Emakumea,Araba / Álava,10.000 biztanleko,1.0
2023,Farmazeutikoa,Erretiratuak,Emakumea,Araba / Álava,10.000 biztanleko,1.2
2015,Farmazeutikoa,,Emakumea,Araba / Álava,10.000 biztanleko,23.2
2011,Farmazeutikoa,Erretiratuak,Emakumea,Araba / Álava,10.000 biztanleko,0.6
2019,Farmazeutikoa,,Emakumea,Araba / Álava,10.000 biztanleko,24.5
2014,Farmazeutikoa,Erretiratuak,Emakumea,Araba / Álava,10.000 biztanleko,0.6
2022,Farmazeutikoa,Ez erretiratuak,Emakumea,Araba / Álava,10.000 biztanleko,26.3
2017,Farmazeutikoa,Ez erretiratuak,Emakumea,Araba / Álava,10.000 biztanleko,22.9
2020,Farmazeutikoa,Ez erretiratuak,Emakumea,Araba / Álava,10.000 biztanleko,24.4
2019,Farmazeutikoa,Ez erretiratuak,Emakumea,Araba / Álava,10.000 biztanleko,23.5
2012,Farmazeutikoa,Ez erretiratuak,Emakumea,Araba / Álava,10.000 biztanleko,21.9
2013,Farmazeutikoa,Ez erretiratuak,Emakumea,Araba / Álava,10.000 biztanleko,22.2
2015,Farmazeutikoa,Ez erretiratuak,Emakumea,Araba / Álava,10.000 biztanleko,22.4
2024,Farmazeutikoa,,Emakumea,Araba / Álava,10.000 biztanleko,27.4
2022,Farmazeutikoa,,Emakumea,Araba / Álava,10.000 biztanleko,27.3
2010,Farmazeutikoa,,Emakumea,Araba / Álava,10.000 biztanleko,21.1
2020,Farmazeutikoa,,Emakumea,Araba / Álava,10.000 biztanleko,25.4
2010,Farmazeutikoa,Erretiratuak,Emakumea,Araba / Álava,10.000 biztanleko,0.5
2016,Farmazeutikoa,Erretiratuak,Emakumea,Araba / Álava,10.000 biztanleko,0.9
2022,Farmazeutikoa,Erretiratuak,Emakumea,Araba / Álava,10.000 biztanleko,1.0
2016,Farmazeutikoa,,Emakumea,Araba / Álava,10.000 biztanleko,23.6
2016,Farmazeutikoa,,Emakumea,Bizkaia,10.000 biztanleko,24.2
2020,Farmazeutikoa,,Emakumea,Bizkaia,10.000 biztanleko,25.0
2012,Farmazeutikoa,,Emakumea,Bizkaia,10.000 biztanleko,22.1
2023,Farmazeutikoa,,Emakumea,Bizkaia,10.000 biztanleko,25.2
2017,Farmazeutikoa,,Emakumea,Bizkaia,10.000 biztanleko,24.4
2013,Farmazeutikoa,,Emakumea,Bizkaia,10.000 biztanleko,22.6
2024,Farmazeutikoa,,Emakumea,Bizkaia,10.000 biztanleko,25.2
2020,Farmazeutikoa,Erretiratuak,Emakumea,Bizkaia,10.000 biztanleko,1.3
2023,Farmazeutikoa,Erretiratuak,Emakumea,Bizkaia,10.000 biztanleko,1.6
2011,Farmazeutikoa,Erretiratuak,Emakumea,Bizkaia,10.000 biztanleko,1.0
2015,Farmazeutikoa,Erretiratuak,Emakumea,Bizkaia,10.000 biztanleko,0.9
2017,Farmazeutikoa,Erretiratuak,Emakumea,Bizkaia,10.000 biztanleko,1.2
2022,Farmazeutikoa,,Emakumea,Bizkaia,10.000 biztanleko,25.7
2021,Farmazeutikoa,,Emakumea,Bizkaia,10.000 biztanleko,25.5
2018,Farmazeutikoa,,Emakumea,Bizkaia,10.000 biztanleko,24.7
2011,Farmazeutikoa,,Emakumea,Bizkaia,10.000 biztanleko,22.1
2019,Farmazeutikoa,,Emakumea,Bizkaia,10.000 biztanleko,24.7
2010,Farmazeutikoa,,Emakumea,Bizkaia,10.000 biztanleko,21.8
2015,Farmazeutikoa,,Emakumea,Bizkaia,10.000 biztanleko,23.5
2010,Farmazeutikoa,Erretiratuak,Emakumea,Bizkaia,10.000 biztanleko,0.8
2013,Farmazeutikoa,Erretiratuak,Emakumea,Bizkaia,10.000 biztanleko,1.0
2012,Farmazeutikoa,Erretiratuak,Emakumea,Bizkaia,10.000 biztanleko,1.0
2016,Farmazeutikoa,Erretiratuak,Emakumea,Bizkaia,10.000 biztanleko,1.1
2021,Farmazeutikoa,Erretiratuak,Emakumea,Bizkaia,10.000 biztanleko,1.5
2018,Farmazeutikoa,Erretiratuak,Emakumea,Bizkaia,10.000 biztanleko,1.2
2014,Farmazeutikoa,Erretiratuak,Emakumea,Bizkaia,10.000 biztanleko,1.0
2022,Farmazeutikoa,Erretiratuak,Emakumea,Bizkaia,10.000 biztanleko,1.4
2024,Farmazeutikoa,Erretiratuak,Emakumea,Bizkaia,10.000 biztanleko,1.6
2019,Farmazeutikoa,Erretiratuak,Emakumea,Bizkaia,10.000 biztanleko,1.2
2011,Farmazeutikoa,Ez erretiratuak,Emakumea,Bizkaia,10.000 biztanleko,20.6
2010,Farmazeutikoa,Ez erretiratuak,Emakumea,Bizkaia,10.000 biztanleko,20.5
2012,Farmazeutikoa,Ez erretiratuak,Emakumea,Bizkaia,10.000 biztanleko,20.6
2024,Farmazeutikoa,Ez erretiratuak,Emakumea,Bizkaia,10.000 biztanleko,23.6
2021,Farmazeutikoa,Ez erretiratuak,Emakumea,Bizkaia,10.000 biztanleko,23.3
2016,Farmazeutikoa,Ez erretiratuak,Emakumea,Bizkaia,10.000 biztanleko,22.5
2022,Farmazeutikoa,Ez erretiratuak,Emakumea,Bizkaia,10.000 biztanleko,24.3
2019,Farmazeutikoa,Ez erretiratuak,Emakumea,Bizkaia,10.000 biztanleko,22.8
2015,Farmazeutikoa,Ez erretiratuak,Emakumea,Bizkaia,10.000 biztanleko,21.8
2020,Farmazeutikoa,Ez erretiratuak,Emakumea,Bizkaia,10.000 biztanleko,23.1
2017,Farmazeutikoa,Ez erretiratuak,Emakumea,Bizkaia,10.000 biztanleko,22.5
2023,Farmazeutikoa,Ez erretiratuak,Emakumea,Bizkaia,10.000 biztanleko,23.6
2013,Farmazeutikoa,Ez erretiratuak,Emakumea,Bizkaia,10.000 biztanleko,21.0
2014,Farmazeutikoa,Ez erretiratuak,Emakumea,Bizkaia,10.000 biztanleko,21.2
2018,Farmazeutikoa,Ez erretiratuak,Emakumea,Bizkaia,10.000 biztanleko,22.8
2014,Farmazeutikoa,,Emakumea,Bizkaia,10.000 biztanleko,22.9
2022,Farmazeutikoa,Erretiratuak,Emakumea,Gipuzkoa,10.000 biztanleko,3.1
2014,Farmazeutikoa,Erretiratuak,Emakumea,Gipuzkoa,10.000 biztanleko,1.2
2018,Farmazeutikoa,Erretiratuak,Emakumea,Gipuzkoa,10.000 biztanleko,2.1
2010,Farmazeutikoa,Erretiratuak,Emakumea,Gipuzkoa,10.000 biztanleko,0.9
2024,Farmazeutikoa,Erretiratuak,Emakumea,Gipuzkoa,10.000 biztanleko,3.5
2020,Farmazeutikoa,Erretiratuak,Emakumea,Gipuzkoa,10.000 biztanleko,2.6
2011,Farmazeutikoa,Erretiratuak,Emakumea,Gipuzkoa,10.000 biztanleko,1.0
2016,Farmazeutikoa,Erretiratuak,Emakumea,Gipuzkoa,10.000 biztanleko,1.5
2023,Farmazeutikoa,Erretiratuak,Emakumea,Gipuzkoa,10.000 biztanleko,3.1
2015,Farmazeutikoa,Erretiratuak,Emakumea,Gipuzkoa,10.000 biztanleko,1.4
2016,Farmazeutikoa,,Emakumea,Gipuzkoa,10.000 biztanleko,23.4
2014,Farmazeutikoa,Ez erretiratuak,Emakumea,Gipuzkoa,10.000 biztanleko,21.5
2020,Farmazeutikoa,,Emakumea,Gipuzkoa,10.000 biztanleko,25.8
2023,Farmazeutikoa,,Emakumea,Gipuzkoa,10.000 biztanleko,26.7
2013,Farmazeutikoa,,Emakumea,Gipuzkoa,10.000 biztanleko,21.9
2017,Farmazeutikoa,Erretiratuak,Emakumea,Gipuzkoa,10.000 biztanleko,1.8
2012,Farmazeutikoa,Erretiratuak,Emakumea,Gipuzkoa,10.000 biztanleko,0.9
2013,Farmazeutikoa,Erretiratuak,Emakumea,Gipuzkoa,10.000 biztanleko,1.1
2019,Farmazeutikoa,Erretiratuak,Emakumea,Gipuzkoa,10.000 biztanleko,2.4
2024,Farmazeutikoa,,Emakumea,Gipuzkoa,10.000 biztanleko,26.7
2015,Farmazeutikoa,,Emakumea,Gipuzkoa,10.000 biztanleko,23.0
2018,Farmazeutikoa,,Emakumea,Gipuzkoa,10.000 biztanleko,24.8
2021,Farmazeutikoa,Erretiratuak,Emakumea,Gipuzkoa,10.000 biztanleko,2.6
2010,Farmazeutikoa,Ez erretiratuak,Emakumea,Gipuzkoa,10.000 biztanleko,19.3
2012,Farmazeutikoa,Ez erretiratuak,Emakumea,Gipuzkoa,10.000 biztanleko,20.3
2011,Farmazeutikoa,Ez erretiratuak,Emakumea,Gipuzkoa,10.000 biztanleko,19.7
2024,Farmazeutikoa,Ez erretiratuak,Emakumea,Gipuzkoa,10.000 biztanleko,23.2
2022,Farmazeutikoa,Ez erretiratuak,Emakumea,Gipuzkoa,10.000 biztanleko,23.4
2018,Farmazeutikoa,Ez erretiratuak,Emakumea,Gipuzkoa,10.000 biztanleko,22.7
2021,Farmazeutikoa,Ez erretiratuak,Emakumea,Gipuzkoa,10.000 biztanleko,23.7
2017,Farmazeutikoa,Ez erretiratuak,Emakumea,Gipuzkoa,10.000 biztanleko,22.6
2023,Farmazeutikoa,Ez erretiratuak,Emakumea,Gipuzkoa,10.000 biztanleko,23.5
2015,Farmazeutikoa,Ez erretiratuak,Emakumea,Gipuzkoa,10.000 biztanleko,21.6
2019,Farmazeutikoa,Ez erretiratuak,Emakumea,Gipuzkoa,10.000 biztanleko,22.7
2013,Farmazeutikoa,Ez erretiratuak,Emakumea,Gipuzkoa,10.000 biztanleko,20.8
2016,Farmazeutikoa,Ez erretiratuak,Emakumea,Gipuzkoa,10.000 biztanleko,21.9
2020,Farmazeutikoa,Ez erretiratuak,Emakumea,Gipuzkoa,10.000 biztanleko,23.2
2022,Farmazeutikoa,,Emakumea,Gipuzkoa,10.000 biztanleko,26.5
2014,Farmazeutikoa,,Emakumea,Gipuzkoa,10.000 biztanleko,22.7
2012,Farmazeutikoa,,Emakumea,Gipuzkoa,10.000 biztanleko,21.3
2019,Farmazeutikoa,,Emakumea,Gipuzkoa,10.000 biztanleko,25.1
2011,Farmazeutikoa,,Emakumea,Gipuzkoa,10.000 biztanleko,20.7
2021,Farmazeutikoa,,Emakumea,Gipuzkoa,10.000 biztanleko,26.4
2010,Farmazeutikoa,,Emakumea,Gipuzkoa,10.000 biztanleko,20.2
2017,Farmazeutikoa,,Emakumea,Gipuzkoa,10.000 biztanleko,24.4
2020,Farmazeutikoa,Ez erretiratuak,Gizona,,10.000 biztanleko,5.8
2012,Farmazeutikoa,,Gizona,,10.000 biztanleko,5.9
2018,Farmazeutikoa,Ez erretiratuak,Gizona,,10.000 biztanleko,5.7
2017,Farmazeutikoa,Ez erretiratuak,Gizona,,10.000 biztanleko,5.5
2021,Farmazeutikoa,Ez erretiratuak,Gizona,,10.000 biztanleko,5.7
2013,Farmazeutikoa,Ez erretiratuak,Gizona,,10.000 biztanleko,5.2
2019,Farmazeutikoa,Ez erretiratuak,Gizona,,10.000 biztanleko,5.7
2014,Farmazeutikoa,,Gizona,,10.000 biztanleko,6.1
2017,Farmazeutikoa,,Gizona,,10.000 biztanleko,6.3
2018,Farmazeutikoa,,Gizona,,10.000 biztanleko,6.5
2014,Farmazeutikoa,Erretiratuak,Gizona,,10.000 biztanleko,0.7
2018,Farmazeutikoa,Erretiratuak,Gizona,,10.000 biztanleko,0.8
2024,Farmazeutikoa,,Gizona,,10.000 biztanleko,6.7
2022,Farmazeutikoa,Erretiratuak,Gizona,,10.000 biztanleko,0.8
2015,Farmazeutikoa,Ez erretiratuak,Gizona,,10.000 biztanleko,5.3
2019,Farmazeutikoa,,Gizona,,10.000 biztanleko,6.5
2024,Farmazeutikoa,Erretiratuak,Gizona,,10.000 biztanleko,0.9
2020,Farmazeutikoa,Erretiratuak,Gizona,,10.000 biztanleko,0.8
2016,Farmazeutikoa,Erretiratuak,Gizona,,10.000 biztanleko,0.7
2010,Farmazeutikoa,,Gizona,,10.000 biztanleko,5.6
2023,Farmazeutikoa,,Gizona,,10.000 biztanleko,6.7
2011,Farmazeutikoa,Ez erretiratuak,Gizona,,10.000 biztanleko,4.7
2024,Farmazeutikoa,Ez erretiratuak,Gizona,,10.000 biztanleko,5.8
2013,Farmazeutikoa,Erretiratuak,Gizona,,10.000 biztanleko,0.7
2011,Farmazeutikoa,,Gizona,,10.000 biztanleko,5.6
2022,Farmazeutikoa,,Gizona,,10.000 biztanleko,6.7
2013,Farmazeutikoa,,Gizona,,10.000 biztanleko,6.0
2022,Farmazeutikoa,Ez erretiratuak,Gizona,,10.000 biztanleko,5.9
2021,Farmazeutikoa,,Gizona,,10.000 biztanleko,6.5
2020,Farmazeutikoa,,Gizona,,10.000 biztanleko,6.7
2023,Farmazeutikoa,Ez erretiratuak,Gizona,,10.000 biztanleko,5.9
2014,Farmazeutikoa,Ez erretiratuak,Gizona,,10.000 biztanleko,5.3
2012,Farmazeutikoa,Ez erretiratuak,Gizona,,10.000 biztanleko,5.1
2010,Farmazeutikoa,Ez erretiratuak,Gizona,,10.000 biztanleko,4.8
2015,Farmazeutikoa,,Gizona,,10.000 biztanleko,6.1
2023,Farmazeutikoa,Erretiratuak,Gizona,,10.000 biztanleko,0.8
2015,Farmazeutikoa,Erretiratuak,Gizona,,10.000 biztanleko,0.7
2012,Farmazeutikoa,Erretiratuak,Gizona,,10.000 biztanleko,0.7
2010,Farmazeutikoa,Erretiratuak,Gizona,,10.000 biztanleko,0.7
2011,Farmazeutikoa,Erretiratuak,Gizona,,10.000 biztanleko,0.7
2019,Farmazeutikoa,Erretiratuak,Gizona,,10.000 biztanleko,0.7
2021,Farmazeutikoa,Erretiratuak,Gizona,,10.000 biztanleko,0.8
2016,Farmazeutikoa,,Gizona,,10.000 biztanleko,6.3
2016,Farmazeutikoa,Ez erretiratuak,Gizona,,10.000 biztanleko,5.5
2017,Farmazeutikoa,Erretiratuak,Gizona,,10.000 biztanleko,0.7
2015,Farmazeutikoa,,Gizona,Araba / Álava,10.000 biztanleko,6.9
2019,Farmazeutikoa,,Gizona,Araba / Álava,10.000 biztanleko,7.3
2016,Farmazeutikoa,,Gizona,Araba / Álava,10.000 biztanleko,7.3
2019,Farmazeutikoa,Erretiratuak,Gizona,Araba / Álava,10.000 biztanleko,0.6
2020,Farmazeutikoa,Erretiratuak,Gizona,Araba / Álava,10.000 biztanleko,0.6
2018,Farmazeutikoa,Erretiratuak,Gizona,Araba / Álava,10.000 biztanleko,0.6
2014,Farmazeutikoa,Erretiratuak,Gizona,Araba / Álava,10.000 biztanleko,0.4
2024,Farmazeutikoa,Erretiratuak,Gizona,Araba / Álava,10.000 biztanleko,0.4
2021,Farmazeutikoa,Erretiratuak,Gizona,Araba / Álava,10.000 biztanleko,0.6
2017,Farmazeutikoa,Erretiratuak,Gizona,Araba / Álava,10.000 biztanleko,0.6
2013,Farmazeutikoa,Erretiratuak,Gizona,Araba / Álava,10.000 biztanleko,0.4
2011,Farmazeutikoa,Erretiratuak,Gizona,Araba / Álava,10.000 biztanleko,0.4
2013,Farmazeutikoa,,Gizona,Araba / Álava,10.000 biztanleko,6.5
2020,Farmazeutikoa,,Gizona,Araba / Álava,10.000 biztanleko,7.4
2012,Farmazeutikoa,,Gizona,Araba / Álava,10.000 biztanleko,6.4
2014,Farmazeutikoa,,Gizona,Araba / Álava,10.000 biztanleko,6.4
2011,Farmazeutikoa,,Gizona,Araba / Álava,10.000 biztanleko,5.9
2021,Farmazeutikoa,,Gizona,Araba / Álava,10.000 biztanleko,7.2
2022,Farmazeutikoa,,Gizona,Araba / Álava,10.000 biztanleko,6.8
2018,Farmazeutikoa,,Gizona,Araba / Álava,10.000 biztanleko,7.4
2024,Farmazeutikoa,,Gizona,Araba / Álava,10.000 biztanleko,6.6
2015,Farmazeutikoa,Erretiratuak,Gizona,Araba / Álava,10.000 biztanleko,0.4
2023,Farmazeutikoa,Erretiratuak,Gizona,Araba / Álava,10.000 biztanleko,0.4
2016,Farmazeutikoa,Erretiratuak,Gizona,Araba / Álava,10.000 biztanleko,0.4
2022,Farmazeutikoa,Erretiratuak,Gizona,Araba / Álava,10.000 biztanleko,0.4
2012,Farmazeutikoa,Erretiratuak,Gizona,Araba / Álava,10.000 biztanleko,0.4
2010,Farmazeutikoa,,Gizona,Araba / Álava,10.000 biztanleko,6.3
2022,Farmazeutikoa,Ez erretiratuak,Gizona,Araba / Álava,10.000 biztanleko,6.4
2012,Farmazeutikoa,Ez erretiratuak,Gizona,Araba / Álava,10.000 biztanleko,5.9
2010,Farmazeutikoa,Erretiratuak,Gizona,Araba / Álava,10.000 biztanleko,0.3
2023,Farmazeutikoa,Ez erretiratuak,Gizona,Araba / Álava,10.000 biztanleko,6.3
2021,Farmazeutikoa,Ez erretiratuak,Gizona,Araba / Álava,10.000 biztanleko,6.7
2020,Farmazeutikoa,Ez erretiratuak,Gizona,Araba / Álava,10.000 biztanleko,6.8
2013,Farmazeutikoa,Ez erretiratuak,Gizona,Araba / Álava,10.000 biztanleko,6.1
2019,Farmazeutikoa,Ez erretiratuak,Gizona,Araba / Álava,10.000 biztanleko,6.8
2017,Farmazeutikoa,Ez erretiratuak,Gizona,Araba / Álava,10.000 biztanleko,6.6
2011,Farmazeutikoa,Ez erretiratuak,Gizona,Araba / Álava,10.000 biztanleko,5.4
2014,Farmazeutikoa,Ez erretiratuak,Gizona,Araba / Álava,10.000 biztanleko,6.0
2018,Farmazeutikoa,Ez erretiratuak,Gizona,Araba / Álava,10.000 biztanleko,6.8
2015,Farmazeutikoa,Ez erretiratuak,Gizona,Araba / Álava,10.000 biztanleko,6.5
2024,Farmazeutikoa,Ez erretiratuak,Gizona,Araba / Álava,10.000 biztanleko,6.2
2010,Farmazeutikoa,Ez erretiratuak,Gizona,Araba / Álava,10.000 biztanleko,5.7
2016,Farmazeutikoa,Ez erretiratuak,Gizona,Araba / Álava,10.000 biztanleko,6.9
2017,Farmazeutikoa,,Gizona,Araba / Álava,10.000 biztanleko,7.2
2023,Farmazeutikoa,,Gizona,Araba / Álava,10.000 biztanleko,6.7
2010,Farmazeutikoa,Ez erretiratuak,Gizona,Bizkaia,10.000 biztanleko,4.7
2016,Farmazeutikoa,Ez erretiratuak,Gizona,Bizkaia,10.000 biztanleko,5.5
2015,Farmazeutikoa,Ez erretiratuak,Gizona,Bizkaia,10.000 biztanleko,5.4
2011,Farmazeutikoa,Ez erretiratuak,Gizona,Bizkaia,10.000 biztanleko,4.6
2014,Farmazeutikoa,Ez erretiratuak,Gizona,Bizkaia,10.000 biztanleko,5.2
2017,Farmazeutikoa,Ez erretiratuak,Gizona,Bizkaia,10.000 biztanleko,5.7
2012,Farmazeutikoa,Ez erretiratuak,Gizona,Bizkaia,10.000 biztanleko,4.9
2018,Farmazeutikoa,Ez erretiratuak,Gizona,Bizkaia,10.000 biztanleko,5.7
2013,Farmazeutikoa,Ez erretiratuak,Gizona,Bizkaia,10.000 biztanleko,5.1
2014,Farmazeutikoa,,Gizona,Bizkaia,10.000 biztanleko,6.1
2010,Farmazeutikoa,,Gizona,Bizkaia,10.000 biztanleko,5.5
2012,Farmazeutikoa,,Gizona,Bizkaia,10.000 biztanleko,5.8
2018,Farmazeutikoa,,Gizona,Bizkaia,10.000 biztanleko,6.5
2013,Farmazeutikoa,,Gizona,Bizkaia,10.000 biztanleko,6.0
2021,Farmazeutikoa,,Gizona,Bizkaia,10.000 biztanleko,6.7
2024,Farmazeutikoa,Erretiratuak,Gizona,Bizkaia,10.000 biztanleko,0.7
2013,Farmazeutikoa,Erretiratuak,Gizona,Bizkaia,10.000 biztanleko,0.8
2011,Farmazeutikoa,Erretiratuak,Gizona,Bizkaia,10.000 biztanleko,0.8
2021,Farmazeutikoa,Erretiratuak,Gizona,Bizkaia,10.000 biztanleko,0.7
2015,Farmazeutikoa,Erretiratuak,Gizona,Bizkaia,10.000 biztanleko,0.6
2019,Farmazeutikoa,Erretiratuak,Gizona,Bizkaia,10.000 biztanleko,0.7
2023,Farmazeutikoa,Erretiratuak,Gizona,Bizkaia,10.000 biztanleko,0.7
2015,Farmazeutikoa,,Gizona,Bizkaia,10.000 biztanleko,6.3
2022,Farmazeutikoa,,Gizona,Bizkaia,10.000 biztanleko,6.7
2016,Farmazeutikoa,,Gizona,Bizkaia,10.000 biztanleko,6.4
2017,Farmazeutikoa,,Gizona,Bizkaia,10.000 biztanleko,6.5
2023,Farmazeutikoa,,Gizona,Bizkaia,10.000 biztanleko,7.0
2024,Farmazeutikoa,,Gizona,Bizkaia,10.000 biztanleko,6.9
2019,Farmazeutikoa,,Gizona,Bizkaia,10.000 biztanleko,6.5
2011,Farmazeutikoa,,Gizona,Bizkaia,10.000 biztanleko,5.5
2024,Farmazeutikoa,Ez erretiratuak,Gizona,Bizkaia,10.000 biztanleko,6.2
2023,Farmazeutikoa,Ez erretiratuak,Gizona,Bizkaia,10.000 biztanleko,6.2
2021,Farmazeutikoa,Ez erretiratuak,Gizona,Bizkaia,10.000 biztanleko,6.0
2019,Farmazeutikoa,Ez erretiratuak,Gizona,Bizkaia,10.000 biztanleko,5.7
2020,Farmazeutikoa,Ez erretiratuak,Gizona,Bizkaia,10.000 biztanleko,5.8
2022,Farmazeutikoa,Ez erretiratuak,Gizona,Bizkaia,10.000 biztanleko,6.1
2020,Farmazeutikoa,,Gizona,Bizkaia,10.000 biztanleko,6.6
2018,Farmazeutikoa,Erretiratuak,Gizona,Bizkaia,10.000 biztanleko,0.7
2010,Farmazeutikoa,Erretiratuak,Gizona,Bizkaia,10.000 biztanleko,0.7
2016,Farmazeutikoa,Erretiratuak,Gizona,Bizkaia,10.000 biztanleko,0.7
2022,Farmazeutikoa,Erretiratuak,Gizona,Bizkaia,10.000 biztanleko,0.6
2020,Farmazeutikoa,Erretiratuak,Gizona,Bizkaia,10.000 biztanleko,0.7
2012,Farmazeutikoa,Erretiratuak,Gizona,Bizkaia,10.000 biztanleko,0.8
2017,Farmazeutikoa,Erretiratuak,Gizona,Bizkaia,10.000 biztanleko,0.7
2014,Farmazeutikoa,Erretiratuak,Gizona,Bizkaia,10.000 biztanleko,0.8
2019,Farmazeutikoa,Erretiratuak,Gizona,Gipuzkoa,10.000 biztanleko,1.0
2015,Farmazeutikoa,Erretiratuak,Gizona,Gipuzkoa,10.000 biztanleko,0.9
2023,Farmazeutikoa,Erretiratuak,Gizona,Gipuzkoa,10.000 biztanleko,1.3
2024,Farmazeutikoa,Ez erretiratuak,Gizona,Gipuzkoa,10.000 biztanleko,5.1
2010,Farmazeutikoa,Ez erretiratuak,Gizona,Gipuzkoa,10.000 biztanleko,4.5
2018,Farmazeutikoa,Ez erretiratuak,Gizona,Gipuzkoa,10.000 biztanleko,5.2
2014,Farmazeutikoa,Ez erretiratuak,Gizona,Gipuzkoa,10.000 biztanleko,5.0
2020,Farmazeutikoa,Ez erretiratuak,Gizona,Gipuzkoa,10.000 biztanleko,5.3
2013,Farmazeutikoa,Ez erretiratuak,Gizona,Gipuzkoa,10.000 biztanleko,4.9
2017,Farmazeutikoa,Ez erretiratuak,Gizona,Gipuzkoa,10.000 biztanleko,4.8
2011,Farmazeutikoa,Ez erretiratuak,Gizona,Gipuzkoa,10.000 biztanleko,4.6
2019,Farmazeutikoa,Ez erretiratuak,Gizona,Gipuzkoa,10.000 biztanleko,5.1
2015,Farmazeutikoa,Ez erretiratuak,Gizona,Gipuzkoa,10.000 biztanleko,4.7
2021,Farmazeutikoa,Ez erretiratuak,Gizona,Gipuzkoa,10.000 biztanleko,4.8
2016,Farmazeutikoa,Ez erretiratuak,Gizona,Gipuzkoa,10.000 biztanleko,4.9
2023,Farmazeutikoa,Ez erretiratuak,Gizona,Gipuzkoa,10.000 biztanleko,5.0
2021,Farmazeutikoa,,Gizona,Gipuzkoa,10.000 biztanleko,5.9
2019,Farmazeutikoa,,Gizona,Gipuzkoa,10.000 biztanleko,6.1
2013,Farmazeutikoa,,Gizona,Gipuzkoa,10.000 biztanleko,5.7
2012,Farmazeutikoa,Ez erretiratuak,Gizona,Gipuzkoa,10.000 biztanleko,4.9
2012,Farmazeutikoa,,Gizona,Gipuzkoa,10.000 biztanleko,5.7
2020,Farmazeutikoa,,Gizona,Gipuzkoa,10.000 biztanleko,6.4
2018,Farmazeutikoa,Erretiratuak,Gizona,Gipuzkoa,10.000 biztanleko,0.9
2022,Farmazeutikoa,Erretiratuak,Gizona,Gipuzkoa,10.000 biztanleko,1.2
2016,Farmazeutikoa,Erretiratuak,Gizona,Gipuzkoa,10.000 biztanleko,0.9
2021,Farmazeutikoa,Erretiratuak,Gizona,Gipuzkoa,10.000 biztanleko,1.1
2020,Farmazeutikoa,Erretiratuak,Gizona,Gipuzkoa,10.000 biztanleko,1.1
2010,Farmazeutikoa,Erretiratuak,Gizona,Gipuzkoa,10.000 biztanleko,0.8
2022,Farmazeutikoa,Ez erretiratuak,Gizona,Gipuzkoa,10.000 biztanleko,5.4
2022,Farmazeutikoa,,Gizona,Gipuzkoa,10.000 biztanleko,6.6
2017,Farmazeutikoa,,Gizona,Gipuzkoa,10.000 biztanleko,5.6
2011,Farmazeutikoa,,Gizona,Gipuzkoa,10.000 biztanleko,5.4
2023,Farmazeutikoa,,Gizona,Gipuzkoa,10.000 biztanleko,6.3
2016,Farmazeutikoa,,Gizona,Gipuzkoa,10.000 biztanleko,5.8
2024,Farmazeutikoa,,Gizona,Gipuzkoa,10.000 biztanleko,6.4
2010,Farmazeutikoa,,Gizona,Gipuzkoa,10.000 biztanleko,5.3
2018,Farmazeutikoa,,Gizona,Gipuzkoa,10.000 biztanleko,6.1
2015,Farmazeutikoa,,Gizona,Gipuzkoa,10.000 biztanleko,5.6
2014,Farmazeutikoa,,Gizona,Gipuzkoa,10.000 biztanleko,5.9
2024,Farmazeutikoa,Erretiratuak,Gizona,Gipuzkoa,10.000 biztanleko,1.4
2017,Farmazeutikoa,Erretiratuak,Gizona,Gipuzkoa,10.000 biztanleko,0.8
2014,Farmazeutikoa,Erretiratuak,Gizona,Gipuzkoa,10.000 biztanleko,0.9
2012,Farmazeutikoa,Erretiratuak,Gizona,Gipuzkoa,10.000 biztanleko,0.8
2011,Farmazeutikoa,Erretiratuak,Gizona,Gipuzkoa,10.000 biztanleko,0.8
2013,Farmazeutikoa,Erretiratuak,Gizona,Gipuzkoa,10.000 biztanleko,0.8
